"row_id","entity","target"
"1","IfcBeam","Stahlprofil blank"
"2","IfcBeam","Stahlprofil blank"
"3","IfcBeam","Stahlprofil blank"
"4","IfcBeam","Tiefbaubeton"
"4","IfcBeam","Betonfertigteil normalfest"
"4","IfcBeam","Betonfertigteil hochfest"
"5","IfcBeam","Betonfertigteil normalfest"
"5","IfcBeam","Betonfertigteil hochfest"
"6","IfcBeam","Tiefbaubeton"
"7","IfcBeam","Tiefbaubeton"
"8","IfcBeam","Betonfertigteil normalfest"
"8","IfcBeam","Betonfertigteil hochfest"
"9","IfcBeam","Tiefbaubeton"
"9","IfcBeam","Betonfertigteil normalfest"
"10","IfcBeam","Betonfertigteil normalfest"
"11","IfcBeam","Tiefbaubeton"
"12","IfcBeam","Tiefbaubeton"
"12","IfcBeam","Betonfertigteil normalfest"
"13","IfcBeam","Betonfertigteil normalfest"
"14","IfcBeam","Tiefbaubeton"
"15","IfcBeam","Tiefbaubeton"
"15","IfcBeam","Betonfertigteil normalfest"
"16","IfcBeam","Tiefbaubeton"
"17","IfcBeam","Betonfertigteil normalfest"
"18","IfcBeam","Tiefbaubeton"
"18","IfcBeam","Betonfertigteil hochfest"
"19","IfcBeam","Tiefbaubeton"
"20","IfcBeam","Betonfertigteil hochfest"
"21","IfcBeam","Tiefbaubeton"
"21","IfcBeam","Betonfertigteil hochfest"
"22","IfcBeam","Betonfertigteil hochfest"
"23","IfcBeam","Tiefbaubeton"
"24","IfcBeam","Tiefbaubeton"
"25","IfcBeam","Tiefbaubeton"
"26","IfcBeam","Tiefbaubeton"
"27","IfcBeam","Tiefbaubeton"
"28","IfcBeam","Tiefbaubeton"
"29","IfcBeam","Betonfertigteil normalfest"
"30","IfcBeam","Tiefbaubeton"
"31","IfcBeam","Betonfertigteil normalfest"
"32","IfcBeam","Tiefbaubeton"
"33","IfcBeam","Tiefbaubeton"
"34","IfcBeam","Betonfertigteil hochfest"
"35","IfcBeam","Tiefbaubeton"
"36","IfcBeam","Betonfertigteil normalfest"
"37","IfcBeam","Betonfertigteil hochfest"
"38","IfcBeam","Massivholz Buche Eiche kammergetrocknet gehobelt"
"38","IfcBeam","Massivholz Buche Eiche kammergetrocknet rau"
"38","IfcBeam","Massivholz Buche Eiche luftgetrocknet rau"
"39","IfcBeam","Massivholz Buche Eiche kammergetrocknet gehobelt"
"39","IfcBeam","Massivholz Buche Eiche kammergetrocknet rau"
"39","IfcBeam","Massivholz Buche Eiche luftgetrocknet rau"
"40","IfcBeam","Konstruktionsvollholz"
"40","IfcBeam","Massivholz Fichte Tanne Lärche kammergetrocknet gehobelt"
"40","IfcBeam","Massivholz Fichte Tanne Lärche luftgetrocknet gehobelt"
"40","IfcBeam","Massivholz Fichte Tanne Lärche luftgetrocknet rau"
"41","IfcBeam","Balkenschichtholz"
"41","IfcBeam","Brettschichtholz"
"41","IfcBeam","Brettsperrholz"
"41","IfcBeam","Konstruktionsvollholz"
"42","IfcBeam","Konstruktionsvollholz"
"42","IfcBeam","Massivholz Fichte Tanne Lärche kammergetrocknet gehobelt"
"42","IfcBeam","Massivholz Fichte Tanne Lärche luftgetrocknet gehobelt"
"42","IfcBeam","Massivholz Fichte Tanne Lärche luftgetrocknet rau"
"43","IfcBeam","Stahlprofil blank"
"44","IfcBeam","Stahlprofil blank"
"45","IfcBeam","Stahlprofil blank"
"46","IfcBeam","Stahlprofil blank"
"47","IfcBeam","Stahlprofil blank"
"48","IfcBeam","Stahlprofil blank"
"49","IfcBeam","Stahlprofil blank"
"50","IfcBeam","Stahlprofil blank"
"51","IfcBeam","Tiefbaubeton"
"51","IfcBeam","Betonfertigteil normalfest"
"51","IfcBeam","Betonfertigteil hochfest"
"52","IfcBeam","Betonfertigteil normalfest"
"52","IfcBeam","Betonfertigteil hochfest"
"53","IfcBeam","Tiefbaubeton"
"54","IfcBeam","Tiefbaubeton"
"55","IfcBeam","Betonfertigteil normalfest"
"55","IfcBeam","Betonfertigteil hochfest"
"56","IfcBeam","Tiefbaubeton"
"56","IfcBeam","Betonfertigteil normalfest"
"57","IfcBeam","Betonfertigteil normalfest"
"58","IfcBeam","Tiefbaubeton"
"59","IfcBeam","Tiefbaubeton"
"59","IfcBeam","Betonfertigteil normalfest"
"60","IfcBeam","Tiefbaubeton"
"61","IfcBeam","Betonfertigteil normalfest"
"62","IfcBeam","Tiefbaubeton"
"62","IfcBeam","Betonfertigteil normalfest"
"63","IfcBeam","Betonfertigteil normalfest"
"64","IfcBeam","Tiefbaubeton"
"65","IfcBeam","Tiefbaubeton"
"65","IfcBeam","Betonfertigteil hochfest"
"66","IfcBeam","Tiefbaubeton"
"67","IfcBeam","Betonfertigteil hochfest"
"68","IfcBeam","Tiefbaubeton"
"68","IfcBeam","Betonfertigteil hochfest"
"69","IfcBeam","Tiefbaubeton"
"70","IfcBeam","Betonfertigteil hochfest"
"71","IfcBeam","Tiefbaubeton"
"72","IfcBeam","Tiefbaubeton"
"73","IfcBeam","Tiefbaubeton"
"74","IfcBeam","Betonfertigteil normalfest"
"75","IfcBeam","Betonfertigteil normalfest"
"76","IfcBeam","Tiefbaubeton"
"77","IfcBeam","Betonfertigteil hochfest"
"78","IfcBeam","Tiefbaubeton"
"79","IfcBeam","Betonfertigteil normalfest"
"80","IfcBeam","Tiefbaubeton"
"81","IfcBeam","Tiefbaubeton"
"82","IfcBeam","Betonfertigteil hochfest"
"83","IfcBeam","Tiefbaubeton"
"84","IfcBeam","Tiefbaubeton"
"85","IfcBeam","Konstruktionsvollholz"
"85","IfcBeam","Massivholz Fichte Tanne Lärche kammergetrocknet gehobelt"
"85","IfcBeam","Massivholz Fichte Tanne Lärche luftgetrocknet gehobelt"
"85","IfcBeam","Massivholz Fichte Tanne Lärche luftgetrocknet rau"
"86","IfcBeam","Stahlprofil blank"
"87","IfcBeam","Stahlprofil blank"
"88","IfcBeam","Stahlprofil blank"
"89","IfcBeam","Tiefbaubeton"
"89","IfcBeam","Betonfertigteil normalfest"
"89","IfcBeam","Betonfertigteil hochfest"
"90","IfcBeam","Betonfertigteil normalfest"
"90","IfcBeam","Betonfertigteil hochfest"
"91","IfcBeam","Tiefbaubeton"
"92","IfcBeam","Tiefbaubeton"
"93","IfcBeam","Betonfertigteil normalfest"
"93","IfcBeam","Betonfertigteil hochfest"
"94","IfcBeam","Tiefbaubeton"
"94","IfcBeam","Betonfertigteil normalfest"
"95","IfcBeam","Tiefbaubeton"
"96","IfcBeam","Betonfertigteil normalfest"
"97","IfcBeam","Tiefbaubeton"
"97","IfcBeam","Betonfertigteil normalfest"
"98","IfcBeam","Betonfertigteil normalfest"
"99","IfcBeam","Tiefbaubeton"
"100","IfcBeam","Tiefbaubeton"
"100","IfcBeam","Betonfertigteil normalfest"
"101","IfcBeam","Betonfertigteil normalfest"
"102","IfcBeam","Tiefbaubeton"
"103","IfcBeam","Tiefbaubeton"
"103","IfcBeam","Betonfertigteil hochfest"
"104","IfcBeam","Betonfertigteil hochfest"
"105","IfcBeam","Tiefbaubeton"
"106","IfcBeam","Tiefbaubeton"
"106","IfcBeam","Betonfertigteil hochfest"
"107","IfcBeam","Betonfertigteil hochfest"
"108","IfcBeam","Tiefbaubeton"
"109","IfcBeam","Tiefbaubeton"
"110","IfcBeam","Betonfertigteil normalfest"
"111","IfcBeam","Tiefbaubeton"
"112","IfcBeam","Tiefbaubeton"
"113","IfcBeam","Tiefbaubeton"
"114","IfcBeam","Betonfertigteil normalfest"
"115","IfcBeam","Betonfertigteil hochfest"
"116","IfcBeam","Tiefbaubeton"
"117","IfcBeam","Betonfertigteil normalfest"
"118","IfcBeam","Tiefbaubeton"
"119","IfcBeam","Tiefbaubeton"
"120","IfcBeam","Betonfertigteil hochfest"
"121","IfcBeam","Tiefbaubeton"
"122","IfcBeam","Tiefbaubeton"
"123","IfcBeam","Massivholz Buche Eiche kammergetrocknet gehobelt"
"123","IfcBeam","Massivholz Buche Eiche kammergetrocknet rau"
"123","IfcBeam","Massivholz Buche Eiche luftgetrocknet rau"
"124","IfcBeam","Massivholz Buche Eiche kammergetrocknet gehobelt"
"124","IfcBeam","Massivholz Buche Eiche kammergetrocknet rau"
"124","IfcBeam","Massivholz Buche Eiche luftgetrocknet rau"
"125","IfcBeam","Konstruktionsvollholz"
"125","IfcBeam","Massivholz Fichte Tanne Lärche kammergetrocknet gehobelt"
"125","IfcBeam","Massivholz Fichte Tanne Lärche luftgetrocknet gehobelt"
"125","IfcBeam","Massivholz Fichte Tanne Lärche luftgetrocknet rau"
"126","IfcBeam","Balkenschichtholz"
"126","IfcBeam","Brettschichtholz"
"126","IfcBeam","Brettsperrholz"
"126","IfcBeam","Konstruktionsvollholz"
"127","IfcBeam","Konstruktionsvollholz"
"127","IfcBeam","Massivholz Fichte Tanne Lärche kammergetrocknet gehobelt"
"127","IfcBeam","Massivholz Fichte Tanne Lärche luftgetrocknet gehobelt"
"127","IfcBeam","Massivholz Fichte Tanne Lärche luftgetrocknet rau"
"128","IfcBeam","Stahlprofil blank"
"129","IfcBeam","Stahlprofil blank"
"130","IfcBeam","Stahlprofil blank"
"131","IfcBeam","Stahlprofil blank"
"132","IfcBeam","Stahlprofil blank"
"133","IfcBeam","Stahlprofil blank"
"134","IfcBeam","Stahlprofil blank"
"135","IfcBeam","Stahlprofil blank"
"136","IfcBeam","Tiefbaubeton"
"136","IfcBeam","Betonfertigteil normalfest"
"136","IfcBeam","Betonfertigteil hochfest"
"137","IfcBeam","Betonfertigteil normalfest"
"137","IfcBeam","Betonfertigteil hochfest"
"138","IfcBeam","Tiefbaubeton"
"139","IfcBeam","Tiefbaubeton"
"140","IfcBeam","Betonfertigteil normalfest"
"140","IfcBeam","Betonfertigteil hochfest"
"141","IfcBeam","Tiefbaubeton"
"141","IfcBeam","Betonfertigteil normalfest"
"142","IfcBeam","Tiefbaubeton"
"143","IfcBeam","Betonfertigteil normalfest"
"144","IfcBeam","Tiefbaubeton"
"144","IfcBeam","Betonfertigteil normalfest"
"145","IfcBeam","Betonfertigteil normalfest"
"146","IfcBeam","Tiefbaubeton"
"147","IfcBeam","Tiefbaubeton"
"147","IfcBeam","Betonfertigteil normalfest"
"148","IfcBeam","Tiefbaubeton"
"149","IfcBeam","Betonfertigteil normalfest"
"150","IfcBeam","Tiefbaubeton"
"150","IfcBeam","Betonfertigteil hochfest"
"151","IfcBeam","Betonfertigteil hochfest"
"152","IfcBeam","Tiefbaubeton"
"153","IfcBeam","Tiefbaubeton"
"153","IfcBeam","Betonfertigteil hochfest"
"154","IfcBeam","Betonfertigteil hochfest"
"155","IfcBeam","Tiefbaubeton"
"156","IfcBeam","Tiefbaubeton"
"157","IfcBeam","Tiefbaubeton"
"158","IfcBeam","Betonfertigteil normalfest"
"159","IfcBeam","Betonfertigteil normalfest"
"160","IfcBeam","Tiefbaubeton"
"161","IfcBeam","Tiefbaubeton"
"162","IfcBeam","Tiefbaubeton"
"163","IfcBeam","Betonfertigteil hochfest"
"164","IfcBeam","Tiefbaubeton"
"165","IfcBeam","Betonfertigteil normalfest"
"166","IfcBeam","Tiefbaubeton"
"167","IfcBeam","Betonfertigteil hochfest"
"168","IfcBeam","Tiefbaubeton"
"169","IfcBeam","Tiefbaubeton"
"170","IfcBeam","Konstruktionsvollholz"
"170","IfcBeam","Massivholz Fichte Tanne Lärche kammergetrocknet gehobelt"
"170","IfcBeam","Massivholz Fichte Tanne Lärche luftgetrocknet gehobelt"
"170","IfcBeam","Massivholz Fichte Tanne Lärche luftgetrocknet rau"
"171","IfcBeam","Tiefbaubeton"
"171","IfcBeam","Betonfertigteil normalfest"
"171","IfcBeam","Betonfertigteil hochfest"
"172","IfcBeam","Betonfertigteil normalfest"
"172","IfcBeam","Betonfertigteil hochfest"
"173","IfcBeam","Tiefbaubeton"
"174","IfcBeam","Tiefbaubeton"
"175","IfcBeam","Betonfertigteil normalfest"
"175","IfcBeam","Betonfertigteil hochfest"
"176","IfcBeam","Tiefbaubeton"
"176","IfcBeam","Betonfertigteil normalfest"
"177","IfcBeam","Betonfertigteil normalfest"
"178","IfcBeam","Tiefbaubeton"
"179","IfcBeam","Tiefbaubeton"
"179","IfcBeam","Betonfertigteil normalfest"
"180","IfcBeam","Tiefbaubeton"
"181","IfcBeam","Betonfertigteil normalfest"
"182","IfcBeam","Tiefbaubeton"
"182","IfcBeam","Betonfertigteil normalfest"
"183","IfcBeam","Tiefbaubeton"
"184","IfcBeam","Betonfertigteil normalfest"
"185","IfcBeam","Tiefbaubeton"
"185","IfcBeam","Betonfertigteil hochfest"
"186","IfcBeam","Tiefbaubeton"
"187","IfcBeam","Betonfertigteil hochfest"
"188","IfcBeam","Tiefbaubeton"
"188","IfcBeam","Betonfertigteil hochfest"
"189","IfcBeam","Tiefbaubeton"
"190","IfcBeam","Betonfertigteil hochfest"
"191","IfcBeam","Tiefbaubeton"
"192","IfcBeam","Tiefbaubeton"
"193","IfcBeam","Tiefbaubeton"
"194","IfcBeam","Betonfertigteil hochfest"
"195","IfcBeam","Tiefbaubeton"
"196","IfcBeam","Betonfertigteil normalfest"
"197","IfcBeam","Betonfertigteil normalfest"
"198","IfcBeam","Betonfertigteil hochfest"
"199","IfcBeam","Tiefbaubeton"
"200","IfcBeam","Tiefbaubeton"
"201","IfcBeam","Betonfertigteil normalfest"
"202","IfcBeam","Tiefbaubeton"
"203","IfcBeam","Tiefbaubeton"
"204","IfcBeam","Tiefbaubeton"
"204","IfcBeam","Betonfertigteil normalfest"
"204","IfcBeam","Betonfertigteil hochfest"
"205","IfcBeam","Betonfertigteil normalfest"
"205","IfcBeam","Betonfertigteil hochfest"
"206","IfcBeam","Tiefbaubeton"
"207","IfcBeam","Tiefbaubeton"
"208","IfcBeam","Betonfertigteil normalfest"
"208","IfcBeam","Betonfertigteil hochfest"
"209","IfcBeam","Tiefbaubeton"
"209","IfcBeam","Betonfertigteil normalfest"
"210","IfcBeam","Tiefbaubeton"
"211","IfcBeam","Betonfertigteil normalfest"
"212","IfcBeam","Tiefbaubeton"
"212","IfcBeam","Betonfertigteil normalfest"
"213","IfcBeam","Tiefbaubeton"
"214","IfcBeam","Betonfertigteil normalfest"
"215","IfcBeam","Tiefbaubeton"
"215","IfcBeam","Betonfertigteil normalfest"
"216","IfcBeam","Tiefbaubeton"
"217","IfcBeam","Betonfertigteil normalfest"
"218","IfcBeam","Tiefbaubeton"
"218","IfcBeam","Betonfertigteil hochfest"
"219","IfcBeam","Tiefbaubeton"
"220","IfcBeam","Betonfertigteil hochfest"
"221","IfcBeam","Tiefbaubeton"
"221","IfcBeam","Betonfertigteil hochfest"
"222","IfcBeam","Betonfertigteil hochfest"
"223","IfcBeam","Tiefbaubeton"
"224","IfcBeam","Tiefbaubeton"
"225","IfcBeam","Tiefbaubeton"
"226","IfcBeam","Tiefbaubeton"
"227","IfcBeam","Betonfertigteil normalfest"
"228","IfcBeam","Betonfertigteil normalfest"
"229","IfcBeam","Tiefbaubeton"
"230","IfcBeam","Betonfertigteil hochfest"
"231","IfcBeam","Tiefbaubeton"
"232","IfcBeam","Tiefbaubeton"
"233","IfcBeam","Betonfertigteil hochfest"
"234","IfcBeam","Tiefbaubeton"
"235","IfcBeam","Tiefbaubeton"
"236","IfcBeam","Tiefbaubeton"
"237","IfcBeam","Betonfertigteil normalfest"
"238","IfcBeam","Stahlprofil blank"
"239","IfcBeam","Stahlprofil blank"
"240","IfcBeam","Stahlprofil blank"
"241","IfcBeam","Tiefbaubeton"
"241","IfcBeam","Betonfertigteil normalfest"
"241","IfcBeam","Betonfertigteil hochfest"
"242","IfcBeam","Betonfertigteil normalfest"
"242","IfcBeam","Betonfertigteil hochfest"
"243","IfcBeam","Tiefbaubeton"
"244","IfcBeam","Tiefbaubeton"
"245","IfcBeam","Betonfertigteil normalfest"
"245","IfcBeam","Betonfertigteil hochfest"
"246","IfcBeam","Tiefbaubeton"
"246","IfcBeam","Betonfertigteil normalfest"
"247","IfcBeam","Tiefbaubeton"
"248","IfcBeam","Betonfertigteil normalfest"
"249","IfcBeam","Tiefbaubeton"
"249","IfcBeam","Betonfertigteil normalfest"
"250","IfcBeam","Tiefbaubeton"
"251","IfcBeam","Betonfertigteil normalfest"
"252","IfcBeam","Tiefbaubeton"
"252","IfcBeam","Betonfertigteil normalfest"
"253","IfcBeam","Betonfertigteil normalfest"
"254","IfcBeam","Tiefbaubeton"
"255","IfcBeam","Tiefbaubeton"
"255","IfcBeam","Betonfertigteil hochfest"
"256","IfcBeam","Tiefbaubeton"
"257","IfcBeam","Betonfertigteil hochfest"
"258","IfcBeam","Tiefbaubeton"
"258","IfcBeam","Betonfertigteil hochfest"
"259","IfcBeam","Betonfertigteil hochfest"
"260","IfcBeam","Tiefbaubeton"
"261","IfcBeam","Tiefbaubeton"
"262","IfcBeam","Tiefbaubeton"
"263","IfcBeam","Betonfertigteil hochfest"
"264","IfcBeam","Betonfertigteil hochfest"
"265","IfcBeam","Tiefbaubeton"
"266","IfcBeam","Tiefbaubeton"
"267","IfcBeam","Betonfertigteil normalfest"
"268","IfcBeam","Tiefbaubeton"
"269","IfcBeam","Tiefbaubeton"
"270","IfcBeam","Betonfertigteil normalfest"
"271","IfcBeam","Tiefbaubeton"
"272","IfcBeam","Tiefbaubeton"
"273","IfcBeam","Betonfertigteil normalfest"
"274","IfcBeam","Tiefbaubeton"
"275","IfcBeam","Stahlprofil blank"
"276","IfcBeam","Stahlprofil blank"
"277","IfcBeam","Stahlprofil blank"
"278","IfcBeam","Stahlprofil blank"
"279","IfcBeam","Stahlprofil blank"
"280","IfcBeam","Stahlprofil blank"
"281","IfcBeam","Stahlprofil blank"
"282","IfcBeam","Stahlprofil blank"
"283","IfcBeam","Tiefbaubeton"
"283","IfcBeam","Betonfertigteil normalfest"
"283","IfcBeam","Betonfertigteil hochfest"
"284","IfcBeam","Tiefbaubeton"
"285","IfcBeam","Tiefbaubeton"
"286","IfcBeam","Betonfertigteil normalfest"
"286","IfcBeam","Betonfertigteil hochfest"
"287","IfcBeam","Tiefbaubeton"
"287","IfcBeam","Betonfertigteil normalfest"
"288","IfcBeam","Tiefbaubeton"
"289","IfcBeam","Betonfertigteil normalfest"
"290","IfcBeam","Tiefbaubeton"
"290","IfcBeam","Betonfertigteil normalfest"
"291","IfcBeam","Tiefbaubeton"
"292","IfcBeam","Betonfertigteil normalfest"
"293","IfcBeam","Tiefbaubeton"
"293","IfcBeam","Betonfertigteil normalfest"
"294","IfcBeam","Tiefbaubeton"
"295","IfcBeam","Betonfertigteil normalfest"
"296","IfcBeam","Tiefbaubeton"
"296","IfcBeam","Betonfertigteil hochfest"
"297","IfcBeam","Tiefbaubeton"
"298","IfcBeam","Betonfertigteil hochfest"
"299","IfcBeam","Tiefbaubeton"
"299","IfcBeam","Betonfertigteil hochfest"
"300","IfcBeam","Tiefbaubeton"
"301","IfcBeam","Betonfertigteil hochfest"
"302","IfcBeam","Tiefbaubeton"
"303","IfcBeam","Tiefbaubeton"
"304","IfcBeam","Betonfertigteil hochfest"
"305","IfcBeam","Tiefbaubeton"
"306","IfcBeam","Betonfertigteil normalfest"
"307","IfcBeam","Betonfertigteil normalfest"
"308","IfcBeam","Tiefbaubeton"
"309","IfcBeam","Tiefbaubeton"
"310","IfcBeam","Tiefbaubeton"
"311","IfcBeam","Betonfertigteil normalfest"
"312","IfcBeam","Tiefbaubeton"
"313","IfcBeam","Tiefbaubeton"
"314","IfcBeam","Tiefbaubeton"
"315","IfcBeam","Betonfertigteil hochfest"
"316","IfcBeam","Tiefbaubeton"
"316","IfcBeam","Betonfertigteil normalfest"
"316","IfcBeam","Betonfertigteil hochfest"
"317","IfcBeam","Betonfertigteil normalfest"
"317","IfcBeam","Betonfertigteil hochfest"
"318","IfcBeam","Tiefbaubeton"
"319","IfcBeam","Tiefbaubeton"
"320","IfcBeam","Betonfertigteil normalfest"
"320","IfcBeam","Betonfertigteil hochfest"
"321","IfcBeam","Tiefbaubeton"
"321","IfcBeam","Betonfertigteil normalfest"
"322","IfcBeam","Tiefbaubeton"
"323","IfcBeam","Betonfertigteil normalfest"
"324","IfcBeam","Tiefbaubeton"
"324","IfcBeam","Betonfertigteil normalfest"
"325","IfcBeam","Betonfertigteil normalfest"
"326","IfcBeam","Tiefbaubeton"
"327","IfcBeam","Tiefbaubeton"
"327","IfcBeam","Betonfertigteil normalfest"
"328","IfcBeam","Betonfertigteil normalfest"
"329","IfcBeam","Tiefbaubeton"
"330","IfcBeam","Tiefbaubeton"
"330","IfcBeam","Betonfertigteil hochfest"
"331","IfcBeam","Tiefbaubeton"
"332","IfcBeam","Betonfertigteil hochfest"
"333","IfcBeam","Tiefbaubeton"
"333","IfcBeam","Betonfertigteil hochfest"
"334","IfcBeam","Betonfertigteil hochfest"
"335","IfcBeam","Tiefbaubeton"
"336","IfcBeam","Tiefbaubeton"
"337","IfcBeam","Tiefbaubeton"
"338","IfcBeam","Betonfertigteil normalfest"
"339","IfcBeam","Betonfertigteil hochfest"
"340","IfcBeam","Tiefbaubeton"
"341","IfcBeam","Betonfertigteil normalfest"
"342","IfcBeam","Betonfertigteil normalfest"
"343","IfcBeam","Tiefbaubeton"
"344","IfcBeam","Tiefbaubeton"
"345","IfcBeam","Tiefbaubeton"
"346","IfcBeam","Betonfertigteil hochfest"
"347","IfcBeam","Tiefbaubeton"
"348","IfcBeam","Tiefbaubeton"
"349","IfcBeam","Tiefbaubeton"
"350","IfcBeam","Tiefbaubeton"
"350","IfcBeam","Betonfertigteil normalfest"
"350","IfcBeam","Betonfertigteil hochfest"
"351","IfcBeam","Betonfertigteil normalfest"
"351","IfcBeam","Betonfertigteil hochfest"
"352","IfcBeam","Tiefbaubeton"
"353","IfcBeam","Tiefbaubeton"
"354","IfcBeam","Tiefbaubeton"
"354","IfcBeam","Betonfertigteil normalfest"
"355","IfcBeam","Betonfertigteil normalfest"
"356","IfcBeam","Tiefbaubeton"
"357","IfcBeam","Tiefbaubeton"
"357","IfcBeam","Betonfertigteil normalfest"
"358","IfcBeam","Betonfertigteil normalfest"
"359","IfcBeam","Tiefbaubeton"
"360","IfcBeam","Tiefbaubeton"
"360","IfcBeam","Betonfertigteil normalfest"
"361","IfcBeam","Betonfertigteil normalfest"
"362","IfcBeam","Tiefbaubeton"
"363","IfcBeam","Tiefbaubeton"
"363","IfcBeam","Betonfertigteil hochfest"
"364","IfcBeam","Betonfertigteil hochfest"
"365","IfcBeam","Tiefbaubeton"
"366","IfcBeam","Tiefbaubeton"
"366","IfcBeam","Betonfertigteil hochfest"
"367","IfcBeam","Betonfertigteil hochfest"
"368","IfcBeam","Tiefbaubeton"
"369","IfcBeam","Tiefbaubeton"
"370","IfcBeam","Betonfertigteil normalfest"
"371","IfcBeam","Tiefbaubeton"
"372","IfcBeam","Betonfertigteil hochfest"
"373","IfcBeam","Tiefbaubeton"
"374","IfcBeam","Betonfertigteil normalfest"
"375","IfcBeam","Tiefbaubeton"
"376","IfcBeam","Tiefbaubeton"
"377","IfcBeam","Betonfertigteil hochfest"
"378","IfcBeam","Tiefbaubeton"
"379","IfcBeam","Tiefbaubeton"
"380","IfcBeam","Betonfertigteil normalfest"
"381","IfcBeam","Tiefbaubeton"
"382","IfcBeam","Tiefbaubeton"
"383","IfcBeam","Stahlprofil blank"
"384","IfcBeam","Stahlprofil blank"
"385","IfcBeam","Stahlprofil blank"
"386","IfcBeam","Tiefbaubeton"
"386","IfcBeam","Betonfertigteil normalfest"
"386","IfcBeam","Betonfertigteil hochfest"
"387","IfcBeam","Betonfertigteil normalfest"
"387","IfcBeam","Betonfertigteil hochfest"
"388","IfcBeam","Tiefbaubeton"
"389","IfcBeam","Tiefbaubeton"
"390","IfcBeam","Betonfertigteil normalfest"
"390","IfcBeam","Betonfertigteil hochfest"
"391","IfcBeam","Tiefbaubeton"
"391","IfcBeam","Betonfertigteil normalfest"
"392","IfcBeam","Tiefbaubeton"
"393","IfcBeam","Betonfertigteil normalfest"
"394","IfcBeam","Tiefbaubeton"
"394","IfcBeam","Betonfertigteil normalfest"
"395","IfcBeam","Betonfertigteil normalfest"
"396","IfcBeam","Tiefbaubeton"
"397","IfcBeam","Tiefbaubeton"
"397","IfcBeam","Betonfertigteil normalfest"
"398","IfcBeam","Tiefbaubeton"
"399","IfcBeam","Betonfertigteil normalfest"
"400","IfcBeam","Tiefbaubeton"
"400","IfcBeam","Betonfertigteil hochfest"
"401","IfcBeam","Betonfertigteil hochfest"
"402","IfcBeam","Tiefbaubeton"
"403","IfcBeam","Tiefbaubeton"
"403","IfcBeam","Betonfertigteil hochfest"
"404","IfcBeam","Tiefbaubeton"
"405","IfcBeam","Betonfertigteil hochfest"
"406","IfcBeam","Tiefbaubeton"
"407","IfcBeam","Tiefbaubeton"
"408","IfcBeam","Tiefbaubeton"
"409","IfcBeam","Tiefbaubeton"
"410","IfcBeam","Betonfertigteil hochfest"
"411","IfcBeam","Betonfertigteil hochfest"
"412","IfcBeam","Tiefbaubeton"
"413","IfcBeam","Betonfertigteil normalfest"
"414","IfcBeam","Tiefbaubeton"
"415","IfcBeam","Tiefbaubeton"
"416","IfcBeam","Tiefbaubeton"
"417","IfcBeam","Betonfertigteil normalfest"
"418","IfcBeam","Betonfertigteil normalfest"
"419","IfcBeam","Tiefbaubeton"
"420","IfcBeam","Stahlprofil blank"
"421","IfcBeam","Stahlprofil blank"
"422","IfcBeam","Stahlprofil blank"
"423","IfcBeam","Stahlprofil blank"
"424","IfcBeam","Stahlprofil blank"
"425","IfcBeam","Stahlprofil blank"
"426","IfcBeam","Stahlprofil blank"
"427","IfcBeam","Stahlprofil blank"
"428","IfcBeam","Tiefbaubeton"
"428","IfcBeam","Betonfertigteil normalfest"
"428","IfcBeam","Betonfertigteil hochfest"
"429","IfcBeam","Betonfertigteil normalfest"
"429","IfcBeam","Betonfertigteil hochfest"
"430","IfcBeam","Tiefbaubeton"
"431","IfcBeam","Tiefbaubeton"
"432","IfcBeam","Betonfertigteil normalfest"
"432","IfcBeam","Betonfertigteil hochfest"
"433","IfcBeam","Tiefbaubeton"
"433","IfcBeam","Betonfertigteil normalfest"
"434","IfcBeam","Betonfertigteil normalfest"
"435","IfcBeam","Tiefbaubeton"
"436","IfcBeam","Tiefbaubeton"
"436","IfcBeam","Betonfertigteil normalfest"
"437","IfcBeam","Tiefbaubeton"
"438","IfcBeam","Betonfertigteil normalfest"
"439","IfcBeam","Tiefbaubeton"
"439","IfcBeam","Betonfertigteil normalfest"
"440","IfcBeam","Betonfertigteil normalfest"
"441","IfcBeam","Tiefbaubeton"
"442","IfcBeam","Tiefbaubeton"
"442","IfcBeam","Betonfertigteil hochfest"
"443","IfcBeam","Tiefbaubeton"
"444","IfcBeam","Betonfertigteil hochfest"
"445","IfcBeam","Tiefbaubeton"
"445","IfcBeam","Betonfertigteil hochfest"
"446","IfcBeam","Tiefbaubeton"
"447","IfcBeam","Betonfertigteil hochfest"
"448","IfcBeam","Tiefbaubeton"
"449","IfcBeam","Betonfertigteil normalfest"
"450","IfcBeam","Tiefbaubeton"
"451","IfcBeam","Betonfertigteil normalfest"
"452","IfcBeam","Betonfertigteil normalfest"
"453","IfcBeam","Betonfertigteil hochfest"
"454","IfcBeam","Tiefbaubeton"
"455","IfcBeam","Tiefbaubeton"
"456","IfcBeam","Tiefbaubeton"
"457","IfcBeam","Tiefbaubeton"
"458","IfcBeam","Tiefbaubeton"
"459","IfcBeam","Tiefbaubeton"
"460","IfcBeam","Betonfertigteil hochfest"
"461","IfcBeam","Tiefbaubeton"
"461","IfcBeam","Betonfertigteil normalfest"
"461","IfcBeam","Betonfertigteil hochfest"
"462","IfcBeam","Betonfertigteil normalfest"
"462","IfcBeam","Betonfertigteil hochfest"
"463","IfcBeam","Tiefbaubeton"
"464","IfcBeam","Tiefbaubeton"
"465","IfcBeam","Betonfertigteil normalfest"
"465","IfcBeam","Betonfertigteil hochfest"
"466","IfcBeam","Tiefbaubeton"
"466","IfcBeam","Betonfertigteil normalfest"
"467","IfcBeam","Betonfertigteil normalfest"
"468","IfcBeam","Tiefbaubeton"
"469","IfcBeam","Tiefbaubeton"
"469","IfcBeam","Betonfertigteil normalfest"
"470","IfcBeam","Betonfertigteil normalfest"
"471","IfcBeam","Tiefbaubeton"
"472","IfcBeam","Tiefbaubeton"
"472","IfcBeam","Betonfertigteil normalfest"
"473","IfcBeam","Tiefbaubeton"
"474","IfcBeam","Betonfertigteil normalfest"
"475","IfcBeam","Tiefbaubeton"
"475","IfcBeam","Betonfertigteil hochfest"
"476","IfcBeam","Betonfertigteil hochfest"
"477","IfcBeam","Tiefbaubeton"
"478","IfcBeam","Tiefbaubeton"
"478","IfcBeam","Betonfertigteil hochfest"
"479","IfcBeam","Betonfertigteil hochfest"
"480","IfcBeam","Tiefbaubeton"
"481","IfcBeam","Tiefbaubeton"
"482","IfcBeam","Betonfertigteil normalfest"
"483","IfcBeam","Betonfertigteil hochfest"
"484","IfcBeam","Tiefbaubeton"
"485","IfcBeam","Tiefbaubeton"
"486","IfcBeam","Tiefbaubeton"
"487","IfcBeam","Tiefbaubeton"
"488","IfcBeam","Tiefbaubeton"
"489","IfcBeam","Betonfertigteil normalfest"
"490","IfcBeam","Tiefbaubeton"
"491","IfcBeam","Betonfertigteil normalfest"
"492","IfcBeam","Tiefbaubeton"
"493","IfcBeam","Tiefbaubeton"
"494","IfcBeam","Betonfertigteil hochfest"
"495","IfcBeam","Tiefbaubeton"
"495","IfcBeam","Betonfertigteil normalfest"
"495","IfcBeam","Betonfertigteil hochfest"
"496","IfcBeam","Betonfertigteil normalfest"
"496","IfcBeam","Betonfertigteil hochfest"
"497","IfcBeam","Tiefbaubeton"
"498","IfcBeam","Tiefbaubeton"
"499","IfcBeam","Betonfertigteil normalfest"
"499","IfcBeam","Betonfertigteil hochfest"
"500","IfcBeam","Tiefbaubeton"
"500","IfcBeam","Betonfertigteil normalfest"
"501","IfcBeam","Betonfertigteil normalfest"
"502","IfcBeam","Tiefbaubeton"
"503","IfcBeam","Tiefbaubeton"
"503","IfcBeam","Betonfertigteil normalfest"
"504","IfcBeam","Tiefbaubeton"
"505","IfcBeam","Betonfertigteil normalfest"
"506","IfcBeam","Tiefbaubeton"
"506","IfcBeam","Betonfertigteil normalfest"
"507","IfcBeam","Tiefbaubeton"
"508","IfcBeam","Betonfertigteil normalfest"
"509","IfcBeam","Tiefbaubeton"
"509","IfcBeam","Betonfertigteil hochfest"
"510","IfcBeam","Betonfertigteil hochfest"
"511","IfcBeam","Tiefbaubeton"
"512","IfcBeam","Tiefbaubeton"
"512","IfcBeam","Betonfertigteil hochfest"
"513","IfcBeam","Betonfertigteil hochfest"
"514","IfcBeam","Tiefbaubeton"
"515","IfcBeam","Tiefbaubeton"
"516","IfcBeam","Betonfertigteil normalfest"
"517","IfcBeam","Tiefbaubeton"
"518","IfcBeam","Tiefbaubeton"
"519","IfcBeam","Betonfertigteil hochfest"
"520","IfcBeam","Tiefbaubeton"
"521","IfcBeam","Betonfertigteil normalfest"
"522","IfcBeam","Betonfertigteil normalfest"
"523","IfcBeam","Tiefbaubeton"
"524","IfcBeam","Tiefbaubeton"
"525","IfcBeam","Tiefbaubeton"
"526","IfcBeam","Tiefbaubeton"
"527","IfcBeam","Tiefbaubeton"
"528","IfcBeam","Betonfertigteil hochfest"
"529","IfcBeam","Tiefbaubeton"
"529","IfcBeam","Betonfertigteil normalfest"
"529","IfcBeam","Betonfertigteil hochfest"
"530","IfcBeam","Betonfertigteil normalfest"
"530","IfcBeam","Betonfertigteil hochfest"
"531","IfcBeam","Tiefbaubeton"
"532","IfcBeam","Tiefbaubeton"
"533","IfcBeam","Betonfertigteil normalfest"
"533","IfcBeam","Betonfertigteil hochfest"
"534","IfcBeam","Tiefbaubeton"
"534","IfcBeam","Betonfertigteil normalfest"
"535","IfcBeam","Tiefbaubeton"
"536","IfcBeam","Betonfertigteil normalfest"
"537","IfcBeam","Tiefbaubeton"
"537","IfcBeam","Betonfertigteil normalfest"
"538","IfcBeam","Betonfertigteil normalfest"
"539","IfcBeam","Tiefbaubeton"
"540","IfcBeam","Tiefbaubeton"
"540","IfcBeam","Betonfertigteil normalfest"
"541","IfcBeam","Tiefbaubeton"
"542","IfcBeam","Betonfertigteil normalfest"
"543","IfcBeam","Tiefbaubeton"
"543","IfcBeam","Betonfertigteil hochfest"
"544","IfcBeam","Tiefbaubeton"
"545","IfcBeam","Betonfertigteil hochfest"
"546","IfcBeam","Tiefbaubeton"
"546","IfcBeam","Betonfertigteil hochfest"
"547","IfcBeam","Betonfertigteil hochfest"
"548","IfcBeam","Tiefbaubeton"
"549","IfcBeam","Tiefbaubeton"
"550","IfcBeam","Tiefbaubeton"
"551","IfcBeam","Betonfertigteil normalfest"
"552","IfcBeam","Betonfertigteil normalfest"
"553","IfcBeam","Tiefbaubeton"
"554","IfcBeam","Betonfertigteil hochfest"
"555","IfcBeam","Betonfertigteil hochfest"
"556","IfcBeam","Tiefbaubeton"
"557","IfcBeam","Tiefbaubeton"
"558","IfcBeam","Betonfertigteil normalfest"
"559","IfcBeam","Tiefbaubeton"
"560","IfcBeam","Tiefbaubeton"
"561","IfcBeam","Tiefbaubeton"
"561","IfcBeam","Betonfertigteil normalfest"
"561","IfcBeam","Betonfertigteil hochfest"
"562","IfcBeam","Betonfertigteil normalfest"
"562","IfcBeam","Betonfertigteil hochfest"
"563","IfcBeam","Tiefbaubeton"
"564","IfcBeam","Tiefbaubeton"
"565","IfcBeam","Betonfertigteil normalfest"
"565","IfcBeam","Betonfertigteil hochfest"
"566","IfcBeam","Tiefbaubeton"
"566","IfcBeam","Betonfertigteil normalfest"
"567","IfcBeam","Betonfertigteil normalfest"
"568","IfcBeam","Tiefbaubeton"
"569","IfcBeam","Tiefbaubeton"
"569","IfcBeam","Betonfertigteil normalfest"
"570","IfcBeam","Betonfertigteil normalfest"
"571","IfcBeam","Tiefbaubeton"
"572","IfcBeam","Tiefbaubeton"
"572","IfcBeam","Betonfertigteil normalfest"
"573","IfcBeam","Tiefbaubeton"
"574","IfcBeam","Betonfertigteil normalfest"
"575","IfcBeam","Tiefbaubeton"
"575","IfcBeam","Betonfertigteil hochfest"
"576","IfcBeam","Tiefbaubeton"
"577","IfcBeam","Betonfertigteil hochfest"
"578","IfcBeam","Tiefbaubeton"
"578","IfcBeam","Betonfertigteil hochfest"
"579","IfcBeam","Tiefbaubeton"
"580","IfcBeam","Betonfertigteil hochfest"
"581","IfcBeam","Tiefbaubeton"
"582","IfcBeam","Betonfertigteil normalfest"
"583","IfcBeam","Tiefbaubeton"
"584","IfcBeam","Tiefbaubeton"
"585","IfcBeam","Tiefbaubeton"
"586","IfcBeam","Tiefbaubeton"
"587","IfcBeam","Betonfertigteil hochfest"
"588","IfcBeam","Tiefbaubeton"
"589","IfcBeam","Tiefbaubeton"
"590","IfcBeam","Tiefbaubeton"
"591","IfcBeam","Betonfertigteil normalfest"
"592","IfcBeam","Tiefbaubeton"
"593","IfcBeam","Betonfertigteil normalfest"
"594","IfcBeam","Betonfertigteil hochfest"
"595","IfcBeam","Stahlprofil blank"
"596","IfcBeam","Stahlprofil blank"
"597","IfcBeam","Stahlprofil blank"
"598","IfcBeam","Massivholz Buche Eiche kammergetrocknet gehobelt"
"598","IfcBeam","Massivholz Buche Eiche kammergetrocknet rau"
"598","IfcBeam","Massivholz Buche Eiche luftgetrocknet rau"
"599","IfcBeam","Massivholz Buche Eiche kammergetrocknet gehobelt"
"599","IfcBeam","Massivholz Buche Eiche kammergetrocknet rau"
"599","IfcBeam","Massivholz Buche Eiche luftgetrocknet rau"
"600","IfcBeam","Konstruktionsvollholz"
"600","IfcBeam","Massivholz Fichte Tanne Lärche kammergetrocknet gehobelt"
"600","IfcBeam","Massivholz Fichte Tanne Lärche luftgetrocknet gehobelt"
"600","IfcBeam","Massivholz Fichte Tanne Lärche luftgetrocknet rau"
"601","IfcBeam","Balkenschichtholz"
"601","IfcBeam","Brettschichtholz"
"601","IfcBeam","Brettsperrholz"
"601","IfcBeam","Konstruktionsvollholz"
"602","IfcBeam","Konstruktionsvollholz"
"602","IfcBeam","Massivholz Fichte Tanne Lärche kammergetrocknet gehobelt"
"602","IfcBeam","Massivholz Fichte Tanne Lärche luftgetrocknet gehobelt"
"602","IfcBeam","Massivholz Fichte Tanne Lärche luftgetrocknet rau"
"603","IfcBeam","Stahlprofil blank"
"604","IfcBeam","Stahlprofil blank"
"605","IfcBeam","Stahlprofil blank"
"606","IfcBeam","Stahlprofil blank"
"607","IfcBeam","Stahlprofil blank"
"608","IfcBeam","Stahlprofil blank"
"609","IfcBeam","Stahlprofil blank"
"610","IfcBeam","Stahlprofil blank"
"611","IfcBeam","Konstruktionsvollholz"
"611","IfcBeam","Massivholz Fichte Tanne Lärche kammergetrocknet gehobelt"
"611","IfcBeam","Massivholz Fichte Tanne Lärche luftgetrocknet gehobelt"
"611","IfcBeam","Massivholz Fichte Tanne Lärche luftgetrocknet rau"
"612","IfcBeam","Tiefbaubeton"
"612","IfcBeam","Betonfertigteil normalfest"
"612","IfcBeam","Betonfertigteil hochfest"
"613","IfcBeam","Betonfertigteil normalfest"
"613","IfcBeam","Betonfertigteil hochfest"
"614","IfcBeam","Tiefbaubeton"
"615","IfcBeam","Betonfertigteil normalfest"
"615","IfcBeam","Betonfertigteil hochfest"
"616","IfcBeam","Tiefbaubeton"
"616","IfcBeam","Betonfertigteil normalfest"
"617","IfcBeam","Tiefbaubeton"
"618","IfcBeam","Betonfertigteil normalfest"
"619","IfcBeam","Tiefbaubeton"
"619","IfcBeam","Betonfertigteil normalfest"
"620","IfcBeam","Tiefbaubeton"
"621","IfcBeam","Betonfertigteil normalfest"
"622","IfcBeam","Tiefbaubeton"
"622","IfcBeam","Betonfertigteil normalfest"
"623","IfcBeam","Betonfertigteil normalfest"
"624","IfcBeam","Tiefbaubeton"
"625","IfcBeam","Tiefbaubeton"
"625","IfcBeam","Betonfertigteil hochfest"
"626","IfcBeam","Betonfertigteil hochfest"
"627","IfcBeam","Tiefbaubeton"
"628","IfcBeam","Tiefbaubeton"
"628","IfcBeam","Betonfertigteil hochfest"
"629","IfcBeam","Tiefbaubeton"
"630","IfcBeam","Betonfertigteil hochfest"
"631","IfcBeam","Tiefbaubeton"
"632","IfcBeam","Tiefbaubeton"
"633","IfcBeam","Betonfertigteil normalfest"
"634","IfcBeam","Betonfertigteil hochfest"
"635","IfcBeam","Tiefbaubeton"
"636","IfcBeam","Betonfertigteil normalfest"
"637","IfcBeam","Tiefbaubeton"
"638","IfcBeam","Tiefbaubeton"
"639","IfcBeam","Tiefbaubeton"
"640","IfcBeam","Tiefbaubeton"
"641","IfcBeam","Tiefbaubeton"
"642","IfcBeam","Betonfertigteil hochfest"
"643","IfcBeam","Tiefbaubeton"
"644","IfcBeam","Betonfertigteil normalfest"
"645","IfcBeam","Tiefbaubeton"
"645","IfcBeam","Betonfertigteil normalfest"
"645","IfcBeam","Betonfertigteil hochfest"
"646","IfcBeam","Betonfertigteil normalfest"
"646","IfcBeam","Betonfertigteil hochfest"
"647","IfcBeam","Tiefbaubeton"
"648","IfcBeam","Tiefbaubeton"
"649","IfcBeam","Betonfertigteil normalfest"
"649","IfcBeam","Betonfertigteil hochfest"
"650","IfcBeam","Tiefbaubeton"
"650","IfcBeam","Betonfertigteil normalfest"
"651","IfcBeam","Betonfertigteil normalfest"
"652","IfcBeam","Tiefbaubeton"
"653","IfcBeam","Tiefbaubeton"
"653","IfcBeam","Betonfertigteil normalfest"
"654","IfcBeam","Tiefbaubeton"
"655","IfcBeam","Betonfertigteil normalfest"
"656","IfcBeam","Tiefbaubeton"
"656","IfcBeam","Betonfertigteil normalfest"
"657","IfcBeam","Betonfertigteil normalfest"
"658","IfcBeam","Tiefbaubeton"
"659","IfcBeam","Tiefbaubeton"
"659","IfcBeam","Betonfertigteil hochfest"
"660","IfcBeam","Betonfertigteil hochfest"
"661","IfcBeam","Tiefbaubeton"
"662","IfcBeam","Tiefbaubeton"
"662","IfcBeam","Betonfertigteil hochfest"
"663","IfcBeam","Betonfertigteil hochfest"
"664","IfcBeam","Tiefbaubeton"
"665","IfcBeam","Tiefbaubeton"
"666","IfcBeam","Tiefbaubeton"
"667","IfcBeam","Betonfertigteil normalfest"
"668","IfcBeam","Betonfertigteil hochfest"
"669","IfcBeam","Tiefbaubeton"
"670","IfcBeam","Betonfertigteil normalfest"
"671","IfcBeam","Tiefbaubeton"
"672","IfcBeam","Tiefbaubeton"
"673","IfcBeam","Tiefbaubeton"
"674","IfcBeam","Tiefbaubeton"
"675","IfcBeam","Tiefbaubeton"
"676","IfcBeam","Tiefbaubeton"
"677","IfcBeam","Betonfertigteil normalfest"
"678","IfcBeam","Betonfertigteil hochfest"
"679","IfcBeam","Tiefbaubeton"
"679","IfcBeam","Betonfertigteil normalfest"
"679","IfcBeam","Betonfertigteil hochfest"
"680","IfcBeam","Betonfertigteil normalfest"
"680","IfcBeam","Betonfertigteil hochfest"
"681","IfcBeam","Tiefbaubeton"
"682","IfcBeam","Tiefbaubeton"
"683","IfcBeam","Betonfertigteil normalfest"
"683","IfcBeam","Betonfertigteil hochfest"
"684","IfcBeam","Tiefbaubeton"
"684","IfcBeam","Betonfertigteil normalfest"
"685","IfcBeam","Betonfertigteil normalfest"
"686","IfcBeam","Tiefbaubeton"
"687","IfcBeam","Tiefbaubeton"
"687","IfcBeam","Betonfertigteil normalfest"
"688","IfcBeam","Betonfertigteil normalfest"
"689","IfcBeam","Tiefbaubeton"
"690","IfcBeam","Tiefbaubeton"
"690","IfcBeam","Betonfertigteil normalfest"
"691","IfcBeam","Betonfertigteil normalfest"
"692","IfcBeam","Tiefbaubeton"
"693","IfcBeam","Tiefbaubeton"
"693","IfcBeam","Betonfertigteil hochfest"
"694","IfcBeam","Tiefbaubeton"
"695","IfcBeam","Betonfertigteil hochfest"
"696","IfcBeam","Tiefbaubeton"
"696","IfcBeam","Betonfertigteil hochfest"
"697","IfcBeam","Betonfertigteil hochfest"
"698","IfcBeam","Tiefbaubeton"
"699","IfcBeam","Tiefbaubeton"
"700","IfcBeam","Tiefbaubeton"
"701","IfcBeam","Tiefbaubeton"
"702","IfcBeam","Betonfertigteil normalfest"
"703","IfcBeam","Tiefbaubeton"
"704","IfcBeam","Betonfertigteil normalfest"
"705","IfcBeam","Tiefbaubeton"
"706","IfcBeam","Tiefbaubeton"
"707","IfcBeam","Tiefbaubeton"
"708","IfcBeam","Betonfertigteil normalfest"
"709","IfcBeam","Betonfertigteil hochfest"
"710","IfcBeam","Betonfertigteil hochfest"
"711","IfcBeam","Tiefbaubeton"
"712","IfcBeam","Tiefbaubeton"
"712","IfcBeam","Betonfertigteil normalfest"
"712","IfcBeam","Betonfertigteil hochfest"
"713","IfcBeam","Betonfertigteil normalfest"
"713","IfcBeam","Betonfertigteil hochfest"
"714","IfcBeam","Tiefbaubeton"
"715","IfcBeam","Tiefbaubeton"
"716","IfcBeam","Betonfertigteil normalfest"
"716","IfcBeam","Betonfertigteil hochfest"
"717","IfcBeam","Tiefbaubeton"
"717","IfcBeam","Betonfertigteil normalfest"
"718","IfcBeam","Tiefbaubeton"
"719","IfcBeam","Betonfertigteil normalfest"
"720","IfcBeam","Tiefbaubeton"
"720","IfcBeam","Betonfertigteil normalfest"
"721","IfcBeam","Betonfertigteil normalfest"
"722","IfcBeam","Tiefbaubeton"
"723","IfcBeam","Tiefbaubeton"
"723","IfcBeam","Betonfertigteil normalfest"
"724","IfcBeam","Betonfertigteil normalfest"
"725","IfcBeam","Tiefbaubeton"
"726","IfcBeam","Tiefbaubeton"
"726","IfcBeam","Betonfertigteil hochfest"
"727","IfcBeam","Tiefbaubeton"
"728","IfcBeam","Betonfertigteil hochfest"
"729","IfcBeam","Tiefbaubeton"
"729","IfcBeam","Betonfertigteil hochfest"
"730","IfcBeam","Tiefbaubeton"
"731","IfcBeam","Betonfertigteil hochfest"
"732","IfcBeam","Tiefbaubeton"
"733","IfcBeam","Betonfertigteil normalfest"
"734","IfcBeam","Tiefbaubeton"
"735","IfcBeam","Tiefbaubeton"
"736","IfcBeam","Tiefbaubeton"
"737","IfcBeam","Tiefbaubeton"
"738","IfcBeam","Tiefbaubeton"
"739","IfcBeam","Tiefbaubeton"
"740","IfcBeam","Tiefbaubeton"
"741","IfcBeam","Betonfertigteil normalfest"
"742","IfcBeam","Tiefbaubeton"
"743","IfcBeam","Betonfertigteil normalfest"
"744","IfcBeam","Betonfertigteil hochfest"
"745","IfcBeam","Betonfertigteil hochfest"
"746","IfcBearing","Stahlblech verzinkt"
"747","IfcBearing","Stahlblech verzinkt"
"748","IfcBearing","Stahlblech verzinkt"
"749","IfcBearing","Polyurethan PUR PIR"
"749","IfcBearing","Kautschukdichtungsmasse"
"749","IfcBearing","Dichtungsbahn Gummi EPDM"
"750","IfcBearing","Polyurethan PUR PIR"
"750","IfcBearing","Kautschukdichtungsmasse"
"750","IfcBearing","Dichtungsbahn Gummi EPDM"
"751","IfcBearing","Stahlblech verzinkt"
"752","IfcBearing","Stahlblech verzinkt"
"753","IfcBearing","Stahlblech verzinkt"
"754","IfcBearing","Stahlblech verzinkt"
"755","IfcBearing","Stahlblech verzinkt"
"756","IfcBearing","Stahlblech verzinkt"
"757","IfcBearing","Stahlblech verzinkt"
"758","IfcBearing","Stahlblech verzinkt"
"759","IfcBearing","Stahlblech verzinkt"
"760","IfcBearing","Stahlblech verzinkt"
"761","IfcBearing","Stahlblech verzinkt"
"762","IfcBearing","Stahlblech verzinkt"
"763","IfcBearing","Stahlblech verzinkt"
"764","IfcBearing","Stahlblech verzinkt"
"765","IfcBearing","Stahlblech verzinkt"
"766","IfcBearing","Stahlblech verzinkt"
"767","IfcBearing","Stahlblech verzinkt"
"768","IfcBearing","Stahlblech verzinkt"
"769","IfcBearing","Stahlblech verzinkt"
"770","IfcBearing","Stahlblech verzinkt"
"771","IfcBearing","Stahlblech verzinkt"
"772","IfcBearing","Stahlblech verzinkt"
"773","IfcBearing","Polyurethan PUR PIR"
"773","IfcBearing","Kautschukdichtungsmasse"
"773","IfcBearing","Dichtungsbahn Gummi EPDM"
"774","IfcBearing","Polyurethan PUR PIR"
"774","IfcBearing","Kautschukdichtungsmasse"
"774","IfcBearing","Dichtungsbahn Gummi EPDM"
"775","IfcBearing","Stahlblech verzinkt"
"776","IfcBearing","Stahlblech verzinkt"
"777","IfcBearing","Stahlblech verzinkt"
"778","IfcBearing","Stahlblech verzinkt"
"779","IfcBearing","Stahlblech verzinkt"
"780","IfcBearing","Stahlblech verzinkt"
"781","IfcBearing","Stahlblech verzinkt"
"782","IfcBearing","Stahlblech verzinkt"
"783","IfcBearing","Polyurethan PUR PIR"
"783","IfcBearing","Kautschukdichtungsmasse"
"783","IfcBearing","Dichtungsbahn Gummi EPDM"
"784","IfcBearing","Polyurethan PUR PIR"
"784","IfcBearing","Kautschukdichtungsmasse"
"784","IfcBearing","Dichtungsbahn Gummi EPDM"
"785","IfcBearing","Stahlblech verzinkt"
"786","IfcBearing","Stahlblech verzinkt"
"787","IfcBearing","Stahlblech verzinkt"
"788","IfcBearing","Polyurethan PUR PIR"
"788","IfcBearing","Kautschukdichtungsmasse"
"788","IfcBearing","Dichtungsbahn Gummi EPDM"
"789","IfcBearing","Polyurethan PUR PIR"
"789","IfcBearing","Kautschukdichtungsmasse"
"789","IfcBearing","Dichtungsbahn Gummi EPDM"
"790","IfcBearing","Stahlblech verzinkt"
"791","IfcBearing","Stahlblech verzinkt"
"792","IfcBearing","Stahlblech verzinkt"
"793","IfcBearing","Stahlblech verzinkt"
"794","IfcBearing","Stahlblech verzinkt"
"795","IfcBearing","Stahlblech verzinkt"
"796","IfcBearing","Stahlblech verzinkt"
"797","IfcBearing","Stahlblech verzinkt"
"798","IfcBearing","Polyurethan PUR PIR"
"798","IfcBearing","Kautschukdichtungsmasse"
"798","IfcBearing","Dichtungsbahn Gummi EPDM"
"799","IfcBearing","Stahlblech verzinkt"
"800","IfcBearing","Stahlblech verzinkt"
"801","IfcBearing","Stahlblech verzinkt"
"802","IfcBearing","Polyurethan PUR PIR"
"802","IfcBearing","Kautschukdichtungsmasse"
"802","IfcBearing","Dichtungsbahn Gummi EPDM"
"803","IfcBearing","Polyurethan PUR PIR"
"803","IfcBearing","Kautschukdichtungsmasse"
"803","IfcBearing","Dichtungsbahn Gummi EPDM"
"804","IfcBearing","Stahlblech verzinkt"
"805","IfcBearing","Stahlblech verzinkt"
"806","IfcBearing","Stahlblech verzinkt"
"807","IfcBearing","Stahlblech verzinkt"
"808","IfcBearing","Stahlblech verzinkt"
"809","IfcBearing","Stahlblech verzinkt"
"810","IfcBearing","Stahlblech verzinkt"
"811","IfcBearing","Stahlblech verzinkt"
"812","IfcBearing","Stahlblech verzinkt"
"813","IfcBearing","Stahlblech verzinkt"
"814","IfcBearing","Stahlblech verzinkt"
"815","IfcBearing","Stahlblech verzinkt"
"816","IfcBearing","Stahlblech verzinkt"
"817","IfcBearing","Stahlblech verzinkt"
"818","IfcBearing","Stahlblech verzinkt"
"819","IfcBearing","Stahlblech verzinkt"
"820","IfcBearing","Stahlblech verzinkt"
"821","IfcBearing","Stahlblech verzinkt"
"822","IfcBearing","Stahlblech verzinkt"
"823","IfcBearing","Stahlblech verzinkt"
"824","IfcBearing","Stahlblech verzinkt"
"825","IfcBearing","Stahlblech verzinkt"
"826","IfcBearing","Stahlblech verzinkt"
"827","IfcBearing","Stahlblech verzinkt"
"828","IfcBearing","Stahlblech verzinkt"
"829","IfcBearing","Stahlblech verzinkt"
"830","IfcBearing","Stahlblech verzinkt"
"831","IfcBearing","Stahlblech verzinkt"
"832","IfcBearing","Stahlblech verzinkt"
"833","IfcBearing","Stahlblech verzinkt"
"834","IfcBearing","Stahlblech verzinkt"
"835","IfcBearing","Stahlblech verzinkt"
"836","IfcBearing","Stahlblech verzinkt"
"837","IfcBearing","Stahlblech verzinkt"
"838","IfcBearing","Stahlblech verzinkt"
"839","IfcBearing","Stahlblech verzinkt"
"840","IfcBearing","Stahlblech verzinkt"
"841","IfcBearing","Stahlblech verzinkt"
"842","IfcBearing","Stahlblech verzinkt"
"843","IfcBearing","Stahlblech verzinkt"
"844","IfcBearing","Stahlblech verzinkt"
"845","IfcBuildingElementProxy","Stahlblech blank"
"845","IfcBuildingElementProxy","Stahlprofil blank"
"846","IfcBuildingElementProxy","Stahlblech blank"
"846","IfcBuildingElementProxy","Stahlprofil blank"
"847","IfcBuildingElementProxy","Stahlblech blank"
"847","IfcBuildingElementProxy","Stahlprofil blank"
"848","IfcBuildingElementProxy","Aluminiumblech blank"
"848","IfcBuildingElementProxy","Aluminiumprofil blank"
"849","IfcBuildingElementProxy","Gussasphalt"
"850","IfcBuildingElementProxy","Tiefbaubeton"
"850","IfcBuildingElementProxy","Betonfertigteil normalfest"
"850","IfcBuildingElementProxy","Betonfertigteil hochfest"
"851","IfcBuildingElementProxy","Betonfertigteil normalfest"
"851","IfcBuildingElementProxy","Betonfertigteil hochfest"
"852","IfcBuildingElementProxy","Tiefbaubeton"
"853","IfcBuildingElementProxy","Tiefbaubeton"
"854","IfcBuildingElementProxy","Betonfertigteil normalfest"
"854","IfcBuildingElementProxy","Betonfertigteil hochfest"
"855","IfcBuildingElementProxy","Magerbeton"
"856","IfcBuildingElementProxy","Magerbeton"
"857","IfcBuildingElementProxy","Magerbeton"
"858","IfcBuildingElementProxy","Magerbeton"
"859","IfcBuildingElementProxy","Tiefbaubeton"
"859","IfcBuildingElementProxy","Betonfertigteil normalfest"
"860","IfcBuildingElementProxy","Betonfertigteil normalfest"
"861","IfcBuildingElementProxy","Tiefbaubeton"
"862","IfcBuildingElementProxy","Tiefbaubeton"
"862","IfcBuildingElementProxy","Betonfertigteil normalfest"
"863","IfcBuildingElementProxy","Tiefbaubeton"
"864","IfcBuildingElementProxy","Betonfertigteil normalfest"
"865","IfcBuildingElementProxy","Tiefbaubeton"
"865","IfcBuildingElementProxy","Betonfertigteil normalfest"
"866","IfcBuildingElementProxy","Tiefbaubeton"
"867","IfcBuildingElementProxy","Betonfertigteil normalfest"
"868","IfcBuildingElementProxy","Tiefbaubeton"
"868","IfcBuildingElementProxy","Betonfertigteil hochfest"
"869","IfcBuildingElementProxy","Betonfertigteil hochfest"
"870","IfcBuildingElementProxy","Tiefbaubeton"
"871","IfcBuildingElementProxy","Tiefbaubeton"
"871","IfcBuildingElementProxy","Betonfertigteil hochfest"
"872","IfcBuildingElementProxy","Tiefbaubeton"
"873","IfcBuildingElementProxy","Betonfertigteil hochfest"
"874","IfcBuildingElementProxy","Tiefbaubeton"
"875","IfcBuildingElementProxy","Tiefbaubeton"
"876","IfcBuildingElementProxy","Betonfertigteil normalfest"
"877","IfcBuildingElementProxy","Betonfertigteil hochfest"
"878","IfcBuildingElementProxy","Tiefbaubeton"
"879","IfcBuildingElementProxy","Betonfertigteil normalfest"
"880","IfcBuildingElementProxy","Tiefbaubeton"
"881","IfcBuildingElementProxy","Tiefbaubeton"
"882","IfcBuildingElementProxy","Tiefbaubeton"
"883","IfcBuildingElementProxy","Tiefbaubeton"
"884","IfcBuildingElementProxy","Tiefbaubeton"
"885","IfcBuildingElementProxy","Betonfertigteil normalfest"
"886","IfcBuildingElementProxy","Betonfertigteil hochfest"
"887","IfcBuildingElementProxy","Tiefbaubeton"
"888","IfcBuildingElementProxy","Dichtungsbahn bituminös"
"889","IfcBuildingElementProxy","Massivholz Buche Eiche kammergetrocknet gehobelt"
"889","IfcBuildingElementProxy","Massivholz Buche Eiche kammergetrocknet rau"
"889","IfcBuildingElementProxy","Massivholz Buche Eiche luftgetrocknet rau"
"890","IfcBuildingElementProxy","Massivholz Buche Eiche kammergetrocknet gehobelt"
"890","IfcBuildingElementProxy","Massivholz Buche Eiche kammergetrocknet rau"
"890","IfcBuildingElementProxy","Massivholz Buche Eiche luftgetrocknet rau"
"891","IfcBuildingElementProxy","Konstruktionsvollholz"
"891","IfcBuildingElementProxy","Massivholz Fichte Tanne Lärche kammergetrocknet gehobelt"
"891","IfcBuildingElementProxy","Massivholz Fichte Tanne Lärche luftgetrocknet gehobelt"
"891","IfcBuildingElementProxy","Massivholz Fichte Tanne Lärche luftgetrocknet rau"
"892","IfcBuildingElementProxy","Balkenschichtholz"
"892","IfcBuildingElementProxy","Brettschichtholz"
"892","IfcBuildingElementProxy","Brettsperrholz"
"892","IfcBuildingElementProxy","Konstruktionsvollholz"
"893","IfcBuildingElementProxy","Polyethylen PE"
"893","IfcBuildingElementProxy","Polypropylen PP"
"893","IfcBuildingElementProxy","Polyvinylchlorid PVC"
"893","IfcBuildingElementProxy","Polyurethan PUR PIR"
"894","IfcBuildingElementProxy","Konstruktionsvollholz"
"894","IfcBuildingElementProxy","Massivholz Fichte Tanne Lärche kammergetrocknet gehobelt"
"894","IfcBuildingElementProxy","Massivholz Fichte Tanne Lärche luftgetrocknet gehobelt"
"894","IfcBuildingElementProxy","Massivholz Fichte Tanne Lärche luftgetrocknet rau"
"895","IfcBuildingElementProxy","Magerbeton"
"896","IfcBuildingElementProxy","Magerbeton"
"897","IfcBuildingElementProxy","Magerbeton"
"898","IfcBuildingElementProxy","Backstein"
"898","IfcBuildingElementProxy","Kalksandstein"
"898","IfcBuildingElementProxy","Betonziegel"
"899","IfcBuildingElementProxy","Stahlblech blank"
"899","IfcBuildingElementProxy","Stahlprofil blank"
"900","IfcBuildingElementProxy","Stahlblech blank"
"900","IfcBuildingElementProxy","Stahlprofil blank"
"901","IfcBuildingElementProxy","Stahlblech blank"
"901","IfcBuildingElementProxy","Stahlprofil blank"
"902","IfcBuildingElementProxy","Stahlblech blank"
"902","IfcBuildingElementProxy","Stahlprofil blank"
"903","IfcBuildingElementProxy","Stahlblech blank"
"903","IfcBuildingElementProxy","Stahlprofil blank"
"904","IfcBuildingElementProxy","Stahlblech blank"
"904","IfcBuildingElementProxy","Stahlprofil blank"
"905","IfcBuildingElementProxy","Stahlblech blank"
"905","IfcBuildingElementProxy","Stahlprofil blank"
"906","IfcBuildingElementProxy","Stahlblech blank"
"906","IfcBuildingElementProxy","Stahlprofil blank"
"907","IfcBuildingElementProxy","Tiefbaubeton"
"907","IfcBuildingElementProxy","Betonfertigteil normalfest"
"907","IfcBuildingElementProxy","Betonfertigteil hochfest"
"908","IfcBuildingElementProxy","Betonfertigteil normalfest"
"908","IfcBuildingElementProxy","Betonfertigteil hochfest"
"909","IfcBuildingElementProxy","Tiefbaubeton"
"910","IfcBuildingElementProxy","Tiefbaubeton"
"911","IfcBuildingElementProxy","Betonfertigteil normalfest"
"911","IfcBuildingElementProxy","Betonfertigteil hochfest"
"912","IfcBuildingElementProxy","Tiefbaubeton"
"912","IfcBuildingElementProxy","Betonfertigteil normalfest"
"913","IfcBuildingElementProxy","Betonfertigteil normalfest"
"914","IfcBuildingElementProxy","Tiefbaubeton"
"915","IfcBuildingElementProxy","Tiefbaubeton"
"915","IfcBuildingElementProxy","Betonfertigteil normalfest"
"916","IfcBuildingElementProxy","Betonfertigteil normalfest"
"917","IfcBuildingElementProxy","Tiefbaubeton"
"918","IfcBuildingElementProxy","Tiefbaubeton"
"918","IfcBuildingElementProxy","Betonfertigteil normalfest"
"919","IfcBuildingElementProxy","Betonfertigteil normalfest"
"920","IfcBuildingElementProxy","Tiefbaubeton"
"921","IfcBuildingElementProxy","Tiefbaubeton"
"921","IfcBuildingElementProxy","Betonfertigteil hochfest"
"922","IfcBuildingElementProxy","Tiefbaubeton"
"923","IfcBuildingElementProxy","Betonfertigteil hochfest"
"924","IfcBuildingElementProxy","Tiefbaubeton"
"924","IfcBuildingElementProxy","Betonfertigteil hochfest"
"925","IfcBuildingElementProxy","Betonfertigteil hochfest"
"926","IfcBuildingElementProxy","Tiefbaubeton"
"927","IfcBuildingElementProxy","Tiefbaubeton"
"928","IfcBuildingElementProxy","Betonfertigteil normalfest"
"929","IfcBuildingElementProxy","Tiefbaubeton"
"930","IfcBuildingElementProxy","Tiefbaubeton"
"931","IfcBuildingElementProxy","Tiefbaubeton"
"932","IfcBuildingElementProxy","Betonfertigteil normalfest"
"933","IfcBuildingElementProxy","Tiefbaubeton"
"934","IfcBuildingElementProxy","Betonfertigteil hochfest"
"935","IfcBuildingElementProxy","Tiefbaubeton"
"936","IfcBuildingElementProxy","Betonfertigteil normalfest"
"937","IfcBuildingElementProxy","Tiefbaubeton"
"938","IfcBuildingElementProxy","Tiefbaubeton"
"939","IfcBuildingElementProxy","Betonfertigteil hochfest"
"940","IfcBuildingElementProxy","Tiefbaubeton"
"941","IfcBuildingElementProxy","Konstruktionsvollholz"
"941","IfcBuildingElementProxy","Massivholz Fichte Tanne Lärche kammergetrocknet gehobelt"
"941","IfcBuildingElementProxy","Massivholz Fichte Tanne Lärche luftgetrocknet gehobelt"
"941","IfcBuildingElementProxy","Massivholz Fichte Tanne Lärche luftgetrocknet rau"
"942","IfcBuiltElement","Stahlblech blank"
"942","IfcBuiltElement","Stahlprofil blank"
"943","IfcBuiltElement","Stahlblech blank"
"943","IfcBuiltElement","Stahlprofil blank"
"944","IfcBuiltElement","Stahlblech blank"
"944","IfcBuiltElement","Stahlprofil blank"
"945","IfcBuiltElement","Aluminiumblech blank"
"945","IfcBuiltElement","Aluminiumprofil blank"
"946","IfcBuiltElement","Gussasphalt"
"947","IfcBuiltElement","Tiefbaubeton"
"947","IfcBuiltElement","Betonfertigteil normalfest"
"947","IfcBuiltElement","Betonfertigteil hochfest"
"948","IfcBuiltElement","Betonfertigteil normalfest"
"948","IfcBuiltElement","Betonfertigteil hochfest"
"949","IfcBuiltElement","Tiefbaubeton"
"950","IfcBuiltElement","Tiefbaubeton"
"951","IfcBuiltElement","Betonfertigteil normalfest"
"951","IfcBuiltElement","Betonfertigteil hochfest"
"952","IfcBuiltElement","Magerbeton"
"953","IfcBuiltElement","Magerbeton"
"954","IfcBuiltElement","Magerbeton"
"955","IfcBuiltElement","Magerbeton"
"956","IfcBuiltElement","Tiefbaubeton"
"956","IfcBuiltElement","Betonfertigteil normalfest"
"957","IfcBuiltElement","Tiefbaubeton"
"958","IfcBuiltElement","Betonfertigteil normalfest"
"959","IfcBuiltElement","Tiefbaubeton"
"959","IfcBuiltElement","Betonfertigteil normalfest"
"960","IfcBuiltElement","Tiefbaubeton"
"961","IfcBuiltElement","Betonfertigteil normalfest"
"962","IfcBuiltElement","Tiefbaubeton"
"962","IfcBuiltElement","Betonfertigteil normalfest"
"963","IfcBuiltElement","Betonfertigteil normalfest"
"964","IfcBuiltElement","Tiefbaubeton"
"965","IfcBuiltElement","Tiefbaubeton"
"965","IfcBuiltElement","Betonfertigteil hochfest"
"966","IfcBuiltElement","Tiefbaubeton"
"967","IfcBuiltElement","Betonfertigteil hochfest"
"968","IfcBuiltElement","Tiefbaubeton"
"968","IfcBuiltElement","Betonfertigteil hochfest"
"969","IfcBuiltElement","Tiefbaubeton"
"970","IfcBuiltElement","Betonfertigteil hochfest"
"971","IfcBuiltElement","Tiefbaubeton"
"972","IfcBuiltElement","Betonfertigteil normalfest"
"973","IfcBuiltElement","Tiefbaubeton"
"974","IfcBuiltElement","Betonfertigteil hochfest"
"975","IfcBuiltElement","Tiefbaubeton"
"976","IfcBuiltElement","Betonfertigteil normalfest"
"977","IfcBuiltElement","Tiefbaubeton"
"978","IfcBuiltElement","Tiefbaubeton"
"979","IfcBuiltElement","Tiefbaubeton"
"980","IfcBuiltElement","Tiefbaubeton"
"981","IfcBuiltElement","Tiefbaubeton"
"982","IfcBuiltElement","Tiefbaubeton"
"983","IfcBuiltElement","Betonfertigteil normalfest"
"984","IfcBuiltElement","Betonfertigteil hochfest"
"985","IfcBuiltElement","Dichtungsbahn bituminös"
"986","IfcBuiltElement","Massivholz Buche Eiche kammergetrocknet gehobelt"
"986","IfcBuiltElement","Massivholz Buche Eiche kammergetrocknet rau"
"986","IfcBuiltElement","Massivholz Buche Eiche luftgetrocknet rau"
"987","IfcBuiltElement","Massivholz Buche Eiche kammergetrocknet gehobelt"
"987","IfcBuiltElement","Massivholz Buche Eiche kammergetrocknet rau"
"987","IfcBuiltElement","Massivholz Buche Eiche luftgetrocknet rau"
"988","IfcBuiltElement","Konstruktionsvollholz"
"988","IfcBuiltElement","Massivholz Fichte Tanne Lärche kammergetrocknet gehobelt"
"988","IfcBuiltElement","Massivholz Fichte Tanne Lärche luftgetrocknet gehobelt"
"988","IfcBuiltElement","Massivholz Fichte Tanne Lärche luftgetrocknet rau"
"989","IfcBuiltElement","Balkenschichtholz"
"989","IfcBuiltElement","Brettschichtholz"
"989","IfcBuiltElement","Brettsperrholz"
"989","IfcBuiltElement","Konstruktionsvollholz"
"990","IfcBuiltElement","Polyethylen PE"
"990","IfcBuiltElement","Polypropylen PP"
"990","IfcBuiltElement","Polyvinylchlorid PVC"
"990","IfcBuiltElement","Polyurethan PUR PIR"
"991","IfcBuiltElement","Konstruktionsvollholz"
"991","IfcBuiltElement","Massivholz Fichte Tanne Lärche kammergetrocknet gehobelt"
"991","IfcBuiltElement","Massivholz Fichte Tanne Lärche luftgetrocknet gehobelt"
"991","IfcBuiltElement","Massivholz Fichte Tanne Lärche luftgetrocknet rau"
"992","IfcBuiltElement","Magerbeton"
"993","IfcBuiltElement","Magerbeton"
"994","IfcBuiltElement","Magerbeton"
"995","IfcBuiltElement","Backstein"
"995","IfcBuiltElement","Kalksandstein"
"995","IfcBuiltElement","Betonziegel"
"996","IfcBuiltElement","Stahlblech blank"
"996","IfcBuiltElement","Stahlprofil blank"
"997","IfcBuiltElement","Stahlblech blank"
"997","IfcBuiltElement","Stahlprofil blank"
"998","IfcBuiltElement","Stahlblech blank"
"998","IfcBuiltElement","Stahlprofil blank"
"999","IfcBuiltElement","Stahlblech blank"
"999","IfcBuiltElement","Stahlprofil blank"
"1000","IfcBuiltElement","Stahlblech blank"
"1000","IfcBuiltElement","Stahlprofil blank"
"1001","IfcBuiltElement","Stahlblech blank"
"1001","IfcBuiltElement","Stahlprofil blank"
"1002","IfcBuiltElement","Stahlblech blank"
"1002","IfcBuiltElement","Stahlprofil blank"
"1003","IfcBuiltElement","Stahlblech blank"
"1003","IfcBuiltElement","Stahlprofil blank"
"1004","IfcBuiltElement","Tiefbaubeton"
"1004","IfcBuiltElement","Betonfertigteil normalfest"
"1004","IfcBuiltElement","Betonfertigteil hochfest"
"1005","IfcBuiltElement","Betonfertigteil normalfest"
"1005","IfcBuiltElement","Betonfertigteil hochfest"
"1006","IfcBuiltElement","Tiefbaubeton"
"1007","IfcBuiltElement","Tiefbaubeton"
"1008","IfcBuiltElement","Betonfertigteil normalfest"
"1008","IfcBuiltElement","Betonfertigteil hochfest"
"1009","IfcBuiltElement","Tiefbaubeton"
"1009","IfcBuiltElement","Betonfertigteil normalfest"
"1010","IfcBuiltElement","Tiefbaubeton"
"1011","IfcBuiltElement","Betonfertigteil normalfest"
"1012","IfcBuiltElement","Tiefbaubeton"
"1012","IfcBuiltElement","Betonfertigteil normalfest"
"1013","IfcBuiltElement","Tiefbaubeton"
"1014","IfcBuiltElement","Betonfertigteil normalfest"
"1015","IfcBuiltElement","Tiefbaubeton"
"1015","IfcBuiltElement","Betonfertigteil normalfest"
"1016","IfcBuiltElement","Betonfertigteil normalfest"
"1017","IfcBuiltElement","Tiefbaubeton"
"1018","IfcBuiltElement","Tiefbaubeton"
"1018","IfcBuiltElement","Betonfertigteil hochfest"
"1019","IfcBuiltElement","Betonfertigteil hochfest"
"1020","IfcBuiltElement","Tiefbaubeton"
"1021","IfcBuiltElement","Tiefbaubeton"
"1021","IfcBuiltElement","Betonfertigteil hochfest"
"1022","IfcBuiltElement","Tiefbaubeton"
"1023","IfcBuiltElement","Betonfertigteil hochfest"
"1024","IfcBuiltElement","Tiefbaubeton"
"1025","IfcBuiltElement","Betonfertigteil normalfest"
"1026","IfcBuiltElement","Tiefbaubeton"
"1027","IfcBuiltElement","Betonfertigteil hochfest"
"1028","IfcBuiltElement","Tiefbaubeton"
"1029","IfcBuiltElement","Tiefbaubeton"
"1030","IfcBuiltElement","Betonfertigteil normalfest"
"1031","IfcBuiltElement","Tiefbaubeton"
"1032","IfcBuiltElement","Tiefbaubeton"
"1033","IfcBuiltElement","Tiefbaubeton"
"1034","IfcBuiltElement","Tiefbaubeton"
"1035","IfcBuiltElement","Tiefbaubeton"
"1036","IfcBuiltElement","Betonfertigteil normalfest"
"1037","IfcBuiltElement","Betonfertigteil hochfest"
"1038","IfcBuiltElement","Konstruktionsvollholz"
"1038","IfcBuiltElement","Massivholz Fichte Tanne Lärche kammergetrocknet gehobelt"
"1038","IfcBuiltElement","Massivholz Fichte Tanne Lärche luftgetrocknet gehobelt"
"1038","IfcBuiltElement","Massivholz Fichte Tanne Lärche luftgetrocknet rau"
"1039","IfcCaissonFoundation","Stahlblech blank"
"1039","IfcCaissonFoundation","Stahlprofil blank"
"1040","IfcCaissonFoundation","Stahlblech blank"
"1040","IfcCaissonFoundation","Stahlprofil blank"
"1041","IfcCaissonFoundation","Stahlblech blank"
"1041","IfcCaissonFoundation","Stahlprofil blank"
"1042","IfcCaissonFoundation","Tiefbaubeton"
"1042","IfcCaissonFoundation","Betonfertigteil normalfest"
"1042","IfcCaissonFoundation","Betonfertigteil hochfest"
"1043","IfcCaissonFoundation","Betonfertigteil normalfest"
"1043","IfcCaissonFoundation","Betonfertigteil hochfest"
"1044","IfcCaissonFoundation","Tiefbaubeton"
"1045","IfcCaissonFoundation","Tiefbaubeton"
"1046","IfcCaissonFoundation","Betonfertigteil normalfest"
"1046","IfcCaissonFoundation","Betonfertigteil hochfest"
"1047","IfcCaissonFoundation","Magerbeton"
"1048","IfcCaissonFoundation","Magerbeton"
"1049","IfcCaissonFoundation","Magerbeton"
"1050","IfcCaissonFoundation","Magerbeton"
"1051","IfcCaissonFoundation","Tiefbaubeton"
"1051","IfcCaissonFoundation","Betonfertigteil normalfest"
"1052","IfcCaissonFoundation","Tiefbaubeton"
"1053","IfcCaissonFoundation","Betonfertigteil normalfest"
"1054","IfcCaissonFoundation","Tiefbaubeton"
"1054","IfcCaissonFoundation","Betonfertigteil normalfest"
"1055","IfcCaissonFoundation","Betonfertigteil normalfest"
"1056","IfcCaissonFoundation","Tiefbaubeton"
"1057","IfcCaissonFoundation","Tiefbaubeton"
"1057","IfcCaissonFoundation","Betonfertigteil normalfest"
"1058","IfcCaissonFoundation","Betonfertigteil normalfest"
"1059","IfcCaissonFoundation","Tiefbaubeton"
"1060","IfcCaissonFoundation","Tiefbaubeton"
"1060","IfcCaissonFoundation","Betonfertigteil hochfest"
"1061","IfcCaissonFoundation","Betonfertigteil hochfest"
"1062","IfcCaissonFoundation","Tiefbaubeton"
"1063","IfcCaissonFoundation","Tiefbaubeton"
"1063","IfcCaissonFoundation","Betonfertigteil hochfest"
"1064","IfcCaissonFoundation","Tiefbaubeton"
"1065","IfcCaissonFoundation","Betonfertigteil hochfest"
"1066","IfcCaissonFoundation","Tiefbaubeton"
"1067","IfcCaissonFoundation","Betonfertigteil normalfest"
"1068","IfcCaissonFoundation","Tiefbaubeton"
"1069","IfcCaissonFoundation","Betonfertigteil normalfest"
"1070","IfcCaissonFoundation","Betonfertigteil hochfest"
"1071","IfcCaissonFoundation","Tiefbaubeton"
"1072","IfcCaissonFoundation","Tiefbaubeton"
"1073","IfcCaissonFoundation","Tiefbaubeton"
"1074","IfcCaissonFoundation","Tiefbaubeton"
"1075","IfcCaissonFoundation","Tiefbaubeton"
"1076","IfcCaissonFoundation","Betonfertigteil hochfest"
"1077","IfcCaissonFoundation","Tiefbaubeton"
"1078","IfcCaissonFoundation","Tiefbaubeton"
"1079","IfcCaissonFoundation","Betonfertigteil normalfest"
"1080","IfcCaissonFoundation","Stahlblech blank"
"1080","IfcCaissonFoundation","Stahlprofil blank"
"1081","IfcCaissonFoundation","Stahlblech blank"
"1081","IfcCaissonFoundation","Stahlprofil blank"
"1082","IfcCaissonFoundation","Stahlblech blank"
"1082","IfcCaissonFoundation","Stahlprofil blank"
"1083","IfcCaissonFoundation","Stahlblech blank"
"1083","IfcCaissonFoundation","Stahlprofil blank"
"1084","IfcCaissonFoundation","Stahlblech blank"
"1084","IfcCaissonFoundation","Stahlprofil blank"
"1085","IfcCaissonFoundation","Stahlblech blank"
"1085","IfcCaissonFoundation","Stahlprofil blank"
"1086","IfcCaissonFoundation","Stahlblech blank"
"1086","IfcCaissonFoundation","Stahlprofil blank"
"1087","IfcCaissonFoundation","Stahlblech blank"
"1087","IfcCaissonFoundation","Stahlprofil blank"
"1088","IfcCaissonFoundation","Tiefbaubeton"
"1088","IfcCaissonFoundation","Betonfertigteil normalfest"
"1088","IfcCaissonFoundation","Betonfertigteil hochfest"
"1089","IfcCaissonFoundation","Betonfertigteil normalfest"
"1089","IfcCaissonFoundation","Betonfertigteil hochfest"
"1090","IfcCaissonFoundation","Tiefbaubeton"
"1091","IfcCaissonFoundation","Tiefbaubeton"
"1092","IfcCaissonFoundation","Tiefbaubeton"
"1092","IfcCaissonFoundation","Betonfertigteil normalfest"
"1093","IfcCaissonFoundation","Betonfertigteil normalfest"
"1094","IfcCaissonFoundation","Tiefbaubeton"
"1095","IfcCaissonFoundation","Tiefbaubeton"
"1095","IfcCaissonFoundation","Betonfertigteil normalfest"
"1096","IfcCaissonFoundation","Betonfertigteil normalfest"
"1097","IfcCaissonFoundation","Tiefbaubeton"
"1098","IfcCaissonFoundation","Tiefbaubeton"
"1098","IfcCaissonFoundation","Betonfertigteil normalfest"
"1099","IfcCaissonFoundation","Betonfertigteil normalfest"
"1100","IfcCaissonFoundation","Tiefbaubeton"
"1101","IfcCaissonFoundation","Tiefbaubeton"
"1101","IfcCaissonFoundation","Betonfertigteil hochfest"
"1102","IfcCaissonFoundation","Betonfertigteil hochfest"
"1103","IfcCaissonFoundation","Tiefbaubeton"
"1104","IfcCaissonFoundation","Tiefbaubeton"
"1104","IfcCaissonFoundation","Betonfertigteil hochfest"
"1105","IfcCaissonFoundation","Betonfertigteil hochfest"
"1106","IfcCaissonFoundation","Tiefbaubeton"
"1107","IfcCaissonFoundation","Tiefbaubeton"
"1108","IfcCaissonFoundation","Tiefbaubeton"
"1109","IfcCaissonFoundation","Tiefbaubeton"
"1110","IfcCaissonFoundation","Tiefbaubeton"
"1111","IfcCaissonFoundation","Tiefbaubeton"
"1112","IfcCaissonFoundation","Tiefbaubeton"
"1113","IfcCaissonFoundation","Betonfertigteil normalfest"
"1114","IfcCaissonFoundation","Tiefbaubeton"
"1115","IfcCaissonFoundation","Betonfertigteil hochfest"
"1116","IfcCaissonFoundation","Tiefbaubeton"
"1117","IfcCaissonFoundation","Tiefbaubeton"
"1118","IfcCaissonFoundation","Betonfertigteil normalfest"
"1119","IfcCaissonFoundation","Betonfertigteil normalfest"
"1120","IfcCaissonFoundation","Betonfertigteil hochfest"
"1121","IfcCaissonFoundation","Stahlblech blank"
"1121","IfcCaissonFoundation","Stahlprofil blank"
"1122","IfcCaissonFoundation","Stahlblech blank"
"1122","IfcCaissonFoundation","Stahlprofil blank"
"1123","IfcCaissonFoundation","Stahlblech blank"
"1123","IfcCaissonFoundation","Stahlprofil blank"
"1124","IfcCaissonFoundation","Tiefbaubeton"
"1124","IfcCaissonFoundation","Betonfertigteil normalfest"
"1124","IfcCaissonFoundation","Betonfertigteil hochfest"
"1125","IfcCaissonFoundation","Betonfertigteil normalfest"
"1125","IfcCaissonFoundation","Betonfertigteil hochfest"
"1126","IfcCaissonFoundation","Tiefbaubeton"
"1127","IfcCaissonFoundation","Tiefbaubeton"
"1128","IfcCaissonFoundation","Magerbeton"
"1129","IfcCaissonFoundation","Magerbeton"
"1130","IfcCaissonFoundation","Magerbeton"
"1131","IfcCaissonFoundation","Magerbeton"
"1132","IfcCaissonFoundation","Tiefbaubeton"
"1132","IfcCaissonFoundation","Betonfertigteil normalfest"
"1133","IfcCaissonFoundation","Betonfertigteil normalfest"
"1134","IfcCaissonFoundation","Tiefbaubeton"
"1135","IfcCaissonFoundation","Tiefbaubeton"
"1135","IfcCaissonFoundation","Betonfertigteil normalfest"
"1136","IfcCaissonFoundation","Betonfertigteil normalfest"
"1137","IfcCaissonFoundation","Tiefbaubeton"
"1138","IfcCaissonFoundation","Tiefbaubeton"
"1138","IfcCaissonFoundation","Betonfertigteil normalfest"
"1139","IfcCaissonFoundation","Betonfertigteil normalfest"
"1140","IfcCaissonFoundation","Tiefbaubeton"
"1141","IfcCaissonFoundation","Tiefbaubeton"
"1141","IfcCaissonFoundation","Betonfertigteil hochfest"
"1142","IfcCaissonFoundation","Betonfertigteil hochfest"
"1143","IfcCaissonFoundation","Tiefbaubeton"
"1144","IfcCaissonFoundation","Tiefbaubeton"
"1144","IfcCaissonFoundation","Betonfertigteil hochfest"
"1145","IfcCaissonFoundation","Betonfertigteil hochfest"
"1146","IfcCaissonFoundation","Tiefbaubeton"
"1147","IfcCaissonFoundation","Tiefbaubeton"
"1148","IfcCaissonFoundation","Tiefbaubeton"
"1149","IfcCaissonFoundation","Tiefbaubeton"
"1150","IfcCaissonFoundation","Betonfertigteil hochfest"
"1151","IfcCaissonFoundation","Tiefbaubeton"
"1152","IfcCaissonFoundation","Tiefbaubeton"
"1153","IfcCaissonFoundation","Betonfertigteil normalfest"
"1154","IfcCaissonFoundation","Tiefbaubeton"
"1155","IfcCaissonFoundation","Tiefbaubeton"
"1156","IfcCaissonFoundation","Betonfertigteil normalfest"
"1157","IfcCaissonFoundation","Betonfertigteil hochfest"
"1158","IfcCaissonFoundation","Tiefbaubeton"
"1159","IfcCaissonFoundation","Tiefbaubeton"
"1160","IfcCaissonFoundation","Betonfertigteil normalfest"
"1161","IfcCaissonFoundation","Stahlblech blank"
"1161","IfcCaissonFoundation","Stahlprofil blank"
"1162","IfcCaissonFoundation","Stahlblech blank"
"1162","IfcCaissonFoundation","Stahlprofil blank"
"1163","IfcCaissonFoundation","Stahlblech blank"
"1163","IfcCaissonFoundation","Stahlprofil blank"
"1164","IfcCaissonFoundation","Stahlblech blank"
"1164","IfcCaissonFoundation","Stahlprofil blank"
"1165","IfcCaissonFoundation","Stahlblech blank"
"1165","IfcCaissonFoundation","Stahlprofil blank"
"1166","IfcCaissonFoundation","Stahlblech blank"
"1166","IfcCaissonFoundation","Stahlprofil blank"
"1167","IfcCaissonFoundation","Stahlblech blank"
"1167","IfcCaissonFoundation","Stahlprofil blank"
"1168","IfcCaissonFoundation","Stahlblech blank"
"1168","IfcCaissonFoundation","Stahlprofil blank"
"1169","IfcCaissonFoundation","Tiefbaubeton"
"1169","IfcCaissonFoundation","Betonfertigteil normalfest"
"1169","IfcCaissonFoundation","Betonfertigteil hochfest"
"1170","IfcCaissonFoundation","Betonfertigteil normalfest"
"1170","IfcCaissonFoundation","Betonfertigteil hochfest"
"1171","IfcCaissonFoundation","Tiefbaubeton"
"1172","IfcCaissonFoundation","Tiefbaubeton"
"1173","IfcCaissonFoundation","Betonfertigteil normalfest"
"1173","IfcCaissonFoundation","Betonfertigteil hochfest"
"1174","IfcCaissonFoundation","Tiefbaubeton"
"1174","IfcCaissonFoundation","Betonfertigteil normalfest"
"1175","IfcCaissonFoundation","Betonfertigteil normalfest"
"1176","IfcCaissonFoundation","Tiefbaubeton"
"1177","IfcCaissonFoundation","Tiefbaubeton"
"1177","IfcCaissonFoundation","Betonfertigteil normalfest"
"1178","IfcCaissonFoundation","Tiefbaubeton"
"1179","IfcCaissonFoundation","Betonfertigteil normalfest"
"1180","IfcCaissonFoundation","Tiefbaubeton"
"1180","IfcCaissonFoundation","Betonfertigteil normalfest"
"1181","IfcCaissonFoundation","Tiefbaubeton"
"1182","IfcCaissonFoundation","Betonfertigteil normalfest"
"1183","IfcCaissonFoundation","Tiefbaubeton"
"1183","IfcCaissonFoundation","Betonfertigteil hochfest"
"1184","IfcCaissonFoundation","Betonfertigteil hochfest"
"1185","IfcCaissonFoundation","Tiefbaubeton"
"1186","IfcCaissonFoundation","Tiefbaubeton"
"1186","IfcCaissonFoundation","Betonfertigteil hochfest"
"1187","IfcCaissonFoundation","Tiefbaubeton"
"1188","IfcCaissonFoundation","Betonfertigteil hochfest"
"1189","IfcCaissonFoundation","Tiefbaubeton"
"1190","IfcCaissonFoundation","Betonfertigteil normalfest"
"1191","IfcCaissonFoundation","Tiefbaubeton"
"1192","IfcCaissonFoundation","Tiefbaubeton"
"1193","IfcCaissonFoundation","Tiefbaubeton"
"1194","IfcCaissonFoundation","Betonfertigteil normalfest"
"1195","IfcCaissonFoundation","Betonfertigteil hochfest"
"1196","IfcCaissonFoundation","Tiefbaubeton"
"1197","IfcCaissonFoundation","Tiefbaubeton"
"1198","IfcCaissonFoundation","Tiefbaubeton"
"1199","IfcCaissonFoundation","Betonfertigteil normalfest"
"1200","IfcCaissonFoundation","Tiefbaubeton"
"1201","IfcCaissonFoundation","Betonfertigteil hochfest"
"1202","IfcCaissonFoundation","Tiefbaubeton"
"1203","IfcCaissonFoundation","Tiefbaubeton"
"1203","IfcCaissonFoundation","Betonfertigteil normalfest"
"1203","IfcCaissonFoundation","Betonfertigteil hochfest"
"1204","IfcCaissonFoundation","Betonfertigteil normalfest"
"1204","IfcCaissonFoundation","Betonfertigteil hochfest"
"1205","IfcCaissonFoundation","Tiefbaubeton"
"1206","IfcCaissonFoundation","Tiefbaubeton"
"1207","IfcCaissonFoundation","Betonfertigteil normalfest"
"1207","IfcCaissonFoundation","Betonfertigteil hochfest"
"1208","IfcCaissonFoundation","Magerbeton"
"1209","IfcCaissonFoundation","Magerbeton"
"1210","IfcCaissonFoundation","Magerbeton"
"1211","IfcCaissonFoundation","Magerbeton"
"1212","IfcCaissonFoundation","Tiefbaubeton"
"1212","IfcCaissonFoundation","Betonfertigteil normalfest"
"1213","IfcCaissonFoundation","Betonfertigteil normalfest"
"1214","IfcCaissonFoundation","Tiefbaubeton"
"1215","IfcCaissonFoundation","Tiefbaubeton"
"1215","IfcCaissonFoundation","Betonfertigteil normalfest"
"1216","IfcCaissonFoundation","Betonfertigteil normalfest"
"1217","IfcCaissonFoundation","Tiefbaubeton"
"1218","IfcCaissonFoundation","Tiefbaubeton"
"1218","IfcCaissonFoundation","Betonfertigteil normalfest"
"1219","IfcCaissonFoundation","Betonfertigteil normalfest"
"1220","IfcCaissonFoundation","Tiefbaubeton"
"1221","IfcCaissonFoundation","Tiefbaubeton"
"1221","IfcCaissonFoundation","Betonfertigteil hochfest"
"1222","IfcCaissonFoundation","Betonfertigteil hochfest"
"1223","IfcCaissonFoundation","Tiefbaubeton"
"1224","IfcCaissonFoundation","Tiefbaubeton"
"1224","IfcCaissonFoundation","Betonfertigteil hochfest"
"1225","IfcCaissonFoundation","Tiefbaubeton"
"1226","IfcCaissonFoundation","Betonfertigteil hochfest"
"1227","IfcCaissonFoundation","Tiefbaubeton"
"1228","IfcCaissonFoundation","Betonfertigteil normalfest"
"1229","IfcCaissonFoundation","Tiefbaubeton"
"1230","IfcCaissonFoundation","Tiefbaubeton"
"1231","IfcCaissonFoundation","Tiefbaubeton"
"1232","IfcCaissonFoundation","Betonfertigteil normalfest"
"1233","IfcCaissonFoundation","Tiefbaubeton"
"1234","IfcCaissonFoundation","Tiefbaubeton"
"1235","IfcCaissonFoundation","Tiefbaubeton"
"1236","IfcCaissonFoundation","Tiefbaubeton"
"1237","IfcCaissonFoundation","Betonfertigteil normalfest"
"1238","IfcCaissonFoundation","Betonfertigteil hochfest"
"1239","IfcCaissonFoundation","Betonfertigteil hochfest"
"1240","IfcCaissonFoundation","Tiefbaubeton"
"1240","IfcCaissonFoundation","Betonfertigteil normalfest"
"1240","IfcCaissonFoundation","Betonfertigteil hochfest"
"1241","IfcCaissonFoundation","Betonfertigteil normalfest"
"1241","IfcCaissonFoundation","Betonfertigteil hochfest"
"1242","IfcCaissonFoundation","Tiefbaubeton"
"1243","IfcCaissonFoundation","Tiefbaubeton"
"1244","IfcCaissonFoundation","Betonfertigteil normalfest"
"1244","IfcCaissonFoundation","Betonfertigteil hochfest"
"1245","IfcCaissonFoundation","Tiefbaubeton"
"1245","IfcCaissonFoundation","Betonfertigteil normalfest"
"1246","IfcCaissonFoundation","Betonfertigteil normalfest"
"1247","IfcCaissonFoundation","Tiefbaubeton"
"1248","IfcCaissonFoundation","Tiefbaubeton"
"1248","IfcCaissonFoundation","Betonfertigteil normalfest"
"1249","IfcCaissonFoundation","Betonfertigteil normalfest"
"1250","IfcCaissonFoundation","Tiefbaubeton"
"1251","IfcCaissonFoundation","Tiefbaubeton"
"1251","IfcCaissonFoundation","Betonfertigteil normalfest"
"1252","IfcCaissonFoundation","Tiefbaubeton"
"1253","IfcCaissonFoundation","Betonfertigteil normalfest"
"1254","IfcCaissonFoundation","Tiefbaubeton"
"1254","IfcCaissonFoundation","Betonfertigteil hochfest"
"1255","IfcCaissonFoundation","Tiefbaubeton"
"1256","IfcCaissonFoundation","Betonfertigteil hochfest"
"1257","IfcCaissonFoundation","Tiefbaubeton"
"1257","IfcCaissonFoundation","Betonfertigteil hochfest"
"1258","IfcCaissonFoundation","Betonfertigteil hochfest"
"1259","IfcCaissonFoundation","Tiefbaubeton"
"1260","IfcCaissonFoundation","Tiefbaubeton"
"1261","IfcCaissonFoundation","Tiefbaubeton"
"1262","IfcCaissonFoundation","Betonfertigteil hochfest"
"1263","IfcCaissonFoundation","Tiefbaubeton"
"1264","IfcCaissonFoundation","Betonfertigteil normalfest"
"1265","IfcCaissonFoundation","Betonfertigteil hochfest"
"1266","IfcCaissonFoundation","Tiefbaubeton"
"1267","IfcCaissonFoundation","Tiefbaubeton"
"1268","IfcCaissonFoundation","Tiefbaubeton"
"1269","IfcCaissonFoundation","Betonfertigteil normalfest"
"1270","IfcCaissonFoundation","Tiefbaubeton"
"1271","IfcCaissonFoundation","Tiefbaubeton"
"1272","IfcCaissonFoundation","Betonfertigteil normalfest"
"1273","IfcCaissonFoundation","Tiefbaubeton"
"1274","IfcColumn","Stahlblech blank"
"1274","IfcColumn","Stahlprofil blank"
"1275","IfcColumn","Stahlblech blank"
"1275","IfcColumn","Stahlprofil blank"
"1276","IfcColumn","Stahlblech blank"
"1276","IfcColumn","Stahlprofil blank"
"1277","IfcColumn","Tiefbaubeton"
"1277","IfcColumn","Betonfertigteil normalfest"
"1277","IfcColumn","Betonfertigteil hochfest"
"1278","IfcColumn","Betonfertigteil normalfest"
"1278","IfcColumn","Betonfertigteil hochfest"
"1279","IfcColumn","Tiefbaubeton"
"1280","IfcColumn","Tiefbaubeton"
"1281","IfcColumn","Betonfertigteil normalfest"
"1281","IfcColumn","Betonfertigteil hochfest"
"1282","IfcColumn","Tiefbaubeton"
"1282","IfcColumn","Betonfertigteil normalfest"
"1283","IfcColumn","Betonfertigteil normalfest"
"1284","IfcColumn","Tiefbaubeton"
"1285","IfcColumn","Tiefbaubeton"
"1285","IfcColumn","Betonfertigteil normalfest"
"1286","IfcColumn","Tiefbaubeton"
"1287","IfcColumn","Betonfertigteil normalfest"
"1288","IfcColumn","Tiefbaubeton"
"1288","IfcColumn","Betonfertigteil normalfest"
"1289","IfcColumn","Tiefbaubeton"
"1290","IfcColumn","Betonfertigteil normalfest"
"1291","IfcColumn","Tiefbaubeton"
"1291","IfcColumn","Betonfertigteil hochfest"
"1292","IfcColumn","Betonfertigteil hochfest"
"1293","IfcColumn","Tiefbaubeton"
"1294","IfcColumn","Tiefbaubeton"
"1294","IfcColumn","Betonfertigteil hochfest"
"1295","IfcColumn","Tiefbaubeton"
"1296","IfcColumn","Betonfertigteil hochfest"
"1297","IfcColumn","Tiefbaubeton"
"1298","IfcColumn","Tiefbaubeton"
"1299","IfcColumn","Tiefbaubeton"
"1300","IfcColumn","Tiefbaubeton"
"1301","IfcColumn","Betonfertigteil normalfest"
"1302","IfcColumn","Betonfertigteil hochfest"
"1303","IfcColumn","Tiefbaubeton"
"1304","IfcColumn","Betonfertigteil normalfest"
"1305","IfcColumn","Tiefbaubeton"
"1306","IfcColumn","Tiefbaubeton"
"1307","IfcColumn","Tiefbaubeton"
"1308","IfcColumn","Betonfertigteil normalfest"
"1309","IfcColumn","Betonfertigteil hochfest"
"1310","IfcColumn","Tiefbaubeton"
"1311","IfcColumn","Stahlblech blank"
"1311","IfcColumn","Stahlprofil blank"
"1312","IfcColumn","Stahlblech blank"
"1312","IfcColumn","Stahlprofil blank"
"1313","IfcColumn","Stahlblech blank"
"1313","IfcColumn","Stahlprofil blank"
"1314","IfcColumn","Stahlblech blank"
"1314","IfcColumn","Stahlprofil blank"
"1315","IfcColumn","Stahlblech blank"
"1315","IfcColumn","Stahlprofil blank"
"1316","IfcColumn","Stahlblech blank"
"1316","IfcColumn","Stahlprofil blank"
"1317","IfcColumn","Stahlblech blank"
"1317","IfcColumn","Stahlprofil blank"
"1318","IfcColumn","Stahlblech blank"
"1318","IfcColumn","Stahlprofil blank"
"1319","IfcColumn","Tiefbaubeton"
"1319","IfcColumn","Betonfertigteil normalfest"
"1319","IfcColumn","Betonfertigteil hochfest"
"1320","IfcColumn","Betonfertigteil normalfest"
"1320","IfcColumn","Betonfertigteil hochfest"
"1321","IfcColumn","Tiefbaubeton"
"1322","IfcColumn","Tiefbaubeton"
"1323","IfcColumn","Betonfertigteil normalfest"
"1323","IfcColumn","Betonfertigteil hochfest"
"1324","IfcColumn","Tiefbaubeton"
"1324","IfcColumn","Betonfertigteil normalfest"
"1325","IfcColumn","Tiefbaubeton"
"1326","IfcColumn","Betonfertigteil normalfest"
"1327","IfcColumn","Tiefbaubeton"
"1327","IfcColumn","Betonfertigteil normalfest"
"1328","IfcColumn","Betonfertigteil normalfest"
"1329","IfcColumn","Tiefbaubeton"
"1330","IfcColumn","Tiefbaubeton"
"1330","IfcColumn","Betonfertigteil normalfest"
"1331","IfcColumn","Betonfertigteil normalfest"
"1332","IfcColumn","Tiefbaubeton"
"1333","IfcColumn","Tiefbaubeton"
"1333","IfcColumn","Betonfertigteil hochfest"
"1334","IfcColumn","Tiefbaubeton"
"1335","IfcColumn","Betonfertigteil hochfest"
"1336","IfcColumn","Tiefbaubeton"
"1336","IfcColumn","Betonfertigteil hochfest"
"1337","IfcColumn","Tiefbaubeton"
"1338","IfcColumn","Betonfertigteil hochfest"
"1339","IfcColumn","Tiefbaubeton"
"1340","IfcColumn","Betonfertigteil hochfest"
"1341","IfcColumn","Tiefbaubeton"
"1342","IfcColumn","Tiefbaubeton"
"1343","IfcColumn","Tiefbaubeton"
"1344","IfcColumn","Betonfertigteil normalfest"
"1345","IfcColumn","Betonfertigteil normalfest"
"1346","IfcColumn","Tiefbaubeton"
"1347","IfcColumn","Betonfertigteil hochfest"
"1348","IfcColumn","Tiefbaubeton"
"1349","IfcColumn","Tiefbaubeton"
"1350","IfcColumn","Tiefbaubeton"
"1351","IfcColumn","Betonfertigteil normalfest"
"1352","IfcColumn","Tiefbaubeton"
"1353","IfcColumn","Stahlblech blank"
"1353","IfcColumn","Stahlprofil blank"
"1354","IfcColumn","Stahlblech blank"
"1354","IfcColumn","Stahlprofil blank"
"1355","IfcColumn","Stahlblech blank"
"1355","IfcColumn","Stahlprofil blank"
"1356","IfcColumn","Tiefbaubeton"
"1356","IfcColumn","Betonfertigteil normalfest"
"1356","IfcColumn","Betonfertigteil hochfest"
"1357","IfcColumn","Betonfertigteil normalfest"
"1357","IfcColumn","Betonfertigteil hochfest"
"1358","IfcColumn","Tiefbaubeton"
"1359","IfcColumn","Tiefbaubeton"
"1360","IfcColumn","Betonfertigteil normalfest"
"1360","IfcColumn","Betonfertigteil hochfest"
"1361","IfcColumn","Tiefbaubeton"
"1361","IfcColumn","Betonfertigteil normalfest"
"1362","IfcColumn","Tiefbaubeton"
"1363","IfcColumn","Betonfertigteil normalfest"
"1364","IfcColumn","Tiefbaubeton"
"1364","IfcColumn","Betonfertigteil normalfest"
"1365","IfcColumn","Tiefbaubeton"
"1366","IfcColumn","Betonfertigteil normalfest"
"1367","IfcColumn","Tiefbaubeton"
"1367","IfcColumn","Betonfertigteil normalfest"
"1368","IfcColumn","Tiefbaubeton"
"1369","IfcColumn","Betonfertigteil normalfest"
"1370","IfcColumn","Tiefbaubeton"
"1370","IfcColumn","Betonfertigteil hochfest"
"1371","IfcColumn","Tiefbaubeton"
"1372","IfcColumn","Betonfertigteil hochfest"
"1373","IfcColumn","Tiefbaubeton"
"1373","IfcColumn","Betonfertigteil hochfest"
"1374","IfcColumn","Betonfertigteil hochfest"
"1375","IfcColumn","Tiefbaubeton"
"1376","IfcColumn","Tiefbaubeton"
"1377","IfcColumn","Betonfertigteil normalfest"
"1378","IfcColumn","Tiefbaubeton"
"1379","IfcColumn","Tiefbaubeton"
"1380","IfcColumn","Tiefbaubeton"
"1381","IfcColumn","Tiefbaubeton"
"1382","IfcColumn","Betonfertigteil normalfest"
"1383","IfcColumn","Tiefbaubeton"
"1384","IfcColumn","Betonfertigteil hochfest"
"1385","IfcColumn","Tiefbaubeton"
"1386","IfcColumn","Tiefbaubeton"
"1387","IfcColumn","Betonfertigteil normalfest"
"1388","IfcColumn","Tiefbaubeton"
"1389","IfcColumn","Betonfertigteil hochfest"
"1390","IfcColumn","Stahlblech blank"
"1390","IfcColumn","Stahlprofil blank"
"1391","IfcColumn","Stahlblech blank"
"1391","IfcColumn","Stahlprofil blank"
"1392","IfcColumn","Stahlblech blank"
"1392","IfcColumn","Stahlprofil blank"
"1393","IfcColumn","Stahlblech blank"
"1393","IfcColumn","Stahlprofil blank"
"1394","IfcColumn","Stahlblech blank"
"1394","IfcColumn","Stahlprofil blank"
"1395","IfcColumn","Stahlblech blank"
"1395","IfcColumn","Stahlprofil blank"
"1396","IfcColumn","Stahlblech blank"
"1396","IfcColumn","Stahlprofil blank"
"1397","IfcColumn","Stahlblech blank"
"1397","IfcColumn","Stahlprofil blank"
"1398","IfcColumn","Tiefbaubeton"
"1398","IfcColumn","Betonfertigteil normalfest"
"1398","IfcColumn","Betonfertigteil hochfest"
"1399","IfcColumn","Betonfertigteil normalfest"
"1399","IfcColumn","Betonfertigteil hochfest"
"1400","IfcColumn","Tiefbaubeton"
"1401","IfcColumn","Tiefbaubeton"
"1402","IfcColumn","Betonfertigteil normalfest"
"1402","IfcColumn","Betonfertigteil hochfest"
"1403","IfcColumn","Tiefbaubeton"
"1403","IfcColumn","Betonfertigteil normalfest"
"1404","IfcColumn","Betonfertigteil normalfest"
"1405","IfcColumn","Tiefbaubeton"
"1406","IfcColumn","Tiefbaubeton"
"1406","IfcColumn","Betonfertigteil normalfest"
"1407","IfcColumn","Betonfertigteil normalfest"
"1408","IfcColumn","Tiefbaubeton"
"1409","IfcColumn","Tiefbaubeton"
"1409","IfcColumn","Betonfertigteil normalfest"
"1410","IfcColumn","Betonfertigteil normalfest"
"1411","IfcColumn","Tiefbaubeton"
"1412","IfcColumn","Tiefbaubeton"
"1412","IfcColumn","Betonfertigteil hochfest"
"1413","IfcColumn","Tiefbaubeton"
"1414","IfcColumn","Betonfertigteil hochfest"
"1415","IfcColumn","Tiefbaubeton"
"1415","IfcColumn","Betonfertigteil hochfest"
"1416","IfcColumn","Tiefbaubeton"
"1417","IfcColumn","Betonfertigteil hochfest"
"1418","IfcColumn","Tiefbaubeton"
"1419","IfcColumn","Tiefbaubeton"
"1420","IfcColumn","Tiefbaubeton"
"1421","IfcColumn","Betonfertigteil normalfest"
"1422","IfcColumn","Betonfertigteil normalfest"
"1423","IfcColumn","Tiefbaubeton"
"1424","IfcColumn","Betonfertigteil normalfest"
"1425","IfcColumn","Tiefbaubeton"
"1426","IfcColumn","Tiefbaubeton"
"1427","IfcColumn","Tiefbaubeton"
"1428","IfcColumn","Tiefbaubeton"
"1429","IfcColumn","Betonfertigteil hochfest"
"1430","IfcColumn","Betonfertigteil hochfest"
"1431","IfcColumn","Tiefbaubeton"
"1431","IfcColumn","Betonfertigteil normalfest"
"1431","IfcColumn","Betonfertigteil hochfest"
"1432","IfcColumn","Betonfertigteil normalfest"
"1432","IfcColumn","Betonfertigteil hochfest"
"1433","IfcColumn","Tiefbaubeton"
"1434","IfcColumn","Tiefbaubeton"
"1435","IfcColumn","Betonfertigteil normalfest"
"1435","IfcColumn","Betonfertigteil hochfest"
"1436","IfcColumn","Tiefbaubeton"
"1436","IfcColumn","Betonfertigteil normalfest"
"1437","IfcColumn","Tiefbaubeton"
"1438","IfcColumn","Betonfertigteil normalfest"
"1439","IfcColumn","Tiefbaubeton"
"1439","IfcColumn","Betonfertigteil normalfest"
"1440","IfcColumn","Tiefbaubeton"
"1441","IfcColumn","Betonfertigteil normalfest"
"1442","IfcColumn","Tiefbaubeton"
"1442","IfcColumn","Betonfertigteil normalfest"
"1443","IfcColumn","Betonfertigteil normalfest"
"1444","IfcColumn","Tiefbaubeton"
"1445","IfcColumn","Tiefbaubeton"
"1445","IfcColumn","Betonfertigteil hochfest"
"1446","IfcColumn","Tiefbaubeton"
"1447","IfcColumn","Betonfertigteil hochfest"
"1448","IfcColumn","Tiefbaubeton"
"1448","IfcColumn","Betonfertigteil hochfest"
"1449","IfcColumn","Tiefbaubeton"
"1450","IfcColumn","Betonfertigteil hochfest"
"1451","IfcColumn","Tiefbaubeton"
"1452","IfcColumn","Betonfertigteil normalfest"
"1453","IfcColumn","Betonfertigteil normalfest"
"1454","IfcColumn","Tiefbaubeton"
"1455","IfcColumn","Tiefbaubeton"
"1456","IfcColumn","Betonfertigteil hochfest"
"1457","IfcColumn","Tiefbaubeton"
"1458","IfcColumn","Tiefbaubeton"
"1459","IfcColumn","Tiefbaubeton"
"1460","IfcColumn","Betonfertigteil normalfest"
"1461","IfcColumn","Tiefbaubeton"
"1462","IfcColumn","Betonfertigteil hochfest"
"1463","IfcColumn","Tiefbaubeton"
"1463","IfcColumn","Betonfertigteil normalfest"
"1463","IfcColumn","Betonfertigteil hochfest"
"1464","IfcColumn","Betonfertigteil normalfest"
"1464","IfcColumn","Betonfertigteil hochfest"
"1465","IfcColumn","Tiefbaubeton"
"1466","IfcColumn","Tiefbaubeton"
"1467","IfcColumn","Betonfertigteil normalfest"
"1467","IfcColumn","Betonfertigteil hochfest"
"1468","IfcColumn","Tiefbaubeton"
"1468","IfcColumn","Betonfertigteil normalfest"
"1469","IfcColumn","Tiefbaubeton"
"1470","IfcColumn","Betonfertigteil normalfest"
"1471","IfcColumn","Tiefbaubeton"
"1471","IfcColumn","Betonfertigteil normalfest"
"1472","IfcColumn","Betonfertigteil normalfest"
"1473","IfcColumn","Tiefbaubeton"
"1474","IfcColumn","Tiefbaubeton"
"1474","IfcColumn","Betonfertigteil normalfest"
"1475","IfcColumn","Tiefbaubeton"
"1476","IfcColumn","Betonfertigteil normalfest"
"1477","IfcColumn","Tiefbaubeton"
"1477","IfcColumn","Betonfertigteil hochfest"
"1478","IfcColumn","Betonfertigteil hochfest"
"1479","IfcColumn","Tiefbaubeton"
"1480","IfcColumn","Tiefbaubeton"
"1480","IfcColumn","Betonfertigteil hochfest"
"1481","IfcColumn","Betonfertigteil hochfest"
"1482","IfcColumn","Tiefbaubeton"
"1483","IfcColumn","Tiefbaubeton"
"1484","IfcColumn","Betonfertigteil normalfest"
"1485","IfcColumn","Betonfertigteil hochfest"
"1486","IfcColumn","Tiefbaubeton"
"1487","IfcColumn","Tiefbaubeton"
"1488","IfcColumn","Tiefbaubeton"
"1489","IfcColumn","Betonfertigteil normalfest"
"1490","IfcColumn","Tiefbaubeton"
"1491","IfcColumn","Tiefbaubeton"
"1492","IfcColumn","Tiefbaubeton"
"1493","IfcColumn","Tiefbaubeton"
"1494","IfcColumn","Betonfertigteil normalfest"
"1495","IfcColumn","Tiefbaubeton"
"1496","IfcColumn","Betonfertigteil hochfest"
"1497","IfcColumn","Tiefbaubeton"
"1497","IfcColumn","Betonfertigteil normalfest"
"1497","IfcColumn","Betonfertigteil hochfest"
"1498","IfcColumn","Betonfertigteil normalfest"
"1498","IfcColumn","Betonfertigteil hochfest"
"1499","IfcColumn","Tiefbaubeton"
"1500","IfcColumn","Tiefbaubeton"
"1501","IfcColumn","Betonfertigteil normalfest"
"1501","IfcColumn","Betonfertigteil hochfest"
"1502","IfcColumn","Tiefbaubeton"
"1502","IfcColumn","Betonfertigteil normalfest"
"1503","IfcColumn","Tiefbaubeton"
"1504","IfcColumn","Betonfertigteil normalfest"
"1505","IfcColumn","Tiefbaubeton"
"1505","IfcColumn","Betonfertigteil normalfest"
"1506","IfcColumn","Tiefbaubeton"
"1507","IfcColumn","Betonfertigteil normalfest"
"1508","IfcColumn","Tiefbaubeton"
"1508","IfcColumn","Betonfertigteil normalfest"
"1509","IfcColumn","Betonfertigteil normalfest"
"1510","IfcColumn","Tiefbaubeton"
"1511","IfcColumn","Tiefbaubeton"
"1511","IfcColumn","Betonfertigteil hochfest"
"1512","IfcColumn","Tiefbaubeton"
"1513","IfcColumn","Betonfertigteil hochfest"
"1514","IfcColumn","Tiefbaubeton"
"1514","IfcColumn","Betonfertigteil hochfest"
"1515","IfcColumn","Betonfertigteil hochfest"
"1516","IfcColumn","Tiefbaubeton"
"1517","IfcColumn","Tiefbaubeton"
"1518","IfcColumn","Tiefbaubeton"
"1519","IfcColumn","Betonfertigteil normalfest"
"1520","IfcColumn","Tiefbaubeton"
"1521","IfcColumn","Tiefbaubeton"
"1522","IfcColumn","Tiefbaubeton"
"1523","IfcColumn","Tiefbaubeton"
"1524","IfcColumn","Tiefbaubeton"
"1525","IfcColumn","Betonfertigteil hochfest"
"1526","IfcColumn","Tiefbaubeton"
"1527","IfcColumn","Betonfertigteil normalfest"
"1528","IfcColumn","Betonfertigteil normalfest"
"1529","IfcColumn","Tiefbaubeton"
"1530","IfcColumn","Betonfertigteil hochfest"
"1531","IfcColumn","Tiefbaubeton"
"1531","IfcColumn","Betonfertigteil normalfest"
"1531","IfcColumn","Betonfertigteil hochfest"
"1532","IfcColumn","Betonfertigteil normalfest"
"1532","IfcColumn","Betonfertigteil hochfest"
"1533","IfcColumn","Tiefbaubeton"
"1534","IfcColumn","Tiefbaubeton"
"1535","IfcColumn","Betonfertigteil normalfest"
"1535","IfcColumn","Betonfertigteil hochfest"
"1536","IfcColumn","Tiefbaubeton"
"1536","IfcColumn","Betonfertigteil normalfest"
"1537","IfcColumn","Betonfertigteil normalfest"
"1538","IfcColumn","Tiefbaubeton"
"1539","IfcColumn","Tiefbaubeton"
"1539","IfcColumn","Betonfertigteil normalfest"
"1540","IfcColumn","Betonfertigteil normalfest"
"1541","IfcColumn","Tiefbaubeton"
"1542","IfcColumn","Tiefbaubeton"
"1542","IfcColumn","Betonfertigteil normalfest"
"1543","IfcColumn","Tiefbaubeton"
"1544","IfcColumn","Betonfertigteil normalfest"
"1545","IfcColumn","Tiefbaubeton"
"1545","IfcColumn","Betonfertigteil hochfest"
"1546","IfcColumn","Betonfertigteil hochfest"
"1547","IfcColumn","Tiefbaubeton"
"1548","IfcColumn","Tiefbaubeton"
"1548","IfcColumn","Betonfertigteil hochfest"
"1549","IfcColumn","Betonfertigteil hochfest"
"1550","IfcColumn","Tiefbaubeton"
"1551","IfcColumn","Tiefbaubeton"
"1552","IfcColumn","Tiefbaubeton"
"1553","IfcColumn","Betonfertigteil hochfest"
"1554","IfcColumn","Tiefbaubeton"
"1555","IfcColumn","Tiefbaubeton"
"1556","IfcColumn","Betonfertigteil normalfest"
"1557","IfcColumn","Betonfertigteil hochfest"
"1558","IfcColumn","Tiefbaubeton"
"1559","IfcColumn","Tiefbaubeton"
"1560","IfcColumn","Tiefbaubeton"
"1561","IfcColumn","Tiefbaubeton"
"1562","IfcColumn","Betonfertigteil normalfest"
"1563","IfcColumn","Tiefbaubeton"
"1564","IfcColumn","Betonfertigteil normalfest"
"1565","IfcColumn","Tiefbaubeton"
"1565","IfcColumn","Betonfertigteil normalfest"
"1565","IfcColumn","Betonfertigteil hochfest"
"1566","IfcColumn","Betonfertigteil normalfest"
"1566","IfcColumn","Betonfertigteil hochfest"
"1567","IfcColumn","Tiefbaubeton"
"1568","IfcColumn","Tiefbaubeton"
"1569","IfcColumn","Betonfertigteil normalfest"
"1569","IfcColumn","Betonfertigteil hochfest"
"1570","IfcColumn","Tiefbaubeton"
"1570","IfcColumn","Betonfertigteil normalfest"
"1571","IfcColumn","Tiefbaubeton"
"1572","IfcColumn","Betonfertigteil normalfest"
"1573","IfcColumn","Tiefbaubeton"
"1573","IfcColumn","Betonfertigteil normalfest"
"1574","IfcColumn","Tiefbaubeton"
"1575","IfcColumn","Betonfertigteil normalfest"
"1576","IfcColumn","Tiefbaubeton"
"1576","IfcColumn","Betonfertigteil normalfest"
"1577","IfcColumn","Betonfertigteil normalfest"
"1578","IfcColumn","Tiefbaubeton"
"1579","IfcColumn","Tiefbaubeton"
"1579","IfcColumn","Betonfertigteil hochfest"
"1580","IfcColumn","Betonfertigteil hochfest"
"1581","IfcColumn","Tiefbaubeton"
"1582","IfcColumn","Tiefbaubeton"
"1582","IfcColumn","Betonfertigteil hochfest"
"1583","IfcColumn","Betonfertigteil hochfest"
"1584","IfcColumn","Tiefbaubeton"
"1585","IfcColumn","Tiefbaubeton"
"1586","IfcColumn","Betonfertigteil normalfest"
"1587","IfcColumn","Tiefbaubeton"
"1588","IfcColumn","Tiefbaubeton"
"1589","IfcColumn","Tiefbaubeton"
"1590","IfcColumn","Tiefbaubeton"
"1591","IfcColumn","Tiefbaubeton"
"1592","IfcColumn","Betonfertigteil normalfest"
"1593","IfcColumn","Betonfertigteil hochfest"
"1594","IfcColumn","Tiefbaubeton"
"1595","IfcColumn","Tiefbaubeton"
"1596","IfcColumn","Betonfertigteil normalfest"
"1597","IfcColumn","Betonfertigteil hochfest"
"1598","IfcColumn","Tiefbaubeton"
"1598","IfcColumn","Betonfertigteil normalfest"
"1598","IfcColumn","Betonfertigteil hochfest"
"1599","IfcColumn","Betonfertigteil normalfest"
"1599","IfcColumn","Betonfertigteil hochfest"
"1600","IfcColumn","Tiefbaubeton"
"1601","IfcColumn","Tiefbaubeton"
"1602","IfcColumn","Betonfertigteil normalfest"
"1602","IfcColumn","Betonfertigteil hochfest"
"1603","IfcColumn","Tiefbaubeton"
"1603","IfcColumn","Betonfertigteil normalfest"
"1604","IfcColumn","Betonfertigteil normalfest"
"1605","IfcColumn","Tiefbaubeton"
"1606","IfcColumn","Tiefbaubeton"
"1606","IfcColumn","Betonfertigteil normalfest"
"1607","IfcColumn","Tiefbaubeton"
"1608","IfcColumn","Betonfertigteil normalfest"
"1609","IfcColumn","Tiefbaubeton"
"1609","IfcColumn","Betonfertigteil normalfest"
"1610","IfcColumn","Tiefbaubeton"
"1611","IfcColumn","Betonfertigteil normalfest"
"1612","IfcColumn","Tiefbaubeton"
"1612","IfcColumn","Betonfertigteil hochfest"
"1613","IfcColumn","Betonfertigteil hochfest"
"1614","IfcColumn","Tiefbaubeton"
"1615","IfcColumn","Tiefbaubeton"
"1615","IfcColumn","Betonfertigteil hochfest"
"1616","IfcColumn","Tiefbaubeton"
"1617","IfcColumn","Betonfertigteil hochfest"
"1618","IfcColumn","Tiefbaubeton"
"1619","IfcColumn","Betonfertigteil normalfest"
"1620","IfcColumn","Betonfertigteil hochfest"
"1621","IfcColumn","Tiefbaubeton"
"1622","IfcColumn","Tiefbaubeton"
"1623","IfcColumn","Tiefbaubeton"
"1624","IfcColumn","Tiefbaubeton"
"1625","IfcColumn","Tiefbaubeton"
"1626","IfcColumn","Tiefbaubeton"
"1627","IfcColumn","Tiefbaubeton"
"1628","IfcColumn","Betonfertigteil normalfest"
"1629","IfcColumn","Betonfertigteil hochfest"
"1630","IfcColumn","Tiefbaubeton"
"1631","IfcColumn","Betonfertigteil normalfest"
"1632","IfcColumn","Stahlblech blank"
"1632","IfcColumn","Stahlprofil blank"
"1633","IfcColumn","Stahlblech blank"
"1633","IfcColumn","Stahlprofil blank"
"1634","IfcColumn","Stahlblech blank"
"1634","IfcColumn","Stahlprofil blank"
"1635","IfcColumn","Stahlblech blank"
"1635","IfcColumn","Stahlprofil blank"
"1636","IfcColumn","Stahlblech blank"
"1636","IfcColumn","Stahlprofil blank"
"1637","IfcColumn","Stahlblech blank"
"1637","IfcColumn","Stahlprofil blank"
"1638","IfcColumn","Stahlblech blank"
"1638","IfcColumn","Stahlprofil blank"
"1639","IfcColumn","Stahlblech blank"
"1639","IfcColumn","Stahlprofil blank"
"1640","IfcColumn","Stahlblech blank"
"1640","IfcColumn","Stahlprofil blank"
"1641","IfcColumn","Stahlblech blank"
"1641","IfcColumn","Stahlprofil blank"
"1642","IfcColumn","Stahlblech blank"
"1642","IfcColumn","Stahlprofil blank"
"1643","IfcCourse","Gussasphalt"
"1644","IfcCourse","Hartbeton einschichtig"
"1644","IfcCourse","Hartbeton zweischichtig"
"1644","IfcCourse","Tiefbaubeton"
"1644","IfcCourse","Betonfertigteil normalfest"
"1644","IfcCourse","Betonfertigteil hochfest"
"1645","IfcCourse","Betonfertigteil normalfest"
"1645","IfcCourse","Betonfertigteil hochfest"
"1646","IfcCourse","Hartbeton einschichtig"
"1646","IfcCourse","Hartbeton zweischichtig"
"1646","IfcCourse","Tiefbaubeton"
"1647","IfcCourse","Hartbeton einschichtig"
"1647","IfcCourse","Hartbeton zweischichtig"
"1647","IfcCourse","Tiefbaubeton"
"1648","IfcCourse","Betonfertigteil normalfest"
"1648","IfcCourse","Betonfertigteil hochfest"
"1649","IfcCourse","Magerbeton"
"1650","IfcCourse","Magerbeton"
"1651","IfcCourse","Magerbeton"
"1652","IfcCourse","Magerbeton"
"1653","IfcCourse","Hartbeton einschichtig"
"1653","IfcCourse","Hartbeton zweischichtig"
"1653","IfcCourse","Tiefbaubeton"
"1653","IfcCourse","Betonfertigteil normalfest"
"1654","IfcCourse","Hartbeton einschichtig"
"1654","IfcCourse","Hartbeton zweischichtig"
"1654","IfcCourse","Tiefbaubeton"
"1655","IfcCourse","Betonfertigteil normalfest"
"1656","IfcCourse","Hartbeton einschichtig"
"1656","IfcCourse","Hartbeton zweischichtig"
"1656","IfcCourse","Tiefbaubeton"
"1656","IfcCourse","Betonfertigteil normalfest"
"1657","IfcCourse","Hartbeton einschichtig"
"1657","IfcCourse","Hartbeton zweischichtig"
"1657","IfcCourse","Tiefbaubeton"
"1658","IfcCourse","Betonfertigteil normalfest"
"1659","IfcCourse","Hartbeton einschichtig"
"1659","IfcCourse","Hartbeton zweischichtig"
"1659","IfcCourse","Tiefbaubeton"
"1659","IfcCourse","Betonfertigteil normalfest"
"1660","IfcCourse","Hartbeton einschichtig"
"1660","IfcCourse","Hartbeton zweischichtig"
"1660","IfcCourse","Tiefbaubeton"
"1661","IfcCourse","Betonfertigteil normalfest"
"1662","IfcCourse","Hartbeton einschichtig"
"1662","IfcCourse","Hartbeton zweischichtig"
"1662","IfcCourse","Tiefbaubeton"
"1662","IfcCourse","Betonfertigteil hochfest"
"1663","IfcCourse","Betonfertigteil hochfest"
"1664","IfcCourse","Hartbeton einschichtig"
"1664","IfcCourse","Hartbeton zweischichtig"
"1664","IfcCourse","Tiefbaubeton"
"1665","IfcCourse","Hartbeton einschichtig"
"1665","IfcCourse","Hartbeton zweischichtig"
"1665","IfcCourse","Tiefbaubeton"
"1665","IfcCourse","Betonfertigteil hochfest"
"1666","IfcCourse","Hartbeton einschichtig"
"1666","IfcCourse","Hartbeton zweischichtig"
"1666","IfcCourse","Tiefbaubeton"
"1667","IfcCourse","Betonfertigteil hochfest"
"1668","IfcCourse","Hartbeton einschichtig"
"1668","IfcCourse","Hartbeton zweischichtig"
"1668","IfcCourse","Tiefbaubeton"
"1669","IfcCourse","Betonfertigteil hochfest"
"1670","IfcCourse","Hartbeton einschichtig"
"1670","IfcCourse","Hartbeton zweischichtig"
"1670","IfcCourse","Tiefbaubeton"
"1671","IfcCourse","Hartbeton einschichtig"
"1671","IfcCourse","Hartbeton zweischichtig"
"1671","IfcCourse","Tiefbaubeton"
"1672","IfcCourse","Hartbeton einschichtig"
"1672","IfcCourse","Hartbeton zweischichtig"
"1672","IfcCourse","Tiefbaubeton"
"1673","IfcCourse","Hartbeton einschichtig"
"1673","IfcCourse","Hartbeton zweischichtig"
"1673","IfcCourse","Tiefbaubeton"
"1674","IfcCourse","Hartbeton einschichtig"
"1674","IfcCourse","Hartbeton zweischichtig"
"1674","IfcCourse","Tiefbaubeton"
"1675","IfcCourse","Hartbeton einschichtig"
"1675","IfcCourse","Hartbeton zweischichtig"
"1675","IfcCourse","Tiefbaubeton"
"1676","IfcCourse","Betonfertigteil normalfest"
"1677","IfcCourse","Betonfertigteil normalfest"
"1678","IfcCourse","Betonfertigteil hochfest"
"1679","IfcCourse","Hartbeton einschichtig"
"1679","IfcCourse","Hartbeton zweischichtig"
"1679","IfcCourse","Tiefbaubeton"
"1680","IfcCourse","Betonfertigteil normalfest"
"1681","IfcCourse","Hartbeton einschichtig"
"1681","IfcCourse","Hartbeton zweischichtig"
"1681","IfcCourse","Tiefbaubeton"
"1682","IfcCourse","Dichtungsbahn bituminös"
"1683","IfcCourse","Sand"
"1683","IfcCourse","Rundkies"
"1683","IfcCourse","Kies gebrochen"
"1684","IfcCourse","Kies gebrochen"
"1684","IfcCourse","Rundkies"
"1685","IfcCourse","Kies gebrochen"
"1685","IfcCourse","Rundkies"
"1686","IfcCourse","Rundkies"
"1686","IfcCourse","Sand"
"1687","IfcCourse","Magerbeton"
"1688","IfcCourse","Magerbeton"
"1689","IfcCourse","Magerbeton"
"1690","IfcCourse","Backstein"
"1690","IfcCourse","Kalksandstein"
"1690","IfcCourse","Betonziegel"
"1691","IfcCourse","Kies gebrochen"
"1691","IfcCourse","Sand"
"1692","IfcCourse","Natursteinplatte geschnitten"
"1692","IfcCourse","Natursteinplatte geschliffen"
"1692","IfcCourse","Hartsandsteinplatte"
"1692","IfcCourse","Kalksteinplatte"
"1692","IfcCourse","Kunststeinplatte zementgebunden"
"1693","IfcCourse","Kies gebrochen"
"1694","IfcCourse","Hartbeton einschichtig"
"1694","IfcCourse","Hartbeton zweischichtig"
"1694","IfcCourse","Tiefbaubeton"
"1694","IfcCourse","Betonfertigteil normalfest"
"1694","IfcCourse","Betonfertigteil hochfest"
"1695","IfcCourse","Betonfertigteil normalfest"
"1695","IfcCourse","Betonfertigteil hochfest"
"1696","IfcCourse","Hartbeton einschichtig"
"1696","IfcCourse","Hartbeton zweischichtig"
"1696","IfcCourse","Tiefbaubeton"
"1697","IfcCourse","Hartbeton einschichtig"
"1697","IfcCourse","Hartbeton zweischichtig"
"1697","IfcCourse","Tiefbaubeton"
"1698","IfcCourse","Betonfertigteil normalfest"
"1698","IfcCourse","Betonfertigteil hochfest"
"1699","IfcCourse","Hartbeton einschichtig"
"1699","IfcCourse","Hartbeton zweischichtig"
"1699","IfcCourse","Tiefbaubeton"
"1699","IfcCourse","Betonfertigteil normalfest"
"1700","IfcCourse","Hartbeton einschichtig"
"1700","IfcCourse","Hartbeton zweischichtig"
"1700","IfcCourse","Tiefbaubeton"
"1701","IfcCourse","Betonfertigteil normalfest"
"1702","IfcCourse","Hartbeton einschichtig"
"1702","IfcCourse","Hartbeton zweischichtig"
"1702","IfcCourse","Tiefbaubeton"
"1702","IfcCourse","Betonfertigteil normalfest"
"1703","IfcCourse","Hartbeton einschichtig"
"1703","IfcCourse","Hartbeton zweischichtig"
"1703","IfcCourse","Tiefbaubeton"
"1704","IfcCourse","Betonfertigteil normalfest"
"1705","IfcCourse","Hartbeton einschichtig"
"1705","IfcCourse","Hartbeton zweischichtig"
"1705","IfcCourse","Tiefbaubeton"
"1705","IfcCourse","Betonfertigteil normalfest"
"1706","IfcCourse","Hartbeton einschichtig"
"1706","IfcCourse","Hartbeton zweischichtig"
"1706","IfcCourse","Tiefbaubeton"
"1707","IfcCourse","Betonfertigteil normalfest"
"1708","IfcCourse","Hartbeton einschichtig"
"1708","IfcCourse","Hartbeton zweischichtig"
"1708","IfcCourse","Tiefbaubeton"
"1708","IfcCourse","Betonfertigteil hochfest"
"1709","IfcCourse","Betonfertigteil hochfest"
"1710","IfcCourse","Hartbeton einschichtig"
"1710","IfcCourse","Hartbeton zweischichtig"
"1710","IfcCourse","Tiefbaubeton"
"1711","IfcCourse","Hartbeton einschichtig"
"1711","IfcCourse","Hartbeton zweischichtig"
"1711","IfcCourse","Tiefbaubeton"
"1711","IfcCourse","Betonfertigteil hochfest"
"1712","IfcCourse","Hartbeton einschichtig"
"1712","IfcCourse","Hartbeton zweischichtig"
"1712","IfcCourse","Tiefbaubeton"
"1713","IfcCourse","Betonfertigteil hochfest"
"1714","IfcCourse","Hartbeton einschichtig"
"1714","IfcCourse","Hartbeton zweischichtig"
"1714","IfcCourse","Tiefbaubeton"
"1715","IfcCourse","Betonfertigteil normalfest"
"1716","IfcCourse","Hartbeton einschichtig"
"1716","IfcCourse","Hartbeton zweischichtig"
"1716","IfcCourse","Tiefbaubeton"
"1717","IfcCourse","Hartbeton einschichtig"
"1717","IfcCourse","Hartbeton zweischichtig"
"1717","IfcCourse","Tiefbaubeton"
"1718","IfcCourse","Hartbeton einschichtig"
"1718","IfcCourse","Hartbeton zweischichtig"
"1718","IfcCourse","Tiefbaubeton"
"1719","IfcCourse","Betonfertigteil hochfest"
"1720","IfcCourse","Hartbeton einschichtig"
"1720","IfcCourse","Hartbeton zweischichtig"
"1720","IfcCourse","Tiefbaubeton"
"1721","IfcCourse","Hartbeton einschichtig"
"1721","IfcCourse","Hartbeton zweischichtig"
"1721","IfcCourse","Tiefbaubeton"
"1722","IfcCourse","Hartbeton einschichtig"
"1722","IfcCourse","Hartbeton zweischichtig"
"1722","IfcCourse","Tiefbaubeton"
"1723","IfcCourse","Hartbeton einschichtig"
"1723","IfcCourse","Hartbeton zweischichtig"
"1723","IfcCourse","Tiefbaubeton"
"1724","IfcCourse","Betonfertigteil normalfest"
"1725","IfcCourse","Betonfertigteil normalfest"
"1726","IfcCourse","Betonfertigteil hochfest"
"1727","IfcCourse","Hartbeton einschichtig"
"1727","IfcCourse","Hartbeton zweischichtig"
"1727","IfcCourse","Tiefbaubeton"
"1728","IfcCourse","Kies gebrochen"
"1728","IfcCourse","Rundkies"
"1729","IfcCourse","Hartbeton einschichtig"
"1729","IfcCourse","Hartbeton zweischichtig"
"1729","IfcCourse","Tiefbaubeton"
"1729","IfcCourse","Betonfertigteil normalfest"
"1729","IfcCourse","Betonfertigteil hochfest"
"1730","IfcCourse","Betonfertigteil normalfest"
"1730","IfcCourse","Betonfertigteil hochfest"
"1731","IfcCourse","Hartbeton einschichtig"
"1731","IfcCourse","Hartbeton zweischichtig"
"1731","IfcCourse","Tiefbaubeton"
"1732","IfcCourse","Hartbeton einschichtig"
"1732","IfcCourse","Hartbeton zweischichtig"
"1732","IfcCourse","Tiefbaubeton"
"1733","IfcCourse","Betonfertigteil normalfest"
"1733","IfcCourse","Betonfertigteil hochfest"
"1734","IfcCourse","Magerbeton"
"1735","IfcCourse","Magerbeton"
"1736","IfcCourse","Magerbeton"
"1737","IfcCourse","Magerbeton"
"1738","IfcCourse","Hartbeton einschichtig"
"1738","IfcCourse","Hartbeton zweischichtig"
"1738","IfcCourse","Tiefbaubeton"
"1738","IfcCourse","Betonfertigteil normalfest"
"1739","IfcCourse","Betonfertigteil normalfest"
"1740","IfcCourse","Hartbeton einschichtig"
"1740","IfcCourse","Hartbeton zweischichtig"
"1740","IfcCourse","Tiefbaubeton"
"1741","IfcCourse","Hartbeton einschichtig"
"1741","IfcCourse","Hartbeton zweischichtig"
"1741","IfcCourse","Tiefbaubeton"
"1741","IfcCourse","Betonfertigteil normalfest"
"1742","IfcCourse","Betonfertigteil normalfest"
"1743","IfcCourse","Hartbeton einschichtig"
"1743","IfcCourse","Hartbeton zweischichtig"
"1743","IfcCourse","Tiefbaubeton"
"1744","IfcCourse","Hartbeton einschichtig"
"1744","IfcCourse","Hartbeton zweischichtig"
"1744","IfcCourse","Tiefbaubeton"
"1744","IfcCourse","Betonfertigteil normalfest"
"1745","IfcCourse","Hartbeton einschichtig"
"1745","IfcCourse","Hartbeton zweischichtig"
"1745","IfcCourse","Tiefbaubeton"
"1746","IfcCourse","Betonfertigteil normalfest"
"1747","IfcCourse","Hartbeton einschichtig"
"1747","IfcCourse","Hartbeton zweischichtig"
"1747","IfcCourse","Tiefbaubeton"
"1747","IfcCourse","Betonfertigteil hochfest"
"1748","IfcCourse","Hartbeton einschichtig"
"1748","IfcCourse","Hartbeton zweischichtig"
"1748","IfcCourse","Tiefbaubeton"
"1749","IfcCourse","Betonfertigteil hochfest"
"1750","IfcCourse","Hartbeton einschichtig"
"1750","IfcCourse","Hartbeton zweischichtig"
"1750","IfcCourse","Tiefbaubeton"
"1750","IfcCourse","Betonfertigteil hochfest"
"1751","IfcCourse","Hartbeton einschichtig"
"1751","IfcCourse","Hartbeton zweischichtig"
"1751","IfcCourse","Tiefbaubeton"
"1752","IfcCourse","Betonfertigteil hochfest"
"1753","IfcCourse","Hartbeton einschichtig"
"1753","IfcCourse","Hartbeton zweischichtig"
"1753","IfcCourse","Tiefbaubeton"
"1754","IfcCourse","Betonfertigteil normalfest"
"1755","IfcCourse","Betonfertigteil hochfest"
"1756","IfcCourse","Hartbeton einschichtig"
"1756","IfcCourse","Hartbeton zweischichtig"
"1756","IfcCourse","Tiefbaubeton"
"1757","IfcCourse","Hartbeton einschichtig"
"1757","IfcCourse","Hartbeton zweischichtig"
"1757","IfcCourse","Tiefbaubeton"
"1758","IfcCourse","Hartbeton einschichtig"
"1758","IfcCourse","Hartbeton zweischichtig"
"1758","IfcCourse","Tiefbaubeton"
"1759","IfcCourse","Betonfertigteil normalfest"
"1760","IfcCourse","Hartbeton einschichtig"
"1760","IfcCourse","Hartbeton zweischichtig"
"1760","IfcCourse","Tiefbaubeton"
"1761","IfcCourse","Betonfertigteil normalfest"
"1762","IfcCourse","Hartbeton einschichtig"
"1762","IfcCourse","Hartbeton zweischichtig"
"1762","IfcCourse","Tiefbaubeton"
"1763","IfcCourse","Hartbeton einschichtig"
"1763","IfcCourse","Hartbeton zweischichtig"
"1763","IfcCourse","Tiefbaubeton"
"1764","IfcCourse","Hartbeton einschichtig"
"1764","IfcCourse","Hartbeton zweischichtig"
"1764","IfcCourse","Tiefbaubeton"
"1765","IfcCourse","Hartbeton einschichtig"
"1765","IfcCourse","Hartbeton zweischichtig"
"1765","IfcCourse","Tiefbaubeton"
"1766","IfcCourse","Betonfertigteil hochfest"
"1767","IfcCourse","Kalksteinplatte"
"1767","IfcCourse","Hartsandsteinplatte"
"1767","IfcCourse","Kies gebrochen"
"1768","IfcCourse","Kies gebrochen"
"1768","IfcCourse","Rundkies"
"1769","IfcCourse","Kies gebrochen"
"1770","IfcCourse","Hartbeton einschichtig"
"1770","IfcCourse","Hartbeton zweischichtig"
"1770","IfcCourse","Tiefbaubeton"
"1770","IfcCourse","Betonfertigteil normalfest"
"1770","IfcCourse","Betonfertigteil hochfest"
"1771","IfcCourse","Betonfertigteil normalfest"
"1771","IfcCourse","Betonfertigteil hochfest"
"1772","IfcCourse","Hartbeton einschichtig"
"1772","IfcCourse","Hartbeton zweischichtig"
"1772","IfcCourse","Tiefbaubeton"
"1773","IfcCourse","Hartbeton einschichtig"
"1773","IfcCourse","Hartbeton zweischichtig"
"1773","IfcCourse","Tiefbaubeton"
"1774","IfcCourse","Betonfertigteil normalfest"
"1774","IfcCourse","Betonfertigteil hochfest"
"1775","IfcCourse","Hartbeton einschichtig"
"1775","IfcCourse","Hartbeton zweischichtig"
"1775","IfcCourse","Tiefbaubeton"
"1775","IfcCourse","Betonfertigteil normalfest"
"1776","IfcCourse","Hartbeton einschichtig"
"1776","IfcCourse","Hartbeton zweischichtig"
"1776","IfcCourse","Tiefbaubeton"
"1777","IfcCourse","Betonfertigteil normalfest"
"1778","IfcCourse","Hartbeton einschichtig"
"1778","IfcCourse","Hartbeton zweischichtig"
"1778","IfcCourse","Tiefbaubeton"
"1778","IfcCourse","Betonfertigteil normalfest"
"1779","IfcCourse","Betonfertigteil normalfest"
"1780","IfcCourse","Hartbeton einschichtig"
"1780","IfcCourse","Hartbeton zweischichtig"
"1780","IfcCourse","Tiefbaubeton"
"1781","IfcCourse","Hartbeton einschichtig"
"1781","IfcCourse","Hartbeton zweischichtig"
"1781","IfcCourse","Tiefbaubeton"
"1781","IfcCourse","Betonfertigteil normalfest"
"1782","IfcCourse","Betonfertigteil normalfest"
"1783","IfcCourse","Hartbeton einschichtig"
"1783","IfcCourse","Hartbeton zweischichtig"
"1783","IfcCourse","Tiefbaubeton"
"1784","IfcCourse","Hartbeton einschichtig"
"1784","IfcCourse","Hartbeton zweischichtig"
"1784","IfcCourse","Tiefbaubeton"
"1784","IfcCourse","Betonfertigteil hochfest"
"1785","IfcCourse","Hartbeton einschichtig"
"1785","IfcCourse","Hartbeton zweischichtig"
"1785","IfcCourse","Tiefbaubeton"
"1786","IfcCourse","Betonfertigteil hochfest"
"1787","IfcCourse","Hartbeton einschichtig"
"1787","IfcCourse","Hartbeton zweischichtig"
"1787","IfcCourse","Tiefbaubeton"
"1787","IfcCourse","Betonfertigteil hochfest"
"1788","IfcCourse","Betonfertigteil hochfest"
"1789","IfcCourse","Hartbeton einschichtig"
"1789","IfcCourse","Hartbeton zweischichtig"
"1789","IfcCourse","Tiefbaubeton"
"1790","IfcCourse","Hartbeton einschichtig"
"1790","IfcCourse","Hartbeton zweischichtig"
"1790","IfcCourse","Tiefbaubeton"
"1791","IfcCourse","Hartbeton einschichtig"
"1791","IfcCourse","Hartbeton zweischichtig"
"1791","IfcCourse","Tiefbaubeton"
"1792","IfcCourse","Hartbeton einschichtig"
"1792","IfcCourse","Hartbeton zweischichtig"
"1792","IfcCourse","Tiefbaubeton"
"1793","IfcCourse","Hartbeton einschichtig"
"1793","IfcCourse","Hartbeton zweischichtig"
"1793","IfcCourse","Tiefbaubeton"
"1794","IfcCourse","Betonfertigteil normalfest"
"1795","IfcCourse","Betonfertigteil hochfest"
"1796","IfcCourse","Betonfertigteil hochfest"
"1797","IfcCourse","Hartbeton einschichtig"
"1797","IfcCourse","Hartbeton zweischichtig"
"1797","IfcCourse","Tiefbaubeton"
"1798","IfcCourse","Hartbeton einschichtig"
"1798","IfcCourse","Hartbeton zweischichtig"
"1798","IfcCourse","Tiefbaubeton"
"1799","IfcCourse","Betonfertigteil normalfest"
"1800","IfcCourse","Hartbeton einschichtig"
"1800","IfcCourse","Hartbeton zweischichtig"
"1800","IfcCourse","Tiefbaubeton"
"1801","IfcCourse","Hartbeton einschichtig"
"1801","IfcCourse","Hartbeton zweischichtig"
"1801","IfcCourse","Tiefbaubeton"
"1802","IfcCourse","Betonfertigteil normalfest"
"1803","IfcCourse","Hartbeton einschichtig"
"1803","IfcCourse","Hartbeton zweischichtig"
"1803","IfcCourse","Tiefbaubeton"
"1804","IfcCourse","Rundkies"
"1805","IfcCourse","Rundkies"
"1806","IfcCourse","Rundkies"
"1807","IfcCourse","Kies gebrochen"
"1808","IfcCourse","Hartbeton einschichtig"
"1808","IfcCourse","Hartbeton zweischichtig"
"1808","IfcCourse","Tiefbaubeton"
"1808","IfcCourse","Betonfertigteil normalfest"
"1808","IfcCourse","Betonfertigteil hochfest"
"1809","IfcCourse","Hartbeton einschichtig"
"1809","IfcCourse","Hartbeton zweischichtig"
"1809","IfcCourse","Tiefbaubeton"
"1810","IfcCourse","Hartbeton einschichtig"
"1810","IfcCourse","Hartbeton zweischichtig"
"1810","IfcCourse","Tiefbaubeton"
"1811","IfcCourse","Betonfertigteil normalfest"
"1811","IfcCourse","Betonfertigteil hochfest"
"1812","IfcCourse","Magerbeton"
"1813","IfcCourse","Magerbeton"
"1814","IfcCourse","Magerbeton"
"1815","IfcCourse","Magerbeton"
"1816","IfcCourse","Hartbeton einschichtig"
"1816","IfcCourse","Hartbeton zweischichtig"
"1816","IfcCourse","Tiefbaubeton"
"1816","IfcCourse","Betonfertigteil normalfest"
"1817","IfcCourse","Hartbeton einschichtig"
"1817","IfcCourse","Hartbeton zweischichtig"
"1817","IfcCourse","Tiefbaubeton"
"1818","IfcCourse","Betonfertigteil normalfest"
"1819","IfcCourse","Hartbeton einschichtig"
"1819","IfcCourse","Hartbeton zweischichtig"
"1819","IfcCourse","Tiefbaubeton"
"1819","IfcCourse","Betonfertigteil normalfest"
"1820","IfcCourse","Hartbeton einschichtig"
"1820","IfcCourse","Hartbeton zweischichtig"
"1820","IfcCourse","Tiefbaubeton"
"1821","IfcCourse","Betonfertigteil normalfest"
"1822","IfcCourse","Hartbeton einschichtig"
"1822","IfcCourse","Hartbeton zweischichtig"
"1822","IfcCourse","Tiefbaubeton"
"1822","IfcCourse","Betonfertigteil normalfest"
"1823","IfcCourse","Hartbeton einschichtig"
"1823","IfcCourse","Hartbeton zweischichtig"
"1823","IfcCourse","Tiefbaubeton"
"1824","IfcCourse","Betonfertigteil normalfest"
"1825","IfcCourse","Hartbeton einschichtig"
"1825","IfcCourse","Hartbeton zweischichtig"
"1825","IfcCourse","Tiefbaubeton"
"1825","IfcCourse","Betonfertigteil hochfest"
"1826","IfcCourse","Hartbeton einschichtig"
"1826","IfcCourse","Hartbeton zweischichtig"
"1826","IfcCourse","Tiefbaubeton"
"1827","IfcCourse","Betonfertigteil hochfest"
"1828","IfcCourse","Hartbeton einschichtig"
"1828","IfcCourse","Hartbeton zweischichtig"
"1828","IfcCourse","Tiefbaubeton"
"1828","IfcCourse","Betonfertigteil hochfest"
"1829","IfcCourse","Hartbeton einschichtig"
"1829","IfcCourse","Hartbeton zweischichtig"
"1829","IfcCourse","Tiefbaubeton"
"1830","IfcCourse","Betonfertigteil hochfest"
"1831","IfcCourse","Hartbeton einschichtig"
"1831","IfcCourse","Hartbeton zweischichtig"
"1831","IfcCourse","Tiefbaubeton"
"1832","IfcCourse","Hartbeton einschichtig"
"1832","IfcCourse","Hartbeton zweischichtig"
"1832","IfcCourse","Tiefbaubeton"
"1833","IfcCourse","Hartbeton einschichtig"
"1833","IfcCourse","Hartbeton zweischichtig"
"1833","IfcCourse","Tiefbaubeton"
"1834","IfcCourse","Hartbeton einschichtig"
"1834","IfcCourse","Hartbeton zweischichtig"
"1834","IfcCourse","Tiefbaubeton"
"1835","IfcCourse","Hartbeton einschichtig"
"1835","IfcCourse","Hartbeton zweischichtig"
"1835","IfcCourse","Tiefbaubeton"
"1836","IfcCourse","Betonfertigteil normalfest"
"1837","IfcCourse","Hartbeton einschichtig"
"1837","IfcCourse","Hartbeton zweischichtig"
"1837","IfcCourse","Tiefbaubeton"
"1838","IfcCourse","Hartbeton einschichtig"
"1838","IfcCourse","Hartbeton zweischichtig"
"1838","IfcCourse","Tiefbaubeton"
"1839","IfcCourse","Hartbeton einschichtig"
"1839","IfcCourse","Hartbeton zweischichtig"
"1839","IfcCourse","Tiefbaubeton"
"1840","IfcCourse","Hartbeton einschichtig"
"1840","IfcCourse","Hartbeton zweischichtig"
"1840","IfcCourse","Tiefbaubeton"
"1841","IfcCourse","Betonfertigteil normalfest"
"1842","IfcCourse","Betonfertigteil normalfest"
"1843","IfcCourse","Betonfertigteil hochfest"
"1844","IfcCourse","Betonfertigteil hochfest"
"1845","IfcCourse","Sand"
"1845","IfcCourse","Rundkies"
"1845","IfcCourse","Kies gebrochen"
"1846","IfcCourse","Kies gebrochen"
"1847","IfcCourse","Magerbeton"
"1848","IfcCourse","Magerbeton"
"1849","IfcCourse","Magerbeton"
"1850","IfcCourse","Backstein"
"1850","IfcCourse","Kalksandstein"
"1850","IfcCourse","Betonziegel"
"1851","IfcCourse","Hartbeton einschichtig"
"1851","IfcCourse","Hartbeton zweischichtig"
"1851","IfcCourse","Tiefbaubeton"
"1851","IfcCourse","Betonfertigteil normalfest"
"1851","IfcCourse","Betonfertigteil hochfest"
"1852","IfcCourse","Betonfertigteil normalfest"
"1852","IfcCourse","Betonfertigteil hochfest"
"1853","IfcCourse","Hartbeton einschichtig"
"1853","IfcCourse","Hartbeton zweischichtig"
"1853","IfcCourse","Tiefbaubeton"
"1854","IfcCourse","Hartbeton einschichtig"
"1854","IfcCourse","Hartbeton zweischichtig"
"1854","IfcCourse","Tiefbaubeton"
"1855","IfcCourse","Betonfertigteil normalfest"
"1855","IfcCourse","Betonfertigteil hochfest"
"1856","IfcCourse","Hartbeton einschichtig"
"1856","IfcCourse","Hartbeton zweischichtig"
"1856","IfcCourse","Tiefbaubeton"
"1856","IfcCourse","Betonfertigteil normalfest"
"1857","IfcCourse","Betonfertigteil normalfest"
"1858","IfcCourse","Hartbeton einschichtig"
"1858","IfcCourse","Hartbeton zweischichtig"
"1858","IfcCourse","Tiefbaubeton"
"1859","IfcCourse","Hartbeton einschichtig"
"1859","IfcCourse","Hartbeton zweischichtig"
"1859","IfcCourse","Tiefbaubeton"
"1859","IfcCourse","Betonfertigteil normalfest"
"1860","IfcCourse","Betonfertigteil normalfest"
"1861","IfcCourse","Hartbeton einschichtig"
"1861","IfcCourse","Hartbeton zweischichtig"
"1861","IfcCourse","Tiefbaubeton"
"1862","IfcCourse","Hartbeton einschichtig"
"1862","IfcCourse","Hartbeton zweischichtig"
"1862","IfcCourse","Tiefbaubeton"
"1862","IfcCourse","Betonfertigteil normalfest"
"1863","IfcCourse","Hartbeton einschichtig"
"1863","IfcCourse","Hartbeton zweischichtig"
"1863","IfcCourse","Tiefbaubeton"
"1864","IfcCourse","Betonfertigteil normalfest"
"1865","IfcCourse","Hartbeton einschichtig"
"1865","IfcCourse","Hartbeton zweischichtig"
"1865","IfcCourse","Tiefbaubeton"
"1865","IfcCourse","Betonfertigteil hochfest"
"1866","IfcCourse","Hartbeton einschichtig"
"1866","IfcCourse","Hartbeton zweischichtig"
"1866","IfcCourse","Tiefbaubeton"
"1867","IfcCourse","Betonfertigteil hochfest"
"1868","IfcCourse","Hartbeton einschichtig"
"1868","IfcCourse","Hartbeton zweischichtig"
"1868","IfcCourse","Tiefbaubeton"
"1868","IfcCourse","Betonfertigteil hochfest"
"1869","IfcCourse","Betonfertigteil hochfest"
"1870","IfcCourse","Hartbeton einschichtig"
"1870","IfcCourse","Hartbeton zweischichtig"
"1870","IfcCourse","Tiefbaubeton"
"1871","IfcCourse","Hartbeton einschichtig"
"1871","IfcCourse","Hartbeton zweischichtig"
"1871","IfcCourse","Tiefbaubeton"
"1872","IfcCourse","Hartbeton einschichtig"
"1872","IfcCourse","Hartbeton zweischichtig"
"1872","IfcCourse","Tiefbaubeton"
"1873","IfcCourse","Hartbeton einschichtig"
"1873","IfcCourse","Hartbeton zweischichtig"
"1873","IfcCourse","Tiefbaubeton"
"1874","IfcCourse","Hartbeton einschichtig"
"1874","IfcCourse","Hartbeton zweischichtig"
"1874","IfcCourse","Tiefbaubeton"
"1875","IfcCourse","Betonfertigteil normalfest"
"1876","IfcCourse","Hartbeton einschichtig"
"1876","IfcCourse","Hartbeton zweischichtig"
"1876","IfcCourse","Tiefbaubeton"
"1877","IfcCourse","Betonfertigteil normalfest"
"1878","IfcCourse","Betonfertigteil hochfest"
"1879","IfcCourse","Hartbeton einschichtig"
"1879","IfcCourse","Hartbeton zweischichtig"
"1879","IfcCourse","Tiefbaubeton"
"1880","IfcCourse","Hartbeton einschichtig"
"1880","IfcCourse","Hartbeton zweischichtig"
"1880","IfcCourse","Tiefbaubeton"
"1881","IfcCourse","Betonfertigteil normalfest"
"1882","IfcCourse","Betonfertigteil hochfest"
"1883","IfcCourse","Hartbeton einschichtig"
"1883","IfcCourse","Hartbeton zweischichtig"
"1883","IfcCourse","Tiefbaubeton"
"1884","IfcCourse","Hartbeton einschichtig"
"1884","IfcCourse","Hartbeton zweischichtig"
"1884","IfcCourse","Tiefbaubeton"
"1885","IfcCourse","Kies gebrochen"
"1885","IfcCourse","Rundkies"
"1885","IfcCourse","Sand"
"1886","IfcCourse","Rundkies"
"1886","IfcCourse","Sand"
"1887","IfcCourse","Kies gebrochen"
"1887","IfcCourse","Sand"
"1888","IfcCourse","Kies gebrochen"
"1888","IfcCourse","Rundkies"
"1888","IfcCourse","Sand"
"1889","IfcCourse","Gussasphalt"
"1890","IfcCourse","Gussasphalt"
"1891","IfcCourse","Hartbeton einschichtig"
"1891","IfcCourse","Hartbeton zweischichtig"
"1891","IfcCourse","Tiefbaubeton"
"1892","IfcCourse","Hartbeton einschichtig"
"1892","IfcCourse","Hartbeton zweischichtig"
"1892","IfcCourse","Tiefbaubeton"
"1893","IfcCourse","Hartbeton einschichtig"
"1893","IfcCourse","Hartbeton zweischichtig"
"1893","IfcCourse","Tiefbaubeton"
"1894","IfcCourse","Hartbeton einschichtig"
"1894","IfcCourse","Hartbeton zweischichtig"
"1894","IfcCourse","Tiefbaubeton"
"1895","IfcCourse","Hartbeton einschichtig"
"1895","IfcCourse","Hartbeton zweischichtig"
"1895","IfcCourse","Tiefbaubeton"
"1896","IfcCourse","Magerbeton"
"1897","IfcCourse","Magerbeton"
"1898","IfcCourse","Magerbeton"
"1899","IfcCourse","Magerbeton"
"1900","IfcCourse","Hartbeton einschichtig"
"1900","IfcCourse","Hartbeton zweischichtig"
"1900","IfcCourse","Tiefbaubeton"
"1901","IfcCourse","Hartbeton einschichtig"
"1901","IfcCourse","Hartbeton zweischichtig"
"1901","IfcCourse","Tiefbaubeton"
"1902","IfcCourse","Hartbeton einschichtig"
"1902","IfcCourse","Hartbeton zweischichtig"
"1902","IfcCourse","Tiefbaubeton"
"1903","IfcCourse","Hartbeton einschichtig"
"1903","IfcCourse","Hartbeton zweischichtig"
"1903","IfcCourse","Tiefbaubeton"
"1904","IfcCourse","Hartbeton einschichtig"
"1904","IfcCourse","Hartbeton zweischichtig"
"1904","IfcCourse","Tiefbaubeton"
"1905","IfcCourse","Hartbeton einschichtig"
"1905","IfcCourse","Hartbeton zweischichtig"
"1905","IfcCourse","Tiefbaubeton"
"1906","IfcCourse","Hartbeton einschichtig"
"1906","IfcCourse","Hartbeton zweischichtig"
"1906","IfcCourse","Tiefbaubeton"
"1907","IfcCourse","Hartbeton einschichtig"
"1907","IfcCourse","Hartbeton zweischichtig"
"1907","IfcCourse","Tiefbaubeton"
"1908","IfcCourse","Hartbeton einschichtig"
"1908","IfcCourse","Hartbeton zweischichtig"
"1908","IfcCourse","Tiefbaubeton"
"1909","IfcCourse","Hartbeton einschichtig"
"1909","IfcCourse","Hartbeton zweischichtig"
"1909","IfcCourse","Tiefbaubeton"
"1910","IfcCourse","Hartbeton einschichtig"
"1910","IfcCourse","Hartbeton zweischichtig"
"1910","IfcCourse","Tiefbaubeton"
"1911","IfcCourse","Hartbeton einschichtig"
"1911","IfcCourse","Hartbeton zweischichtig"
"1911","IfcCourse","Tiefbaubeton"
"1912","IfcCourse","Hartbeton einschichtig"
"1912","IfcCourse","Hartbeton zweischichtig"
"1912","IfcCourse","Tiefbaubeton"
"1913","IfcCourse","Hartbeton einschichtig"
"1913","IfcCourse","Hartbeton zweischichtig"
"1913","IfcCourse","Tiefbaubeton"
"1914","IfcCourse","Hartbeton einschichtig"
"1914","IfcCourse","Hartbeton zweischichtig"
"1914","IfcCourse","Tiefbaubeton"
"1915","IfcCourse","Hartbeton einschichtig"
"1915","IfcCourse","Hartbeton zweischichtig"
"1915","IfcCourse","Tiefbaubeton"
"1916","IfcCourse","Hartbeton einschichtig"
"1916","IfcCourse","Hartbeton zweischichtig"
"1916","IfcCourse","Tiefbaubeton"
"1917","IfcCourse","Hartbeton einschichtig"
"1917","IfcCourse","Hartbeton zweischichtig"
"1917","IfcCourse","Tiefbaubeton"
"1918","IfcCourse","Hartbeton einschichtig"
"1918","IfcCourse","Hartbeton zweischichtig"
"1918","IfcCourse","Tiefbaubeton"
"1919","IfcCourse","Hartbeton einschichtig"
"1919","IfcCourse","Hartbeton zweischichtig"
"1919","IfcCourse","Tiefbaubeton"
"1920","IfcCourse","Hartbeton einschichtig"
"1920","IfcCourse","Hartbeton zweischichtig"
"1920","IfcCourse","Tiefbaubeton"
"1921","IfcCourse","Hartbeton einschichtig"
"1921","IfcCourse","Hartbeton zweischichtig"
"1921","IfcCourse","Tiefbaubeton"
"1922","IfcCourse","Hartbeton einschichtig"
"1922","IfcCourse","Hartbeton zweischichtig"
"1922","IfcCourse","Tiefbaubeton"
"1923","IfcCourse","Hartbeton einschichtig"
"1923","IfcCourse","Hartbeton zweischichtig"
"1923","IfcCourse","Tiefbaubeton"
"1924","IfcCourse","Hartbeton einschichtig"
"1924","IfcCourse","Hartbeton zweischichtig"
"1924","IfcCourse","Tiefbaubeton"
"1925","IfcCourse","Hartbeton einschichtig"
"1925","IfcCourse","Hartbeton zweischichtig"
"1925","IfcCourse","Tiefbaubeton"
"1926","IfcCourse","Hartbeton einschichtig"
"1926","IfcCourse","Hartbeton zweischichtig"
"1926","IfcCourse","Tiefbaubeton"
"1927","IfcCourse","Hartbeton einschichtig"
"1927","IfcCourse","Hartbeton zweischichtig"
"1927","IfcCourse","Tiefbaubeton"
"1928","IfcCourse","Gussasphalt"
"1929","IfcCourse","Gussasphalt"
"1930","IfcCourse","Hartbeton einschichtig"
"1930","IfcCourse","Hartbeton zweischichtig"
"1930","IfcCourse","Tiefbaubeton"
"1931","IfcCourse","Hartbeton einschichtig"
"1931","IfcCourse","Hartbeton zweischichtig"
"1931","IfcCourse","Tiefbaubeton"
"1932","IfcCourse","Hartbeton einschichtig"
"1932","IfcCourse","Hartbeton zweischichtig"
"1932","IfcCourse","Tiefbaubeton"
"1933","IfcCourse","Hartbeton einschichtig"
"1933","IfcCourse","Hartbeton zweischichtig"
"1933","IfcCourse","Tiefbaubeton"
"1934","IfcCourse","Hartbeton einschichtig"
"1934","IfcCourse","Hartbeton zweischichtig"
"1934","IfcCourse","Tiefbaubeton"
"1935","IfcCourse","Hartbeton einschichtig"
"1935","IfcCourse","Hartbeton zweischichtig"
"1935","IfcCourse","Tiefbaubeton"
"1936","IfcCourse","Hartbeton einschichtig"
"1936","IfcCourse","Hartbeton zweischichtig"
"1936","IfcCourse","Tiefbaubeton"
"1937","IfcCourse","Hartbeton einschichtig"
"1937","IfcCourse","Hartbeton zweischichtig"
"1937","IfcCourse","Tiefbaubeton"
"1938","IfcCourse","Hartbeton einschichtig"
"1938","IfcCourse","Hartbeton zweischichtig"
"1938","IfcCourse","Tiefbaubeton"
"1939","IfcCourse","Hartbeton einschichtig"
"1939","IfcCourse","Hartbeton zweischichtig"
"1939","IfcCourse","Tiefbaubeton"
"1940","IfcCourse","Hartbeton einschichtig"
"1940","IfcCourse","Hartbeton zweischichtig"
"1940","IfcCourse","Tiefbaubeton"
"1941","IfcCourse","Hartbeton einschichtig"
"1941","IfcCourse","Hartbeton zweischichtig"
"1941","IfcCourse","Tiefbaubeton"
"1942","IfcCourse","Hartbeton einschichtig"
"1942","IfcCourse","Hartbeton zweischichtig"
"1942","IfcCourse","Tiefbaubeton"
"1943","IfcCourse","Hartbeton einschichtig"
"1943","IfcCourse","Hartbeton zweischichtig"
"1943","IfcCourse","Tiefbaubeton"
"1944","IfcCourse","Hartbeton einschichtig"
"1944","IfcCourse","Hartbeton zweischichtig"
"1944","IfcCourse","Tiefbaubeton"
"1945","IfcCourse","Hartbeton einschichtig"
"1945","IfcCourse","Hartbeton zweischichtig"
"1945","IfcCourse","Tiefbaubeton"
"1946","IfcCourse","Hartbeton einschichtig"
"1946","IfcCourse","Hartbeton zweischichtig"
"1946","IfcCourse","Tiefbaubeton"
"1947","IfcCourse","Hartbeton einschichtig"
"1947","IfcCourse","Hartbeton zweischichtig"
"1947","IfcCourse","Tiefbaubeton"
"1948","IfcCourse","Hartbeton einschichtig"
"1948","IfcCourse","Hartbeton zweischichtig"
"1948","IfcCourse","Tiefbaubeton"
"1949","IfcCourse","Hartbeton einschichtig"
"1949","IfcCourse","Hartbeton zweischichtig"
"1949","IfcCourse","Tiefbaubeton"
"1950","IfcCourse","Hartbeton einschichtig"
"1950","IfcCourse","Hartbeton zweischichtig"
"1950","IfcCourse","Tiefbaubeton"
"1951","IfcCourse","Hartbeton einschichtig"
"1951","IfcCourse","Hartbeton zweischichtig"
"1951","IfcCourse","Tiefbaubeton"
"1952","IfcCourse","Hartbeton einschichtig"
"1952","IfcCourse","Hartbeton zweischichtig"
"1952","IfcCourse","Tiefbaubeton"
"1953","IfcCourse","Hartbeton einschichtig"
"1953","IfcCourse","Hartbeton zweischichtig"
"1953","IfcCourse","Tiefbaubeton"
"1954","IfcCourse","Hartbeton einschichtig"
"1954","IfcCourse","Hartbeton zweischichtig"
"1954","IfcCourse","Tiefbaubeton"
"1955","IfcCourse","Hartbeton einschichtig"
"1955","IfcCourse","Hartbeton zweischichtig"
"1955","IfcCourse","Tiefbaubeton"
"1956","IfcCourse","Hartbeton einschichtig"
"1956","IfcCourse","Hartbeton zweischichtig"
"1956","IfcCourse","Tiefbaubeton"
"1957","IfcCourse","Hartbeton einschichtig"
"1957","IfcCourse","Hartbeton zweischichtig"
"1957","IfcCourse","Tiefbaubeton"
"1958","IfcCourse","Hartbeton einschichtig"
"1958","IfcCourse","Hartbeton zweischichtig"
"1958","IfcCourse","Tiefbaubeton"
"1959","IfcCourse","Hartbeton einschichtig"
"1959","IfcCourse","Hartbeton zweischichtig"
"1959","IfcCourse","Tiefbaubeton"
"1960","IfcCourse","Hartbeton einschichtig"
"1960","IfcCourse","Hartbeton zweischichtig"
"1960","IfcCourse","Tiefbaubeton"
"1961","IfcCourse","Hartbeton einschichtig"
"1961","IfcCourse","Hartbeton zweischichtig"
"1961","IfcCourse","Tiefbaubeton"
"1962","IfcCourse","Hartbeton einschichtig"
"1962","IfcCourse","Hartbeton zweischichtig"
"1962","IfcCourse","Tiefbaubeton"
"1963","IfcCourse","Hartbeton einschichtig"
"1963","IfcCourse","Hartbeton zweischichtig"
"1963","IfcCourse","Tiefbaubeton"
"1964","IfcCourse","Gussasphalt"
"1965","IfcCourse","Kies gebrochen"
"1965","IfcCourse","Rundkies"
"1965","IfcCourse","Natursteinplatte geschnitten"
"1966","IfcCourse","Hartbeton einschichtig"
"1966","IfcCourse","Hartbeton zweischichtig"
"1966","IfcCourse","Tiefbaubeton"
"1966","IfcCourse","Betonfertigteil normalfest"
"1966","IfcCourse","Betonfertigteil hochfest"
"1967","IfcCourse","Betonfertigteil normalfest"
"1967","IfcCourse","Betonfertigteil hochfest"
"1968","IfcCourse","Hartbeton einschichtig"
"1968","IfcCourse","Hartbeton zweischichtig"
"1968","IfcCourse","Tiefbaubeton"
"1969","IfcCourse","Hartbeton einschichtig"
"1969","IfcCourse","Hartbeton zweischichtig"
"1969","IfcCourse","Tiefbaubeton"
"1970","IfcCourse","Betonfertigteil normalfest"
"1970","IfcCourse","Betonfertigteil hochfest"
"1971","IfcCourse","Magerbeton"
"1972","IfcCourse","Magerbeton"
"1973","IfcCourse","Magerbeton"
"1974","IfcCourse","Magerbeton"
"1975","IfcCourse","Hartbeton einschichtig"
"1975","IfcCourse","Hartbeton zweischichtig"
"1975","IfcCourse","Tiefbaubeton"
"1975","IfcCourse","Betonfertigteil normalfest"
"1976","IfcCourse","Betonfertigteil normalfest"
"1977","IfcCourse","Hartbeton einschichtig"
"1977","IfcCourse","Hartbeton zweischichtig"
"1977","IfcCourse","Tiefbaubeton"
"1978","IfcCourse","Hartbeton einschichtig"
"1978","IfcCourse","Hartbeton zweischichtig"
"1978","IfcCourse","Tiefbaubeton"
"1978","IfcCourse","Betonfertigteil normalfest"
"1979","IfcCourse","Hartbeton einschichtig"
"1979","IfcCourse","Hartbeton zweischichtig"
"1979","IfcCourse","Tiefbaubeton"
"1980","IfcCourse","Betonfertigteil normalfest"
"1981","IfcCourse","Hartbeton einschichtig"
"1981","IfcCourse","Hartbeton zweischichtig"
"1981","IfcCourse","Tiefbaubeton"
"1981","IfcCourse","Betonfertigteil normalfest"
"1982","IfcCourse","Hartbeton einschichtig"
"1982","IfcCourse","Hartbeton zweischichtig"
"1982","IfcCourse","Tiefbaubeton"
"1983","IfcCourse","Betonfertigteil normalfest"
"1984","IfcCourse","Hartbeton einschichtig"
"1984","IfcCourse","Hartbeton zweischichtig"
"1984","IfcCourse","Tiefbaubeton"
"1984","IfcCourse","Betonfertigteil hochfest"
"1985","IfcCourse","Betonfertigteil hochfest"
"1986","IfcCourse","Hartbeton einschichtig"
"1986","IfcCourse","Hartbeton zweischichtig"
"1986","IfcCourse","Tiefbaubeton"
"1987","IfcCourse","Hartbeton einschichtig"
"1987","IfcCourse","Hartbeton zweischichtig"
"1987","IfcCourse","Tiefbaubeton"
"1987","IfcCourse","Betonfertigteil hochfest"
"1988","IfcCourse","Hartbeton einschichtig"
"1988","IfcCourse","Hartbeton zweischichtig"
"1988","IfcCourse","Tiefbaubeton"
"1989","IfcCourse","Betonfertigteil hochfest"
"1990","IfcCourse","Hartbeton einschichtig"
"1990","IfcCourse","Hartbeton zweischichtig"
"1990","IfcCourse","Tiefbaubeton"
"1991","IfcCourse","Hartbeton einschichtig"
"1991","IfcCourse","Hartbeton zweischichtig"
"1991","IfcCourse","Tiefbaubeton"
"1992","IfcCourse","Betonfertigteil hochfest"
"1993","IfcCourse","Hartbeton einschichtig"
"1993","IfcCourse","Hartbeton zweischichtig"
"1993","IfcCourse","Tiefbaubeton"
"1994","IfcCourse","Hartbeton einschichtig"
"1994","IfcCourse","Hartbeton zweischichtig"
"1994","IfcCourse","Tiefbaubeton"
"1995","IfcCourse","Hartbeton einschichtig"
"1995","IfcCourse","Hartbeton zweischichtig"
"1995","IfcCourse","Tiefbaubeton"
"1996","IfcCourse","Hartbeton einschichtig"
"1996","IfcCourse","Hartbeton zweischichtig"
"1996","IfcCourse","Tiefbaubeton"
"1997","IfcCourse","Betonfertigteil normalfest"
"1998","IfcCourse","Hartbeton einschichtig"
"1998","IfcCourse","Hartbeton zweischichtig"
"1998","IfcCourse","Tiefbaubeton"
"1999","IfcCourse","Betonfertigteil normalfest"
"2000","IfcCourse","Betonfertigteil normalfest"
"2001","IfcCourse","Betonfertigteil hochfest"
"2002","IfcCourse","Hartbeton einschichtig"
"2002","IfcCourse","Hartbeton zweischichtig"
"2002","IfcCourse","Tiefbaubeton"
"2003","IfcCourse","Kies gebrochen"
"2003","IfcCourse","Rundkies"
"2004","IfcCourse","Kies gebrochen"
"2004","IfcCourse","Rundkies"
"2004","IfcCourse","Natursteinplatte geschnitten"
"2005","IfcCourse","Kies gebrochen"
"2006","IfcCourse","Hartbeton einschichtig"
"2006","IfcCourse","Hartbeton zweischichtig"
"2006","IfcCourse","Tiefbaubeton"
"2006","IfcCourse","Betonfertigteil normalfest"
"2006","IfcCourse","Betonfertigteil hochfest"
"2007","IfcCourse","Betonfertigteil normalfest"
"2007","IfcCourse","Betonfertigteil hochfest"
"2008","IfcCourse","Hartbeton einschichtig"
"2008","IfcCourse","Hartbeton zweischichtig"
"2008","IfcCourse","Tiefbaubeton"
"2009","IfcCourse","Betonfertigteil normalfest"
"2009","IfcCourse","Betonfertigteil hochfest"
"2010","IfcCourse","Hartbeton einschichtig"
"2010","IfcCourse","Hartbeton zweischichtig"
"2010","IfcCourse","Tiefbaubeton"
"2010","IfcCourse","Betonfertigteil normalfest"
"2011","IfcCourse","Betonfertigteil normalfest"
"2012","IfcCourse","Hartbeton einschichtig"
"2012","IfcCourse","Hartbeton zweischichtig"
"2012","IfcCourse","Tiefbaubeton"
"2013","IfcCourse","Hartbeton einschichtig"
"2013","IfcCourse","Hartbeton zweischichtig"
"2013","IfcCourse","Tiefbaubeton"
"2013","IfcCourse","Betonfertigteil normalfest"
"2014","IfcCourse","Hartbeton einschichtig"
"2014","IfcCourse","Hartbeton zweischichtig"
"2014","IfcCourse","Tiefbaubeton"
"2015","IfcCourse","Betonfertigteil normalfest"
"2016","IfcCourse","Hartbeton einschichtig"
"2016","IfcCourse","Hartbeton zweischichtig"
"2016","IfcCourse","Tiefbaubeton"
"2016","IfcCourse","Betonfertigteil normalfest"
"2017","IfcCourse","Hartbeton einschichtig"
"2017","IfcCourse","Hartbeton zweischichtig"
"2017","IfcCourse","Tiefbaubeton"
"2018","IfcCourse","Betonfertigteil normalfest"
"2019","IfcCourse","Hartbeton einschichtig"
"2019","IfcCourse","Hartbeton zweischichtig"
"2019","IfcCourse","Tiefbaubeton"
"2019","IfcCourse","Betonfertigteil hochfest"
"2020","IfcCourse","Betonfertigteil hochfest"
"2021","IfcCourse","Hartbeton einschichtig"
"2021","IfcCourse","Hartbeton zweischichtig"
"2021","IfcCourse","Tiefbaubeton"
"2022","IfcCourse","Hartbeton einschichtig"
"2022","IfcCourse","Hartbeton zweischichtig"
"2022","IfcCourse","Tiefbaubeton"
"2022","IfcCourse","Betonfertigteil hochfest"
"2023","IfcCourse","Hartbeton einschichtig"
"2023","IfcCourse","Hartbeton zweischichtig"
"2023","IfcCourse","Tiefbaubeton"
"2024","IfcCourse","Betonfertigteil hochfest"
"2025","IfcCourse","Hartbeton einschichtig"
"2025","IfcCourse","Hartbeton zweischichtig"
"2025","IfcCourse","Tiefbaubeton"
"2026","IfcCourse","Betonfertigteil normalfest"
"2027","IfcCourse","Hartbeton einschichtig"
"2027","IfcCourse","Hartbeton zweischichtig"
"2027","IfcCourse","Tiefbaubeton"
"2028","IfcCourse","Betonfertigteil normalfest"
"2029","IfcCourse","Hartbeton einschichtig"
"2029","IfcCourse","Hartbeton zweischichtig"
"2029","IfcCourse","Tiefbaubeton"
"2030","IfcCourse","Betonfertigteil normalfest"
"2031","IfcCourse","Betonfertigteil hochfest"
"2032","IfcCourse","Hartbeton einschichtig"
"2032","IfcCourse","Hartbeton zweischichtig"
"2032","IfcCourse","Tiefbaubeton"
"2033","IfcCourse","Hartbeton einschichtig"
"2033","IfcCourse","Hartbeton zweischichtig"
"2033","IfcCourse","Tiefbaubeton"
"2034","IfcCourse","Hartbeton einschichtig"
"2034","IfcCourse","Hartbeton zweischichtig"
"2034","IfcCourse","Tiefbaubeton"
"2035","IfcCourse","Hartbeton einschichtig"
"2035","IfcCourse","Hartbeton zweischichtig"
"2035","IfcCourse","Tiefbaubeton"
"2036","IfcCourse","Hartbeton einschichtig"
"2036","IfcCourse","Hartbeton zweischichtig"
"2036","IfcCourse","Tiefbaubeton"
"2037","IfcCourse","Hartbeton einschichtig"
"2037","IfcCourse","Hartbeton zweischichtig"
"2037","IfcCourse","Tiefbaubeton"
"2038","IfcCourse","Betonfertigteil hochfest"
"2039","IfcCovering","Aluminiumblech blank"
"2039","IfcCovering","Aluminiumprofil blank"
"2040","IfcCovering","Dichtungsbahn bituminös"
"2041","IfcCovering","Massivholz Buche Eiche kammergetrocknet gehobelt"
"2041","IfcCovering","Massivholz Buche Eiche kammergetrocknet rau"
"2041","IfcCovering","Massivholz Buche Eiche luftgetrocknet rau"
"2042","IfcCovering","Massivholz Buche Eiche kammergetrocknet gehobelt"
"2042","IfcCovering","Massivholz Buche Eiche kammergetrocknet rau"
"2042","IfcCovering","Massivholz Buche Eiche luftgetrocknet rau"
"2043","IfcCovering","Baukleber Einbettmörtel mineralisch"
"2043","IfcCovering","Hartbeton einschichtig"
"2043","IfcCovering","Hartbeton zweischichtig"
"2044","IfcCovering","Konstruktionsvollholz"
"2044","IfcCovering","Massivholz Fichte Tanne Lärche kammergetrocknet gehobelt"
"2044","IfcCovering","Massivholz Fichte Tanne Lärche luftgetrocknet gehobelt"
"2044","IfcCovering","Massivholz Fichte Tanne Lärche luftgetrocknet rau"
"2045","IfcCovering","Balkenschichtholz"
"2045","IfcCovering","Brettschichtholz"
"2045","IfcCovering","Brettsperrholz"
"2045","IfcCovering","Konstruktionsvollholz"
"2046","IfcCovering","Polyethylen PE"
"2046","IfcCovering","Polypropylen PP"
"2046","IfcCovering","Polyvinylchlorid PVC"
"2046","IfcCovering","Polyurethan PUR PIR"
"2047","IfcCovering","Konstruktionsvollholz"
"2047","IfcCovering","Massivholz Fichte Tanne Lärche kammergetrocknet gehobelt"
"2047","IfcCovering","Massivholz Fichte Tanne Lärche luftgetrocknet gehobelt"
"2047","IfcCovering","Massivholz Fichte Tanne Lärche luftgetrocknet rau"
"2048","IfcCovering","Chromnickelstahlblech blank"
"2048","IfcCovering","Chromnickelstahlblech verzinnt"
"2048","IfcCovering","Chromstahlblech blank"
"2048","IfcCovering","Chromstahlblech verzinnt"
"2048","IfcCovering","Kupferblech blank"
"2048","IfcCovering","Messing-/Baubronzeblech"
"2048","IfcCovering","Blei"
"2048","IfcCovering","Gusseisen"
"2049","IfcCovering","Natursteinplatte geschnitten"
"2049","IfcCovering","Natursteinplatte geschliffen"
"2049","IfcCovering","Hartsandsteinplatte"
"2049","IfcCovering","Kalksteinplatte"
"2049","IfcCovering","Kunststeinplatte zementgebunden"
"2050","IfcCovering","Konstruktionsvollholz"
"2050","IfcCovering","Massivholz Fichte Tanne Lärche kammergetrocknet gehobelt"
"2050","IfcCovering","Massivholz Fichte Tanne Lärche luftgetrocknet gehobelt"
"2050","IfcCovering","Massivholz Fichte Tanne Lärche luftgetrocknet rau"
"2051","IfcCovering","Aluminiumblech blank"
"2051","IfcCovering","Aluminiumprofil blank"
"2052","IfcCovering","Massivholz Buche Eiche kammergetrocknet gehobelt"
"2052","IfcCovering","Massivholz Buche Eiche kammergetrocknet rau"
"2052","IfcCovering","Massivholz Buche Eiche luftgetrocknet rau"
"2053","IfcCovering","Massivholz Buche Eiche kammergetrocknet gehobelt"
"2053","IfcCovering","Massivholz Buche Eiche kammergetrocknet rau"
"2053","IfcCovering","Massivholz Buche Eiche luftgetrocknet rau"
"2054","IfcCovering","Konstruktionsvollholz"
"2054","IfcCovering","Massivholz Fichte Tanne Lärche kammergetrocknet gehobelt"
"2054","IfcCovering","Massivholz Fichte Tanne Lärche luftgetrocknet gehobelt"
"2054","IfcCovering","Massivholz Fichte Tanne Lärche luftgetrocknet rau"
"2055","IfcCovering","Furniersperrholz"
"2055","IfcCovering","Holzwolle-Leichtbauplatte zementgebunden"
"2055","IfcCovering","Konstruktionsvollholz"
"2055","IfcCovering","Massivholz Buche Eiche kammergetrocknet gehobelt"
"2055","IfcCovering","Massivholz Fichte Tanne Lärche kammergetrocknet gehobelt"
"2056","IfcCovering","Polyvinylchlorid PVC"
"2056","IfcCovering","Polypropylen PP"
"2056","IfcCovering","Acrylnitril-Butadien-Styrol ABS"
"2056","IfcCovering","Plexiglas PMMA Acrylglas"
"2057","IfcCovering","Konstruktionsvollholz"
"2057","IfcCovering","Massivholz Fichte Tanne Lärche kammergetrocknet gehobelt"
"2057","IfcCovering","Massivholz Fichte Tanne Lärche luftgetrocknet gehobelt"
"2057","IfcCovering","Massivholz Fichte Tanne Lärche luftgetrocknet rau"
"2058","IfcCovering","Gusseisen"
"2058","IfcCovering","Stahlblech blank"
"2058","IfcCovering","Stahlblech verzinkt"
"2059","IfcCovering","Natursteinplatte poliert"
"2059","IfcCovering","Natursteinplatte geschliffen"
"2059","IfcCovering","Natursteinplatte geschnitten"
"2059","IfcCovering","Hartsandsteinplatte"
"2059","IfcCovering","Kalksteinplatte"
"2059","IfcCovering","Kunststeinplatte zementgebunden"
"2060","IfcCovering","Konstruktionsvollholz"
"2060","IfcCovering","Massivholz Fichte Tanne Lärche kammergetrocknet gehobelt"
"2060","IfcCovering","Massivholz Fichte Tanne Lärche luftgetrocknet gehobelt"
"2060","IfcCovering","Massivholz Fichte Tanne Lärche luftgetrocknet rau"
"2061","IfcCovering","Aluminiumblech blank"
"2061","IfcCovering","Kupferblech blank"
"2061","IfcCovering","Aluminiumprofil blank"
"2062","IfcCovering","Chromnickelstahlblech blank"
"2062","IfcCovering","Chromnickelstahlblech verzinnt"
"2062","IfcCovering","Chromstahlblech blank"
"2062","IfcCovering","Chromstahlblech verzinnt"
"2062","IfcCovering","Kupferblech blank"
"2062","IfcCovering","Messing-/Baubronzeblech"
"2062","IfcCovering","Blei"
"2062","IfcCovering","Gusseisen"
"2063","IfcCovering","Natursteinplatte geschnitten"
"2063","IfcCovering","Natursteinplatte geschliffen"
"2063","IfcCovering","Natursteinplatte poliert"
"2063","IfcCovering","Hartsandsteinplatte"
"2063","IfcCovering","Kalksteinplatte"
"2063","IfcCovering","Kalksandstein"
"2063","IfcCovering","Kunststeinplatte zementgebunden"
"2064","IfcCovering","Dichtungsbahn bituminös"
"2065","IfcCovering","Dichtungsbahn Gummi EPDM"
"2065","IfcCovering","Dichtungsbahn Polyolefin FPO"
"2065","IfcCovering","Polyethylenfolie PE"
"2065","IfcCovering","Polyethylenvlies PE"
"2066","IfcCovering","Aluminiumblech blank"
"2066","IfcCovering","Aluminiumprofil blank"
"2067","IfcCovering","Massivholz Buche Eiche kammergetrocknet gehobelt"
"2067","IfcCovering","Massivholz Buche Eiche kammergetrocknet rau"
"2067","IfcCovering","Massivholz Buche Eiche luftgetrocknet rau"
"2068","IfcCovering","Massivholz Buche Eiche kammergetrocknet gehobelt"
"2068","IfcCovering","Massivholz Buche Eiche kammergetrocknet rau"
"2068","IfcCovering","Massivholz Buche Eiche luftgetrocknet rau"
"2069","IfcCovering","Konstruktionsvollholz"
"2069","IfcCovering","Massivholz Fichte Tanne Lärche kammergetrocknet gehobelt"
"2069","IfcCovering","Massivholz Fichte Tanne Lärche luftgetrocknet gehobelt"
"2069","IfcCovering","Massivholz Fichte Tanne Lärche luftgetrocknet rau"
"2070","IfcCovering","Konstruktionsvollholz"
"2070","IfcCovering","Massivholz Buche Eiche kammergetrocknet gehobelt"
"2070","IfcCovering","Massivholz Fichte Tanne Lärche kammergetrocknet gehobelt"
"2071","IfcCovering","Polystyrol expandiert EPS"
"2071","IfcCovering","Acrylnitril-Butadien-Styrol ABS"
"2071","IfcCovering","Polyvinylchlorid PVC"
"2072","IfcCovering","Konstruktionsvollholz"
"2072","IfcCovering","Massivholz Fichte Tanne Lärche kammergetrocknet gehobelt"
"2072","IfcCovering","Massivholz Fichte Tanne Lärche luftgetrocknet gehobelt"
"2072","IfcCovering","Massivholz Fichte Tanne Lärche luftgetrocknet rau"
"2073","IfcCovering","Konstruktionsvollholz"
"2073","IfcCovering","Massivholz Fichte Tanne Lärche kammergetrocknet gehobelt"
"2073","IfcCovering","Massivholz Fichte Tanne Lärche luftgetrocknet gehobelt"
"2073","IfcCovering","Massivholz Fichte Tanne Lärche luftgetrocknet rau"
"2074","IfcCovering","Baukleber Einbettmörtel mineralisch"
"2074","IfcCovering","Hartbeton einschichtig"
"2074","IfcCovering","Hartbeton zweischichtig"
"2075","IfcCovering","Polyethylenfolie PE"
"2075","IfcCovering","Polyethylenvlies PE"
"2075","IfcCovering","Polyethylen PE"
"2076","IfcDiscreteAccessory","Stahlblech blank"
"2076","IfcDiscreteAccessory","Stahlprofil blank"
"2077","IfcDiscreteAccessory","Stahlblech blank"
"2077","IfcDiscreteAccessory","Stahlprofil blank"
"2078","IfcDiscreteAccessory","Stahlblech blank"
"2078","IfcDiscreteAccessory","Stahlprofil blank"
"2079","IfcDiscreteAccessory","Aluminiumblech blank"
"2079","IfcDiscreteAccessory","Aluminiumprofil blank"
"2080","IfcDiscreteAccessory","Polyethylen PE"
"2080","IfcDiscreteAccessory","Polypropylen PP"
"2080","IfcDiscreteAccessory","Polyvinylchlorid PVC"
"2080","IfcDiscreteAccessory","Polyurethan PUR PIR"
"2081","IfcDiscreteAccessory","Stahlblech blank"
"2081","IfcDiscreteAccessory","Stahlprofil blank"
"2082","IfcDiscreteAccessory","Stahlblech blank"
"2082","IfcDiscreteAccessory","Stahlprofil blank"
"2083","IfcDiscreteAccessory","Stahlblech blank"
"2083","IfcDiscreteAccessory","Stahlprofil blank"
"2084","IfcDiscreteAccessory","Stahlblech blank"
"2084","IfcDiscreteAccessory","Stahlprofil blank"
"2085","IfcDiscreteAccessory","Stahlblech blank"
"2085","IfcDiscreteAccessory","Stahlprofil blank"
"2086","IfcDiscreteAccessory","Stahlblech blank"
"2086","IfcDiscreteAccessory","Stahlprofil blank"
"2087","IfcDiscreteAccessory","Stahlblech blank"
"2087","IfcDiscreteAccessory","Stahlprofil blank"
"2088","IfcDiscreteAccessory","Stahlblech blank"
"2088","IfcDiscreteAccessory","Stahlprofil blank"
"2089","IfcDiscreteAccessory","Stahlblech blank"
"2089","IfcDiscreteAccessory","Stahlprofil blank"
"2090","IfcDiscreteAccessory","Stahlblech blank"
"2090","IfcDiscreteAccessory","Stahlprofil blank"
"2091","IfcDiscreteAccessory","Stahlblech blank"
"2091","IfcDiscreteAccessory","Stahlprofil blank"
"2092","IfcDiscreteAccessory","Stahlblech blank"
"2092","IfcDiscreteAccessory","Stahlprofil blank"
"2093","IfcDiscreteAccessory","Stahlblech blank"
"2093","IfcDiscreteAccessory","Stahlprofil blank"
"2094","IfcDiscreteAccessory","Stahlblech blank"
"2094","IfcDiscreteAccessory","Stahlprofil blank"
"2095","IfcDiscreteAccessory","Stahlblech blank"
"2095","IfcDiscreteAccessory","Stahlprofil blank"
"2096","IfcDiscreteAccessory","Stahlblech blank"
"2096","IfcDiscreteAccessory","Stahlprofil blank"
"2097","IfcDiscreteAccessory","Stahlblech blank"
"2097","IfcDiscreteAccessory","Stahlprofil blank"
"2098","IfcDiscreteAccessory","Stahlblech blank"
"2098","IfcDiscreteAccessory","Stahlprofil blank"
"2099","IfcDiscreteAccessory","Stahlblech blank"
"2099","IfcDiscreteAccessory","Stahlprofil blank"
"2100","IfcDiscreteAccessory","Polycarbonat PC"
"2100","IfcDiscreteAccessory","Polypropylen PP"
"2100","IfcDiscreteAccessory","Polyvinylchlorid PVC"
"2101","IfcDiscreteAccessory","Stahlblech blank"
"2101","IfcDiscreteAccessory","Stahlprofil blank"
"2102","IfcDiscreteAccessory","Stahlblech blank"
"2102","IfcDiscreteAccessory","Stahlprofil blank"
"2103","IfcDiscreteAccessory","Stahlblech blank"
"2103","IfcDiscreteAccessory","Stahlprofil blank"
"2104","IfcDiscreteAccessory","Aluminiumblech blank"
"2104","IfcDiscreteAccessory","Aluminiumprofil blank"
"2105","IfcDiscreteAccessory","Stahlblech blank"
"2105","IfcDiscreteAccessory","Stahlprofil blank"
"2106","IfcDiscreteAccessory","Stahlblech blank"
"2106","IfcDiscreteAccessory","Stahlprofil blank"
"2107","IfcDiscreteAccessory","Stahlblech blank"
"2107","IfcDiscreteAccessory","Stahlprofil blank"
"2108","IfcDiscreteAccessory","Stahlblech blank"
"2108","IfcDiscreteAccessory","Stahlprofil blank"
"2109","IfcDiscreteAccessory","Stahlblech blank"
"2109","IfcDiscreteAccessory","Stahlprofil blank"
"2110","IfcDiscreteAccessory","Stahlblech blank"
"2110","IfcDiscreteAccessory","Stahlprofil blank"
"2111","IfcDiscreteAccessory","Stahlblech blank"
"2111","IfcDiscreteAccessory","Stahlprofil blank"
"2112","IfcDiscreteAccessory","Stahlblech blank"
"2112","IfcDiscreteAccessory","Stahlprofil blank"
"2113","IfcDiscreteAccessory","Stahlblech blank"
"2113","IfcDiscreteAccessory","Stahlprofil blank"
"2114","IfcDiscreteAccessory","Stahlblech blank"
"2114","IfcDiscreteAccessory","Stahlprofil blank"
"2115","IfcDiscreteAccessory","Stahlblech blank"
"2115","IfcDiscreteAccessory","Stahlprofil blank"
"2116","IfcDiscreteAccessory","Acrylnitril-Butadien-Styrol ABS"
"2116","IfcDiscreteAccessory","Polyamid PA glasfaserverstärkt"
"2116","IfcDiscreteAccessory","Polypropylen PP"
"2117","IfcDiscreteAccessory","Stahlblech blank"
"2117","IfcDiscreteAccessory","Stahlprofil blank"
"2118","IfcDiscreteAccessory","Stahlblech blank"
"2118","IfcDiscreteAccessory","Stahlprofil blank"
"2119","IfcDiscreteAccessory","Stahlblech blank"
"2119","IfcDiscreteAccessory","Stahlprofil blank"
"2120","IfcDiscreteAccessory","Stahlblech blank"
"2120","IfcDiscreteAccessory","Stahlprofil blank"
"2121","IfcDiscreteAccessory","Stahlblech blank"
"2121","IfcDiscreteAccessory","Stahlprofil blank"
"2122","IfcDiscreteAccessory","Stahlblech blank"
"2122","IfcDiscreteAccessory","Stahlprofil blank"
"2123","IfcDiscreteAccessory","Stahlblech blank"
"2123","IfcDiscreteAccessory","Stahlprofil blank"
"2124","IfcDiscreteAccessory","Stahlblech blank"
"2124","IfcDiscreteAccessory","Stahlprofil blank"
"2125","IfcDiscreteAccessory","Polyurethan PUR PIR"
"2125","IfcDiscreteAccessory","Polyethylen PE"
"2126","IfcDiscreteAccessory","Stahlblech blank"
"2126","IfcDiscreteAccessory","Stahlblech verzinkt"
"2126","IfcDiscreteAccessory","Stahlprofil blank"
"2127","IfcDiscreteAccessory","Stahlblech blank"
"2127","IfcDiscreteAccessory","Stahlblech verzinkt"
"2127","IfcDiscreteAccessory","Stahlprofil blank"
"2128","IfcDiscreteAccessory","Stahlblech blank"
"2128","IfcDiscreteAccessory","Stahlblech verzinkt"
"2128","IfcDiscreteAccessory","Stahlprofil blank"
"2129","IfcDiscreteAccessory","Kautschukdichtungsmasse"
"2129","IfcDiscreteAccessory","Polysulfiddichtungsmasse"
"2129","IfcDiscreteAccessory","Silicon-Fugenmasse"
"2130","IfcDiscreteAccessory","Stahlblech blank"
"2130","IfcDiscreteAccessory","Stahlblech verzinkt"
"2130","IfcDiscreteAccessory","Stahlprofil blank"
"2131","IfcDiscreteAccessory","Stahlblech blank"
"2131","IfcDiscreteAccessory","Stahlblech verzinkt"
"2131","IfcDiscreteAccessory","Stahlprofil blank"
"2132","IfcDiscreteAccessory","Stahlblech blank"
"2132","IfcDiscreteAccessory","Stahlblech verzinkt"
"2132","IfcDiscreteAccessory","Stahlprofil blank"
"2133","IfcDiscreteAccessory","Stahlblech blank"
"2133","IfcDiscreteAccessory","Stahlblech verzinkt"
"2133","IfcDiscreteAccessory","Stahlprofil blank"
"2134","IfcDiscreteAccessory","Stahlblech blank"
"2134","IfcDiscreteAccessory","Stahlblech verzinkt"
"2134","IfcDiscreteAccessory","Stahlprofil blank"
"2135","IfcDiscreteAccessory","Stahlblech blank"
"2135","IfcDiscreteAccessory","Stahlblech verzinkt"
"2135","IfcDiscreteAccessory","Stahlprofil blank"
"2136","IfcDiscreteAccessory","Stahlblech blank"
"2136","IfcDiscreteAccessory","Stahlblech verzinkt"
"2136","IfcDiscreteAccessory","Stahlprofil blank"
"2137","IfcDiscreteAccessory","Stahlblech blank"
"2137","IfcDiscreteAccessory","Stahlblech verzinkt"
"2137","IfcDiscreteAccessory","Stahlprofil blank"
"2138","IfcDiscreteAccessory","Polystyrol expandiert EPS"
"2138","IfcDiscreteAccessory","Polystyrol extrudiert XPS"
"2138","IfcDiscreteAccessory","Polyurethan PUR PIR"
"2138","IfcDiscreteAccessory","Polyethylen PE"
"2139","IfcDiscreteAccessory","Stahlblech blank"
"2139","IfcDiscreteAccessory","Stahlblech verzinkt"
"2140","IfcDiscreteAccessory","Stahlblech blank"
"2140","IfcDiscreteAccessory","Stahlblech verzinkt"
"2141","IfcDiscreteAccessory","Stahlblech blank"
"2141","IfcDiscreteAccessory","Stahlblech verzinkt"
"2142","IfcDiscreteAccessory","Aluminiumblech blank"
"2142","IfcDiscreteAccessory","Aluminiumprofil blank"
"2143","IfcDiscreteAccessory","Stahlblech blank"
"2143","IfcDiscreteAccessory","Stahlblech verzinkt"
"2144","IfcDiscreteAccessory","Stahlblech blank"
"2144","IfcDiscreteAccessory","Stahlblech verzinkt"
"2145","IfcDiscreteAccessory","Stahlblech blank"
"2145","IfcDiscreteAccessory","Stahlblech verzinkt"
"2146","IfcDiscreteAccessory","Stahlblech blank"
"2146","IfcDiscreteAccessory","Stahlblech verzinkt"
"2147","IfcDiscreteAccessory","Stahlblech blank"
"2147","IfcDiscreteAccessory","Stahlblech verzinkt"
"2148","IfcDiscreteAccessory","Stahlblech blank"
"2148","IfcDiscreteAccessory","Stahlblech verzinkt"
"2149","IfcDiscreteAccessory","Stahlblech blank"
"2149","IfcDiscreteAccessory","Stahlblech verzinkt"
"2150","IfcDiscreteAccessory","Stahlblech blank"
"2150","IfcDiscreteAccessory","Stahlblech verzinkt"
"2151","IfcDiscreteAccessory","Polyamid PA glasfaserverstärkt"
"2151","IfcDiscreteAccessory","Polycarbonat PC"
"2152","IfcDiscreteAccessory","Stahlblech blank"
"2152","IfcDiscreteAccessory","Stahlprofil blank"
"2153","IfcDiscreteAccessory","Stahlblech blank"
"2153","IfcDiscreteAccessory","Stahlprofil blank"
"2154","IfcDiscreteAccessory","Stahlblech blank"
"2154","IfcDiscreteAccessory","Stahlprofil blank"
"2155","IfcDiscreteAccessory","Stahlblech blank"
"2155","IfcDiscreteAccessory","Stahlprofil blank"
"2156","IfcDiscreteAccessory","Stahlblech blank"
"2156","IfcDiscreteAccessory","Stahlprofil blank"
"2157","IfcDiscreteAccessory","Stahlblech blank"
"2157","IfcDiscreteAccessory","Stahlprofil blank"
"2158","IfcDiscreteAccessory","Stahlblech blank"
"2158","IfcDiscreteAccessory","Stahlprofil blank"
"2159","IfcDiscreteAccessory","Stahlblech blank"
"2159","IfcDiscreteAccessory","Stahlprofil blank"
"2160","IfcDiscreteAccessory","Stahlblech blank"
"2160","IfcDiscreteAccessory","Stahlprofil blank"
"2161","IfcDiscreteAccessory","Stahlblech blank"
"2161","IfcDiscreteAccessory","Stahlprofil blank"
"2162","IfcDiscreteAccessory","Stahlblech blank"
"2162","IfcDiscreteAccessory","Stahlprofil blank"
"2163","IfcDiscreteAccessory","Stahlblech blank"
"2163","IfcDiscreteAccessory","Stahlprofil blank"
"2164","IfcDiscreteAccessory","Stahlblech blank"
"2164","IfcDiscreteAccessory","Stahlprofil blank"
"2165","IfcDiscreteAccessory","Stahlblech blank"
"2165","IfcDiscreteAccessory","Stahlprofil blank"
"2166","IfcDiscreteAccessory","Stahlblech blank"
"2166","IfcDiscreteAccessory","Stahlprofil blank"
"2167","IfcDiscreteAccessory","Stahlblech blank"
"2167","IfcDiscreteAccessory","Stahlprofil blank"
"2168","IfcDiscreteAccessory","Stahlblech blank"
"2168","IfcDiscreteAccessory","Stahlprofil blank"
"2169","IfcDiscreteAccessory","Stahlblech blank"
"2169","IfcDiscreteAccessory","Stahlprofil blank"
"2170","IfcDiscreteAccessory","Stahlblech blank"
"2170","IfcDiscreteAccessory","Stahlprofil blank"
"2171","IfcDiscreteAccessory","Stahlblech blank"
"2171","IfcDiscreteAccessory","Stahlprofil blank"
"2172","IfcDiscreteAccessory","Stahlblech blank"
"2172","IfcDiscreteAccessory","Stahlprofil blank"
"2173","IfcDiscreteAccessory","Stahlblech blank"
"2173","IfcDiscreteAccessory","Stahlprofil blank"
"2174","IfcDiscreteAccessory","Stahlblech blank"
"2174","IfcDiscreteAccessory","Stahlprofil blank"
"2175","IfcDiscreteAccessory","Stahlblech blank"
"2175","IfcDiscreteAccessory","Stahlprofil blank"
"2176","IfcDiscreteAccessory","Stahlblech blank"
"2176","IfcDiscreteAccessory","Stahlprofil blank"
"2177","IfcDiscreteAccessory","Stahlblech blank"
"2177","IfcDiscreteAccessory","Stahlprofil blank"
"2178","IfcDiscreteAccessory","Stahlblech blank"
"2178","IfcDiscreteAccessory","Stahlprofil blank"
"2179","IfcDiscreteAccessory","Stahlblech blank"
"2179","IfcDiscreteAccessory","Stahlprofil blank"
"2180","IfcDiscreteAccessory","Stahlblech blank"
"2180","IfcDiscreteAccessory","Stahlprofil blank"
"2181","IfcDiscreteAccessory","Stahlblech blank"
"2181","IfcDiscreteAccessory","Stahlprofil blank"
"2182","IfcDiscreteAccessory","Stahlblech blank"
"2182","IfcDiscreteAccessory","Stahlprofil blank"
"2183","IfcDiscreteAccessory","Stahlblech blank"
"2183","IfcDiscreteAccessory","Stahlprofil blank"
"2184","IfcDiscreteAccessory","Stahlblech blank"
"2184","IfcDiscreteAccessory","Stahlprofil blank"
"2185","IfcDiscreteAccessory","Polyamid PA glasfaserverstärkt"
"2185","IfcDiscreteAccessory","Polyethylen PE"
"2185","IfcDiscreteAccessory","Polypropylen PP"
"2185","IfcDiscreteAccessory","Polyurethan PUR PIR"
"2186","IfcDiscreteAccessory","Stahlblech blank"
"2186","IfcDiscreteAccessory","Stahlprofil blank"
"2187","IfcDiscreteAccessory","Stahlblech blank"
"2187","IfcDiscreteAccessory","Stahlprofil blank"
"2188","IfcDiscreteAccessory","Stahlblech blank"
"2188","IfcDiscreteAccessory","Stahlprofil blank"
"2189","IfcDiscreteAccessory","Stahlblech blank"
"2189","IfcDiscreteAccessory","Stahlprofil blank"
"2190","IfcDiscreteAccessory","Stahlblech blank"
"2190","IfcDiscreteAccessory","Stahlprofil blank"
"2191","IfcDiscreteAccessory","Stahlblech blank"
"2191","IfcDiscreteAccessory","Stahlprofil blank"
"2192","IfcDiscreteAccessory","Stahlblech blank"
"2192","IfcDiscreteAccessory","Stahlprofil blank"
"2193","IfcDiscreteAccessory","Stahlblech blank"
"2193","IfcDiscreteAccessory","Stahlprofil blank"
"2194","IfcDiscreteAccessory","Stahlblech blank"
"2194","IfcDiscreteAccessory","Stahlprofil blank"
"2195","IfcDiscreteAccessory","Stahlblech blank"
"2195","IfcDiscreteAccessory","Stahlprofil blank"
"2196","IfcDiscreteAccessory","Stahlblech blank"
"2196","IfcDiscreteAccessory","Stahlprofil blank"
"2197","IfcDiscreteAccessory","Stahlblech blank"
"2197","IfcDiscreteAccessory","Stahlprofil blank"
"2198","IfcDiscreteAccessory","Stahlblech blank"
"2198","IfcDiscreteAccessory","Stahlprofil blank"
"2199","IfcDiscreteAccessory","Stahlblech blank"
"2199","IfcDiscreteAccessory","Stahlprofil blank"
"2200","IfcDiscreteAccessory","Stahlblech blank"
"2200","IfcDiscreteAccessory","Stahlprofil blank"
"2201","IfcDiscreteAccessory","Stahlblech blank"
"2201","IfcDiscreteAccessory","Stahlprofil blank"
"2202","IfcDiscreteAccessory","Stahlblech blank"
"2202","IfcDiscreteAccessory","Stahlprofil blank"
"2203","IfcDiscreteAccessory","Stahlblech blank"
"2203","IfcDiscreteAccessory","Stahlprofil blank"
"2204","IfcDiscreteAccessory","Stahlblech blank"
"2204","IfcDiscreteAccessory","Stahlprofil blank"
"2205","IfcDiscreteAccessory","Stahlblech blank"
"2205","IfcDiscreteAccessory","Stahlprofil blank"
"2206","IfcDiscreteAccessory","Stahlblech blank"
"2206","IfcDiscreteAccessory","Stahlprofil blank"
"2207","IfcDiscreteAccessory","Stahlblech blank"
"2207","IfcDiscreteAccessory","Stahlprofil blank"
"2208","IfcDiscreteAccessory","Stahlblech blank"
"2208","IfcDiscreteAccessory","Stahlprofil blank"
"2209","IfcDiscreteAccessory","Stahlblech blank"
"2209","IfcDiscreteAccessory","Stahlprofil blank"
"2210","IfcDiscreteAccessory","Stahlblech blank"
"2210","IfcDiscreteAccessory","Stahlprofil blank"
"2211","IfcDiscreteAccessory","Stahlblech blank"
"2211","IfcDiscreteAccessory","Stahlprofil blank"
"2212","IfcDiscreteAccessory","Stahlblech blank"
"2212","IfcDiscreteAccessory","Stahlprofil blank"
"2213","IfcDiscreteAccessory","Stahlblech blank"
"2213","IfcDiscreteAccessory","Stahlprofil blank"
"2214","IfcDiscreteAccessory","Stahlblech blank"
"2214","IfcDiscreteAccessory","Stahlprofil blank"
"2215","IfcDiscreteAccessory","Stahlblech blank"
"2215","IfcDiscreteAccessory","Stahlprofil blank"
"2216","IfcDiscreteAccessory","Stahlblech blank"
"2216","IfcDiscreteAccessory","Stahlprofil blank"
"2217","IfcDiscreteAccessory","Stahlblech blank"
"2217","IfcDiscreteAccessory","Stahlprofil blank"
"2218","IfcDiscreteAccessory","Stahlblech blank"
"2218","IfcDiscreteAccessory","Stahlprofil blank"
"2219","IfcDiscreteAccessory","Stahlblech blank"
"2219","IfcDiscreteAccessory","Stahlprofil blank"
"2220","IfcDiscreteAccessory","Stahlblech blank"
"2220","IfcDiscreteAccessory","Stahlprofil blank"
"2221","IfcDiscreteAccessory","Stahlblech blank"
"2221","IfcDiscreteAccessory","Stahlprofil blank"
"2222","IfcDiscreteAccessory","Stahlblech blank"
"2222","IfcDiscreteAccessory","Stahlprofil blank"
"2223","IfcDiscreteAccessory","Stahlblech blank"
"2223","IfcDiscreteAccessory","Stahlprofil blank"
"2224","IfcDiscreteAccessory","Stahlblech blank"
"2224","IfcDiscreteAccessory","Stahlprofil blank"
"2225","IfcDiscreteAccessory","Stahlblech blank"
"2225","IfcDiscreteAccessory","Stahlprofil blank"
"2226","IfcDiscreteAccessory","Stahlblech blank"
"2226","IfcDiscreteAccessory","Stahlprofil blank"
"2227","IfcDiscreteAccessory","Stahlblech blank"
"2227","IfcDiscreteAccessory","Stahlprofil blank"
"2228","IfcDiscreteAccessory","Stahlblech blank"
"2228","IfcDiscreteAccessory","Stahlprofil blank"
"2229","IfcDiscreteAccessory","Stahlblech blank"
"2229","IfcDiscreteAccessory","Stahlprofil blank"
"2230","IfcDiscreteAccessory","Aluminiumblech blank"
"2230","IfcDiscreteAccessory","Aluminiumprofil blank"
"2231","IfcDiscreteAccessory","Polystyrol expandiert EPS"
"2231","IfcDiscreteAccessory","Polyurethan PUR PIR"
"2231","IfcDiscreteAccessory","Polypropylen PP"
"2232","IfcDiscreteAccessory","Stahlblech blank"
"2232","IfcDiscreteAccessory","Stahlprofil blank"
"2233","IfcDiscreteAccessory","Stahlblech blank"
"2233","IfcDiscreteAccessory","Stahlprofil blank"
"2234","IfcDiscreteAccessory","Stahlblech blank"
"2234","IfcDiscreteAccessory","Stahlprofil blank"
"2235","IfcDiscreteAccessory","Stahlblech blank"
"2235","IfcDiscreteAccessory","Stahlprofil blank"
"2236","IfcDiscreteAccessory","Stahlblech blank"
"2236","IfcDiscreteAccessory","Stahlprofil blank"
"2237","IfcDiscreteAccessory","Stahlblech blank"
"2237","IfcDiscreteAccessory","Stahlprofil blank"
"2238","IfcDiscreteAccessory","Stahlblech blank"
"2238","IfcDiscreteAccessory","Stahlprofil blank"
"2239","IfcDiscreteAccessory","Stahlblech blank"
"2239","IfcDiscreteAccessory","Stahlprofil blank"
"2240","IfcDiscreteAccessory","Stahlblech blank"
"2240","IfcDiscreteAccessory","Stahlprofil blank"
"2241","IfcDiscreteAccessory","Stahlblech blank"
"2241","IfcDiscreteAccessory","Stahlprofil blank"
"2242","IfcDiscreteAccessory","Stahlblech blank"
"2242","IfcDiscreteAccessory","Stahlprofil blank"
"2243","IfcFooting","Stahlblech blank"
"2243","IfcFooting","Stahlprofil blank"
"2244","IfcFooting","Stahlblech blank"
"2244","IfcFooting","Stahlprofil blank"
"2245","IfcFooting","Stahlblech blank"
"2245","IfcFooting","Stahlprofil blank"
"2246","IfcFooting","Tiefbaubeton"
"2246","IfcFooting","Magerbeton"
"2246","IfcFooting","Betonfertigteil normalfest"
"2246","IfcFooting","Betonfertigteil hochfest"
"2247","IfcFooting","Betonfertigteil normalfest"
"2247","IfcFooting","Betonfertigteil hochfest"
"2248","IfcFooting","Tiefbaubeton"
"2248","IfcFooting","Magerbeton"
"2249","IfcFooting","Tiefbaubeton"
"2249","IfcFooting","Magerbeton"
"2250","IfcFooting","Betonfertigteil normalfest"
"2250","IfcFooting","Betonfertigteil hochfest"
"2251","IfcFooting","Magerbeton"
"2252","IfcFooting","Magerbeton"
"2253","IfcFooting","Magerbeton"
"2254","IfcFooting","Magerbeton"
"2255","IfcFooting","Tiefbaubeton"
"2255","IfcFooting","Betonfertigteil normalfest"
"2256","IfcFooting","Tiefbaubeton"
"2257","IfcFooting","Betonfertigteil normalfest"
"2258","IfcFooting","Tiefbaubeton"
"2258","IfcFooting","Betonfertigteil normalfest"
"2259","IfcFooting","Betonfertigteil normalfest"
"2260","IfcFooting","Tiefbaubeton"
"2261","IfcFooting","Tiefbaubeton"
"2261","IfcFooting","Betonfertigteil normalfest"
"2262","IfcFooting","Betonfertigteil normalfest"
"2263","IfcFooting","Tiefbaubeton"
"2264","IfcFooting","Tiefbaubeton"
"2264","IfcFooting","Betonfertigteil hochfest"
"2265","IfcFooting","Tiefbaubeton"
"2266","IfcFooting","Betonfertigteil hochfest"
"2267","IfcFooting","Tiefbaubeton"
"2267","IfcFooting","Betonfertigteil hochfest"
"2268","IfcFooting","Tiefbaubeton"
"2269","IfcFooting","Betonfertigteil hochfest"
"2270","IfcFooting","Tiefbaubeton"
"2271","IfcFooting","Betonfertigteil normalfest"
"2272","IfcFooting","Betonfertigteil normalfest"
"2273","IfcFooting","Tiefbaubeton"
"2274","IfcFooting","Tiefbaubeton"
"2275","IfcFooting","Betonfertigteil hochfest"
"2276","IfcFooting","Tiefbaubeton"
"2277","IfcFooting","Tiefbaubeton"
"2278","IfcFooting","Tiefbaubeton"
"2279","IfcFooting","Betonfertigteil hochfest"
"2280","IfcFooting","Tiefbaubeton"
"2281","IfcFooting","Betonfertigteil normalfest"
"2282","IfcFooting","Tiefbaubeton"
"2283","IfcFooting","Tiefbaubeton"
"2284","IfcFooting","Magerbeton"
"2285","IfcFooting","Magerbeton"
"2286","IfcFooting","Magerbeton"
"2287","IfcFooting","Stahlblech blank"
"2287","IfcFooting","Stahlprofil blank"
"2288","IfcFooting","Stahlblech blank"
"2288","IfcFooting","Stahlprofil blank"
"2289","IfcFooting","Stahlblech blank"
"2289","IfcFooting","Stahlprofil blank"
"2290","IfcFooting","Stahlblech blank"
"2290","IfcFooting","Stahlprofil blank"
"2291","IfcFooting","Stahlblech blank"
"2291","IfcFooting","Stahlprofil blank"
"2292","IfcFooting","Stahlblech blank"
"2292","IfcFooting","Stahlprofil blank"
"2293","IfcFooting","Stahlblech blank"
"2293","IfcFooting","Stahlprofil blank"
"2294","IfcFooting","Stahlblech blank"
"2294","IfcFooting","Stahlprofil blank"
"2295","IfcFooting","Tiefbaubeton"
"2295","IfcFooting","Betonfertigteil normalfest"
"2295","IfcFooting","Betonfertigteil hochfest"
"2296","IfcFooting","Betonfertigteil normalfest"
"2296","IfcFooting","Betonfertigteil hochfest"
"2297","IfcFooting","Tiefbaubeton"
"2298","IfcFooting","Tiefbaubeton"
"2299","IfcFooting","Betonfertigteil normalfest"
"2299","IfcFooting","Betonfertigteil hochfest"
"2300","IfcFooting","Tiefbaubeton"
"2300","IfcFooting","Betonfertigteil normalfest"
"2301","IfcFooting","Betonfertigteil normalfest"
"2302","IfcFooting","Tiefbaubeton"
"2303","IfcFooting","Tiefbaubeton"
"2303","IfcFooting","Betonfertigteil normalfest"
"2304","IfcFooting","Tiefbaubeton"
"2305","IfcFooting","Betonfertigteil normalfest"
"2306","IfcFooting","Tiefbaubeton"
"2306","IfcFooting","Betonfertigteil normalfest"
"2307","IfcFooting","Betonfertigteil normalfest"
"2308","IfcFooting","Tiefbaubeton"
"2309","IfcFooting","Tiefbaubeton"
"2309","IfcFooting","Betonfertigteil hochfest"
"2310","IfcFooting","Betonfertigteil hochfest"
"2311","IfcFooting","Tiefbaubeton"
"2312","IfcFooting","Tiefbaubeton"
"2312","IfcFooting","Betonfertigteil hochfest"
"2313","IfcFooting","Tiefbaubeton"
"2314","IfcFooting","Betonfertigteil hochfest"
"2315","IfcFooting","Tiefbaubeton"
"2316","IfcFooting","Betonfertigteil hochfest"
"2317","IfcFooting","Tiefbaubeton"
"2318","IfcFooting","Tiefbaubeton"
"2319","IfcFooting","Tiefbaubeton"
"2320","IfcFooting","Tiefbaubeton"
"2321","IfcFooting","Betonfertigteil normalfest"
"2322","IfcFooting","Tiefbaubeton"
"2323","IfcFooting","Betonfertigteil normalfest"
"2324","IfcFooting","Betonfertigteil normalfest"
"2325","IfcFooting","Tiefbaubeton"
"2326","IfcFooting","Tiefbaubeton"
"2327","IfcFooting","Betonfertigteil hochfest"
"2328","IfcFooting","Stahlblech blank"
"2328","IfcFooting","Stahlprofil blank"
"2329","IfcFooting","Stahlblech blank"
"2329","IfcFooting","Stahlprofil blank"
"2330","IfcFooting","Stahlblech blank"
"2330","IfcFooting","Stahlprofil blank"
"2331","IfcFooting","Tiefbaubeton"
"2331","IfcFooting","Magerbeton"
"2331","IfcFooting","Betonfertigteil normalfest"
"2331","IfcFooting","Betonfertigteil hochfest"
"2332","IfcFooting","Betonfertigteil normalfest"
"2332","IfcFooting","Betonfertigteil hochfest"
"2333","IfcFooting","Tiefbaubeton"
"2333","IfcFooting","Magerbeton"
"2334","IfcFooting","Tiefbaubeton"
"2334","IfcFooting","Magerbeton"
"2335","IfcFooting","Magerbeton"
"2336","IfcFooting","Magerbeton"
"2337","IfcFooting","Magerbeton"
"2338","IfcFooting","Magerbeton"
"2339","IfcFooting","Tiefbaubeton"
"2339","IfcFooting","Betonfertigteil normalfest"
"2340","IfcFooting","Betonfertigteil normalfest"
"2341","IfcFooting","Tiefbaubeton"
"2342","IfcFooting","Tiefbaubeton"
"2342","IfcFooting","Betonfertigteil normalfest"
"2343","IfcFooting","Betonfertigteil normalfest"
"2344","IfcFooting","Tiefbaubeton"
"2345","IfcFooting","Tiefbaubeton"
"2345","IfcFooting","Betonfertigteil normalfest"
"2346","IfcFooting","Betonfertigteil normalfest"
"2347","IfcFooting","Tiefbaubeton"
"2348","IfcFooting","Tiefbaubeton"
"2348","IfcFooting","Betonfertigteil hochfest"
"2349","IfcFooting","Betonfertigteil hochfest"
"2350","IfcFooting","Tiefbaubeton"
"2351","IfcFooting","Tiefbaubeton"
"2351","IfcFooting","Betonfertigteil hochfest"
"2352","IfcFooting","Betonfertigteil hochfest"
"2353","IfcFooting","Tiefbaubeton"
"2354","IfcFooting","Tiefbaubeton"
"2355","IfcFooting","Betonfertigteil normalfest"
"2356","IfcFooting","Tiefbaubeton"
"2357","IfcFooting","Tiefbaubeton"
"2358","IfcFooting","Tiefbaubeton"
"2359","IfcFooting","Tiefbaubeton"
"2360","IfcFooting","Betonfertigteil hochfest"
"2361","IfcFooting","Tiefbaubeton"
"2362","IfcFooting","Betonfertigteil normalfest"
"2363","IfcFooting","Betonfertigteil normalfest"
"2364","IfcFooting","Betonfertigteil hochfest"
"2365","IfcFooting","Tiefbaubeton"
"2366","IfcFooting","Tiefbaubeton"
"2367","IfcFooting","Stahlblech blank"
"2367","IfcFooting","Stahlprofil blank"
"2368","IfcFooting","Stahlblech blank"
"2368","IfcFooting","Stahlprofil blank"
"2369","IfcFooting","Stahlblech blank"
"2369","IfcFooting","Stahlprofil blank"
"2370","IfcFooting","Stahlblech blank"
"2370","IfcFooting","Stahlprofil blank"
"2371","IfcFooting","Stahlblech blank"
"2371","IfcFooting","Stahlprofil blank"
"2372","IfcFooting","Stahlblech blank"
"2372","IfcFooting","Stahlprofil blank"
"2373","IfcFooting","Stahlblech blank"
"2373","IfcFooting","Stahlprofil blank"
"2374","IfcFooting","Stahlblech blank"
"2374","IfcFooting","Stahlprofil blank"
"2375","IfcFooting","Tiefbaubeton"
"2375","IfcFooting","Betonfertigteil normalfest"
"2375","IfcFooting","Betonfertigteil hochfest"
"2376","IfcFooting","Betonfertigteil normalfest"
"2376","IfcFooting","Betonfertigteil hochfest"
"2377","IfcFooting","Tiefbaubeton"
"2378","IfcFooting","Tiefbaubeton"
"2379","IfcFooting","Betonfertigteil normalfest"
"2379","IfcFooting","Betonfertigteil hochfest"
"2380","IfcFooting","Tiefbaubeton"
"2380","IfcFooting","Betonfertigteil normalfest"
"2381","IfcFooting","Betonfertigteil normalfest"
"2382","IfcFooting","Tiefbaubeton"
"2383","IfcFooting","Tiefbaubeton"
"2383","IfcFooting","Betonfertigteil normalfest"
"2384","IfcFooting","Tiefbaubeton"
"2385","IfcFooting","Betonfertigteil normalfest"
"2386","IfcFooting","Tiefbaubeton"
"2386","IfcFooting","Betonfertigteil normalfest"
"2387","IfcFooting","Tiefbaubeton"
"2388","IfcFooting","Betonfertigteil normalfest"
"2389","IfcFooting","Tiefbaubeton"
"2389","IfcFooting","Betonfertigteil hochfest"
"2390","IfcFooting","Betonfertigteil hochfest"
"2391","IfcFooting","Tiefbaubeton"
"2392","IfcFooting","Tiefbaubeton"
"2392","IfcFooting","Betonfertigteil hochfest"
"2393","IfcFooting","Betonfertigteil hochfest"
"2394","IfcFooting","Tiefbaubeton"
"2395","IfcFooting","Tiefbaubeton"
"2396","IfcFooting","Betonfertigteil normalfest"
"2397","IfcFooting","Betonfertigteil hochfest"
"2398","IfcFooting","Tiefbaubeton"
"2399","IfcFooting","Tiefbaubeton"
"2400","IfcFooting","Betonfertigteil hochfest"
"2401","IfcFooting","Tiefbaubeton"
"2402","IfcFooting","Tiefbaubeton"
"2403","IfcFooting","Tiefbaubeton"
"2404","IfcFooting","Tiefbaubeton"
"2405","IfcFooting","Betonfertigteil normalfest"
"2406","IfcFooting","Tiefbaubeton"
"2407","IfcFooting","Betonfertigteil normalfest"
"2408","IfcFooting","Tiefbaubeton"
"2409","IfcFooting","Tiefbaubeton"
"2409","IfcFooting","Magerbeton"
"2409","IfcFooting","Betonfertigteil normalfest"
"2409","IfcFooting","Betonfertigteil hochfest"
"2410","IfcFooting","Betonfertigteil normalfest"
"2410","IfcFooting","Betonfertigteil hochfest"
"2411","IfcFooting","Tiefbaubeton"
"2411","IfcFooting","Magerbeton"
"2412","IfcFooting","Tiefbaubeton"
"2412","IfcFooting","Magerbeton"
"2413","IfcFooting","Betonfertigteil normalfest"
"2413","IfcFooting","Betonfertigteil hochfest"
"2414","IfcFooting","Magerbeton"
"2415","IfcFooting","Magerbeton"
"2416","IfcFooting","Magerbeton"
"2417","IfcFooting","Magerbeton"
"2418","IfcFooting","Tiefbaubeton"
"2418","IfcFooting","Betonfertigteil normalfest"
"2419","IfcFooting","Tiefbaubeton"
"2420","IfcFooting","Betonfertigteil normalfest"
"2421","IfcFooting","Tiefbaubeton"
"2421","IfcFooting","Betonfertigteil normalfest"
"2422","IfcFooting","Tiefbaubeton"
"2423","IfcFooting","Betonfertigteil normalfest"
"2424","IfcFooting","Tiefbaubeton"
"2424","IfcFooting","Betonfertigteil normalfest"
"2425","IfcFooting","Betonfertigteil normalfest"
"2426","IfcFooting","Tiefbaubeton"
"2427","IfcFooting","Tiefbaubeton"
"2427","IfcFooting","Betonfertigteil hochfest"
"2428","IfcFooting","Tiefbaubeton"
"2429","IfcFooting","Betonfertigteil hochfest"
"2430","IfcFooting","Tiefbaubeton"
"2430","IfcFooting","Betonfertigteil hochfest"
"2431","IfcFooting","Betonfertigteil hochfest"
"2432","IfcFooting","Tiefbaubeton"
"2433","IfcFooting","Tiefbaubeton"
"2434","IfcFooting","Betonfertigteil normalfest"
"2435","IfcFooting","Betonfertigteil hochfest"
"2436","IfcFooting","Tiefbaubeton"
"2437","IfcFooting","Tiefbaubeton"
"2438","IfcFooting","Betonfertigteil normalfest"
"2439","IfcFooting","Tiefbaubeton"
"2440","IfcFooting","Tiefbaubeton"
"2441","IfcFooting","Betonfertigteil normalfest"
"2442","IfcFooting","Tiefbaubeton"
"2443","IfcFooting","Tiefbaubeton"
"2444","IfcFooting","Tiefbaubeton"
"2445","IfcFooting","Betonfertigteil hochfest"
"2446","IfcFooting","Tiefbaubeton"
"2447","IfcFooting","Magerbeton"
"2448","IfcFooting","Magerbeton"
"2449","IfcFooting","Magerbeton"
"2450","IfcFooting","Tiefbaubeton"
"2450","IfcFooting","Betonfertigteil normalfest"
"2450","IfcFooting","Betonfertigteil hochfest"
"2451","IfcFooting","Betonfertigteil normalfest"
"2451","IfcFooting","Betonfertigteil hochfest"
"2452","IfcFooting","Tiefbaubeton"
"2453","IfcFooting","Tiefbaubeton"
"2454","IfcFooting","Betonfertigteil normalfest"
"2454","IfcFooting","Betonfertigteil hochfest"
"2455","IfcFooting","Tiefbaubeton"
"2455","IfcFooting","Betonfertigteil normalfest"
"2456","IfcFooting","Betonfertigteil normalfest"
"2457","IfcFooting","Tiefbaubeton"
"2458","IfcFooting","Tiefbaubeton"
"2458","IfcFooting","Betonfertigteil normalfest"
"2459","IfcFooting","Tiefbaubeton"
"2460","IfcFooting","Betonfertigteil normalfest"
"2461","IfcFooting","Tiefbaubeton"
"2461","IfcFooting","Betonfertigteil normalfest"
"2462","IfcFooting","Tiefbaubeton"
"2463","IfcFooting","Betonfertigteil normalfest"
"2464","IfcFooting","Tiefbaubeton"
"2464","IfcFooting","Betonfertigteil hochfest"
"2465","IfcFooting","Betonfertigteil hochfest"
"2466","IfcFooting","Tiefbaubeton"
"2467","IfcFooting","Tiefbaubeton"
"2467","IfcFooting","Betonfertigteil hochfest"
"2468","IfcFooting","Betonfertigteil hochfest"
"2469","IfcFooting","Tiefbaubeton"
"2470","IfcFooting","Tiefbaubeton"
"2471","IfcFooting","Betonfertigteil normalfest"
"2472","IfcFooting","Betonfertigteil hochfest"
"2473","IfcFooting","Tiefbaubeton"
"2474","IfcFooting","Tiefbaubeton"
"2475","IfcFooting","Tiefbaubeton"
"2476","IfcFooting","Betonfertigteil normalfest"
"2477","IfcFooting","Tiefbaubeton"
"2478","IfcFooting","Tiefbaubeton"
"2479","IfcFooting","Tiefbaubeton"
"2480","IfcFooting","Betonfertigteil normalfest"
"2481","IfcFooting","Betonfertigteil hochfest"
"2482","IfcFooting","Tiefbaubeton"
"2482","IfcFooting","Magerbeton"
"2482","IfcFooting","Betonfertigteil normalfest"
"2482","IfcFooting","Betonfertigteil hochfest"
"2483","IfcFooting","Betonfertigteil normalfest"
"2483","IfcFooting","Betonfertigteil hochfest"
"2484","IfcFooting","Tiefbaubeton"
"2484","IfcFooting","Magerbeton"
"2485","IfcFooting","Tiefbaubeton"
"2485","IfcFooting","Magerbeton"
"2486","IfcFooting","Betonfertigteil normalfest"
"2486","IfcFooting","Betonfertigteil hochfest"
"2487","IfcFooting","Magerbeton"
"2488","IfcFooting","Magerbeton"
"2489","IfcFooting","Magerbeton"
"2490","IfcFooting","Magerbeton"
"2491","IfcFooting","Tiefbaubeton"
"2491","IfcFooting","Betonfertigteil normalfest"
"2492","IfcFooting","Betonfertigteil normalfest"
"2493","IfcFooting","Tiefbaubeton"
"2494","IfcFooting","Tiefbaubeton"
"2494","IfcFooting","Betonfertigteil normalfest"
"2495","IfcFooting","Betonfertigteil normalfest"
"2496","IfcFooting","Tiefbaubeton"
"2497","IfcFooting","Tiefbaubeton"
"2497","IfcFooting","Betonfertigteil normalfest"
"2498","IfcFooting","Tiefbaubeton"
"2499","IfcFooting","Betonfertigteil normalfest"
"2500","IfcFooting","Tiefbaubeton"
"2500","IfcFooting","Betonfertigteil hochfest"
"2501","IfcFooting","Betonfertigteil hochfest"
"2502","IfcFooting","Tiefbaubeton"
"2503","IfcFooting","Tiefbaubeton"
"2503","IfcFooting","Betonfertigteil hochfest"
"2504","IfcFooting","Tiefbaubeton"
"2505","IfcFooting","Betonfertigteil hochfest"
"2506","IfcFooting","Tiefbaubeton"
"2507","IfcFooting","Betonfertigteil normalfest"
"2508","IfcFooting","Tiefbaubeton"
"2509","IfcFooting","Betonfertigteil hochfest"
"2510","IfcFooting","Tiefbaubeton"
"2511","IfcFooting","Tiefbaubeton"
"2512","IfcFooting","Tiefbaubeton"
"2513","IfcFooting","Betonfertigteil normalfest"
"2514","IfcFooting","Tiefbaubeton"
"2515","IfcFooting","Tiefbaubeton"
"2516","IfcFooting","Tiefbaubeton"
"2517","IfcFooting","Tiefbaubeton"
"2518","IfcFooting","Betonfertigteil normalfest"
"2519","IfcFooting","Betonfertigteil hochfest"
"2520","IfcFooting","Magerbeton"
"2521","IfcFooting","Magerbeton"
"2522","IfcFooting","Magerbeton"
"2523","IfcFooting","Tiefbaubeton"
"2523","IfcFooting","Betonfertigteil normalfest"
"2523","IfcFooting","Betonfertigteil hochfest"
"2524","IfcFooting","Betonfertigteil normalfest"
"2524","IfcFooting","Betonfertigteil hochfest"
"2525","IfcFooting","Tiefbaubeton"
"2526","IfcFooting","Tiefbaubeton"
"2527","IfcFooting","Betonfertigteil normalfest"
"2527","IfcFooting","Betonfertigteil hochfest"
"2528","IfcFooting","Tiefbaubeton"
"2528","IfcFooting","Betonfertigteil normalfest"
"2529","IfcFooting","Betonfertigteil normalfest"
"2530","IfcFooting","Tiefbaubeton"
"2531","IfcFooting","Tiefbaubeton"
"2531","IfcFooting","Betonfertigteil normalfest"
"2532","IfcFooting","Betonfertigteil normalfest"
"2533","IfcFooting","Tiefbaubeton"
"2534","IfcFooting","Tiefbaubeton"
"2534","IfcFooting","Betonfertigteil normalfest"
"2535","IfcFooting","Betonfertigteil normalfest"
"2536","IfcFooting","Tiefbaubeton"
"2537","IfcFooting","Tiefbaubeton"
"2537","IfcFooting","Betonfertigteil hochfest"
"2538","IfcFooting","Tiefbaubeton"
"2539","IfcFooting","Betonfertigteil hochfest"
"2540","IfcFooting","Tiefbaubeton"
"2540","IfcFooting","Betonfertigteil hochfest"
"2541","IfcFooting","Betonfertigteil hochfest"
"2542","IfcFooting","Tiefbaubeton"
"2543","IfcFooting","Tiefbaubeton"
"2544","IfcFooting","Tiefbaubeton"
"2545","IfcFooting","Betonfertigteil normalfest"
"2546","IfcFooting","Tiefbaubeton"
"2547","IfcFooting","Betonfertigteil normalfest"
"2548","IfcFooting","Betonfertigteil hochfest"
"2549","IfcFooting","Tiefbaubeton"
"2550","IfcFooting","Tiefbaubeton"
"2551","IfcFooting","Tiefbaubeton"
"2552","IfcFooting","Tiefbaubeton"
"2553","IfcFooting","Betonfertigteil normalfest"
"2554","IfcFooting","Tiefbaubeton"
"2555","IfcFooting","Tiefbaubeton"
"2556","IfcFooting","Betonfertigteil hochfest"
"2557","IfcFooting","Tiefbaubeton"
"2557","IfcFooting","Magerbeton"
"2557","IfcFooting","Betonfertigteil normalfest"
"2557","IfcFooting","Betonfertigteil hochfest"
"2558","IfcFooting","Tiefbaubeton"
"2558","IfcFooting","Magerbeton"
"2559","IfcFooting","Tiefbaubeton"
"2559","IfcFooting","Magerbeton"
"2560","IfcFooting","Betonfertigteil normalfest"
"2560","IfcFooting","Betonfertigteil hochfest"
"2561","IfcFooting","Magerbeton"
"2562","IfcFooting","Magerbeton"
"2563","IfcFooting","Magerbeton"
"2564","IfcFooting","Magerbeton"
"2565","IfcFooting","Tiefbaubeton"
"2565","IfcFooting","Betonfertigteil normalfest"
"2566","IfcFooting","Tiefbaubeton"
"2567","IfcFooting","Betonfertigteil normalfest"
"2568","IfcFooting","Tiefbaubeton"
"2568","IfcFooting","Betonfertigteil normalfest"
"2569","IfcFooting","Tiefbaubeton"
"2570","IfcFooting","Betonfertigteil normalfest"
"2571","IfcFooting","Tiefbaubeton"
"2571","IfcFooting","Betonfertigteil normalfest"
"2572","IfcFooting","Tiefbaubeton"
"2573","IfcFooting","Betonfertigteil normalfest"
"2574","IfcFooting","Tiefbaubeton"
"2574","IfcFooting","Betonfertigteil hochfest"
"2575","IfcFooting","Tiefbaubeton"
"2576","IfcFooting","Betonfertigteil hochfest"
"2577","IfcFooting","Tiefbaubeton"
"2577","IfcFooting","Betonfertigteil hochfest"
"2578","IfcFooting","Tiefbaubeton"
"2579","IfcFooting","Betonfertigteil hochfest"
"2580","IfcFooting","Tiefbaubeton"
"2581","IfcFooting","Betonfertigteil normalfest"
"2582","IfcFooting","Betonfertigteil normalfest"
"2583","IfcFooting","Tiefbaubeton"
"2584","IfcFooting","Betonfertigteil hochfest"
"2585","IfcFooting","Tiefbaubeton"
"2586","IfcFooting","Tiefbaubeton"
"2587","IfcFooting","Tiefbaubeton"
"2588","IfcFooting","Tiefbaubeton"
"2589","IfcFooting","Tiefbaubeton"
"2590","IfcFooting","Betonfertigteil hochfest"
"2591","IfcFooting","Tiefbaubeton"
"2592","IfcFooting","Tiefbaubeton"
"2593","IfcFooting","Betonfertigteil normalfest"
"2594","IfcFooting","Tiefbaubeton"
"2594","IfcFooting","Betonfertigteil normalfest"
"2594","IfcFooting","Betonfertigteil hochfest"
"2595","IfcFooting","Betonfertigteil normalfest"
"2595","IfcFooting","Betonfertigteil hochfest"
"2596","IfcFooting","Tiefbaubeton"
"2597","IfcFooting","Tiefbaubeton"
"2598","IfcFooting","Betonfertigteil normalfest"
"2598","IfcFooting","Betonfertigteil hochfest"
"2599","IfcFooting","Tiefbaubeton"
"2599","IfcFooting","Betonfertigteil normalfest"
"2600","IfcFooting","Betonfertigteil normalfest"
"2601","IfcFooting","Tiefbaubeton"
"2602","IfcFooting","Tiefbaubeton"
"2602","IfcFooting","Betonfertigteil normalfest"
"2603","IfcFooting","Tiefbaubeton"
"2604","IfcFooting","Betonfertigteil normalfest"
"2605","IfcFooting","Tiefbaubeton"
"2605","IfcFooting","Betonfertigteil normalfest"
"2606","IfcFooting","Betonfertigteil normalfest"
"2607","IfcFooting","Tiefbaubeton"
"2608","IfcFooting","Tiefbaubeton"
"2608","IfcFooting","Betonfertigteil hochfest"
"2609","IfcFooting","Betonfertigteil hochfest"
"2610","IfcFooting","Tiefbaubeton"
"2611","IfcFooting","Tiefbaubeton"
"2611","IfcFooting","Betonfertigteil hochfest"
"2612","IfcFooting","Betonfertigteil hochfest"
"2613","IfcFooting","Tiefbaubeton"
"2614","IfcFooting","Tiefbaubeton"
"2615","IfcFooting","Betonfertigteil normalfest"
"2616","IfcFooting","Betonfertigteil hochfest"
"2617","IfcFooting","Tiefbaubeton"
"2618","IfcFooting","Tiefbaubeton"
"2619","IfcFooting","Betonfertigteil normalfest"
"2620","IfcFooting","Tiefbaubeton"
"2621","IfcFooting","Betonfertigteil normalfest"
"2622","IfcFooting","Tiefbaubeton"
"2623","IfcFooting","Tiefbaubeton"
"2624","IfcFooting","Tiefbaubeton"
"2625","IfcFooting","Tiefbaubeton"
"2626","IfcFooting","Betonfertigteil hochfest"
"2627","IfcFooting","Tiefbaubeton"
"2627","IfcFooting","Magerbeton"
"2627","IfcFooting","Betonfertigteil normalfest"
"2627","IfcFooting","Betonfertigteil hochfest"
"2628","IfcFooting","Betonfertigteil normalfest"
"2628","IfcFooting","Betonfertigteil hochfest"
"2629","IfcFooting","Tiefbaubeton"
"2629","IfcFooting","Magerbeton"
"2630","IfcFooting","Tiefbaubeton"
"2630","IfcFooting","Magerbeton"
"2631","IfcFooting","Betonfertigteil normalfest"
"2631","IfcFooting","Betonfertigteil hochfest"
"2632","IfcFooting","Magerbeton"
"2633","IfcFooting","Magerbeton"
"2634","IfcFooting","Magerbeton"
"2635","IfcFooting","Magerbeton"
"2636","IfcFooting","Tiefbaubeton"
"2636","IfcFooting","Betonfertigteil normalfest"
"2637","IfcFooting","Tiefbaubeton"
"2638","IfcFooting","Betonfertigteil normalfest"
"2639","IfcFooting","Tiefbaubeton"
"2639","IfcFooting","Betonfertigteil normalfest"
"2640","IfcFooting","Tiefbaubeton"
"2641","IfcFooting","Betonfertigteil normalfest"
"2642","IfcFooting","Tiefbaubeton"
"2642","IfcFooting","Betonfertigteil normalfest"
"2643","IfcFooting","Tiefbaubeton"
"2644","IfcFooting","Betonfertigteil normalfest"
"2645","IfcFooting","Tiefbaubeton"
"2645","IfcFooting","Betonfertigteil hochfest"
"2646","IfcFooting","Tiefbaubeton"
"2647","IfcFooting","Betonfertigteil hochfest"
"2648","IfcFooting","Tiefbaubeton"
"2648","IfcFooting","Betonfertigteil hochfest"
"2649","IfcFooting","Betonfertigteil hochfest"
"2650","IfcFooting","Tiefbaubeton"
"2651","IfcFooting","Tiefbaubeton"
"2652","IfcFooting","Tiefbaubeton"
"2653","IfcFooting","Betonfertigteil hochfest"
"2654","IfcFooting","Tiefbaubeton"
"2655","IfcFooting","Betonfertigteil normalfest"
"2656","IfcFooting","Tiefbaubeton"
"2657","IfcFooting","Tiefbaubeton"
"2658","IfcFooting","Betonfertigteil normalfest"
"2659","IfcFooting","Betonfertigteil hochfest"
"2660","IfcFooting","Tiefbaubeton"
"2661","IfcFooting","Tiefbaubeton"
"2662","IfcFooting","Betonfertigteil normalfest"
"2663","IfcFooting","Tiefbaubeton"
"2664","IfcFooting","Tiefbaubeton"
"2665","IfcFooting","Magerbeton"
"2666","IfcFooting","Magerbeton"
"2667","IfcFooting","Magerbeton"
"2668","IfcFooting","Tiefbaubeton"
"2668","IfcFooting","Betonfertigteil normalfest"
"2668","IfcFooting","Betonfertigteil hochfest"
"2669","IfcFooting","Tiefbaubeton"
"2670","IfcFooting","Tiefbaubeton"
"2671","IfcFooting","Betonfertigteil normalfest"
"2671","IfcFooting","Betonfertigteil hochfest"
"2672","IfcFooting","Tiefbaubeton"
"2672","IfcFooting","Betonfertigteil normalfest"
"2673","IfcFooting","Tiefbaubeton"
"2674","IfcFooting","Betonfertigteil normalfest"
"2675","IfcFooting","Tiefbaubeton"
"2675","IfcFooting","Betonfertigteil normalfest"
"2676","IfcFooting","Tiefbaubeton"
"2677","IfcFooting","Betonfertigteil normalfest"
"2678","IfcFooting","Tiefbaubeton"
"2678","IfcFooting","Betonfertigteil normalfest"
"2679","IfcFooting","Tiefbaubeton"
"2680","IfcFooting","Betonfertigteil normalfest"
"2681","IfcFooting","Tiefbaubeton"
"2681","IfcFooting","Betonfertigteil hochfest"
"2682","IfcFooting","Tiefbaubeton"
"2683","IfcFooting","Betonfertigteil hochfest"
"2684","IfcFooting","Tiefbaubeton"
"2684","IfcFooting","Betonfertigteil hochfest"
"2685","IfcFooting","Tiefbaubeton"
"2686","IfcFooting","Betonfertigteil hochfest"
"2687","IfcFooting","Tiefbaubeton"
"2688","IfcFooting","Betonfertigteil normalfest"
"2689","IfcFooting","Betonfertigteil normalfest"
"2690","IfcFooting","Tiefbaubeton"
"2691","IfcFooting","Betonfertigteil hochfest"
"2692","IfcFooting","Tiefbaubeton"
"2693","IfcFooting","Tiefbaubeton"
"2694","IfcFooting","Tiefbaubeton"
"2695","IfcFooting","Tiefbaubeton"
"2696","IfcFooting","Betonfertigteil normalfest"
"2697","IfcFooting","Tiefbaubeton"
"2698","IfcFooting","Tiefbaubeton"
"2699","IfcFooting","Tiefbaubeton"
"2700","IfcFooting","Betonfertigteil hochfest"
"2701","IfcKerb","Tiefbaubeton"
"2701","IfcKerb","Betonfertigteil normalfest"
"2701","IfcKerb","Betonfertigteil hochfest"
"2702","IfcKerb","Betonfertigteil normalfest"
"2702","IfcKerb","Betonfertigteil hochfest"
"2703","IfcKerb","Tiefbaubeton"
"2704","IfcKerb","Tiefbaubeton"
"2705","IfcKerb","Betonfertigteil normalfest"
"2705","IfcKerb","Betonfertigteil hochfest"
"2706","IfcKerb","Tiefbaubeton"
"2706","IfcKerb","Betonfertigteil normalfest"
"2707","IfcKerb","Betonfertigteil normalfest"
"2708","IfcKerb","Tiefbaubeton"
"2709","IfcKerb","Tiefbaubeton"
"2709","IfcKerb","Betonfertigteil normalfest"
"2710","IfcKerb","Tiefbaubeton"
"2711","IfcKerb","Betonfertigteil normalfest"
"2712","IfcKerb","Tiefbaubeton"
"2712","IfcKerb","Betonfertigteil normalfest"
"2713","IfcKerb","Betonfertigteil normalfest"
"2714","IfcKerb","Tiefbaubeton"
"2715","IfcKerb","Tiefbaubeton"
"2715","IfcKerb","Betonfertigteil hochfest"
"2716","IfcKerb","Betonfertigteil hochfest"
"2717","IfcKerb","Tiefbaubeton"
"2718","IfcKerb","Tiefbaubeton"
"2718","IfcKerb","Betonfertigteil hochfest"
"2719","IfcKerb","Tiefbaubeton"
"2720","IfcKerb","Betonfertigteil hochfest"
"2721","IfcKerb","Tiefbaubeton"
"2722","IfcKerb","Tiefbaubeton"
"2723","IfcKerb","Tiefbaubeton"
"2724","IfcKerb","Tiefbaubeton"
"2725","IfcKerb","Betonfertigteil hochfest"
"2726","IfcKerb","Tiefbaubeton"
"2727","IfcKerb","Tiefbaubeton"
"2728","IfcKerb","Betonfertigteil normalfest"
"2729","IfcKerb","Tiefbaubeton"
"2730","IfcKerb","Betonfertigteil normalfest"
"2731","IfcKerb","Betonfertigteil normalfest"
"2732","IfcKerb","Tiefbaubeton"
"2733","IfcKerb","Betonfertigteil hochfest"
"2734","IfcKerb","Tiefbaubeton"
"2735","IfcKerb","Hartsandsteinplatte"
"2735","IfcKerb","Kalksteinplatte"
"2735","IfcKerb","Natursteinplatte geschnitten"
"2735","IfcKerb","Kunststeinplatte zementgebunden"
"2736","IfcKerb","Tiefbaubeton"
"2736","IfcKerb","Betonfertigteil normalfest"
"2736","IfcKerb","Betonfertigteil hochfest"
"2737","IfcKerb","Betonfertigteil normalfest"
"2737","IfcKerb","Betonfertigteil hochfest"
"2738","IfcKerb","Tiefbaubeton"
"2739","IfcKerb","Tiefbaubeton"
"2740","IfcKerb","Betonfertigteil normalfest"
"2740","IfcKerb","Betonfertigteil hochfest"
"2741","IfcKerb","Tiefbaubeton"
"2741","IfcKerb","Betonfertigteil normalfest"
"2742","IfcKerb","Tiefbaubeton"
"2743","IfcKerb","Betonfertigteil normalfest"
"2744","IfcKerb","Tiefbaubeton"
"2744","IfcKerb","Betonfertigteil normalfest"
"2745","IfcKerb","Betonfertigteil normalfest"
"2746","IfcKerb","Tiefbaubeton"
"2747","IfcKerb","Tiefbaubeton"
"2747","IfcKerb","Betonfertigteil normalfest"
"2748","IfcKerb","Betonfertigteil normalfest"
"2749","IfcKerb","Tiefbaubeton"
"2750","IfcKerb","Tiefbaubeton"
"2750","IfcKerb","Betonfertigteil hochfest"
"2751","IfcKerb","Betonfertigteil hochfest"
"2752","IfcKerb","Tiefbaubeton"
"2753","IfcKerb","Tiefbaubeton"
"2753","IfcKerb","Betonfertigteil hochfest"
"2754","IfcKerb","Betonfertigteil hochfest"
"2755","IfcKerb","Tiefbaubeton"
"2756","IfcKerb","Tiefbaubeton"
"2757","IfcKerb","Betonfertigteil hochfest"
"2758","IfcKerb","Tiefbaubeton"
"2759","IfcKerb","Betonfertigteil normalfest"
"2760","IfcKerb","Betonfertigteil normalfest"
"2761","IfcKerb","Tiefbaubeton"
"2762","IfcKerb","Tiefbaubeton"
"2763","IfcKerb","Tiefbaubeton"
"2764","IfcKerb","Tiefbaubeton"
"2765","IfcKerb","Tiefbaubeton"
"2766","IfcKerb","Tiefbaubeton"
"2767","IfcKerb","Tiefbaubeton"
"2768","IfcKerb","Betonfertigteil normalfest"
"2769","IfcKerb","Betonfertigteil hochfest"
"2770","IfcMember","Stahlblech blank"
"2770","IfcMember","Stahlprofil blank"
"2771","IfcMember","Stahlblech blank"
"2771","IfcMember","Stahlprofil blank"
"2772","IfcMember","Stahlblech blank"
"2772","IfcMember","Stahlprofil blank"
"2773","IfcMember","Tiefbaubeton"
"2773","IfcMember","Betonfertigteil normalfest"
"2773","IfcMember","Betonfertigteil hochfest"
"2774","IfcMember","Betonfertigteil normalfest"
"2774","IfcMember","Betonfertigteil hochfest"
"2775","IfcMember","Tiefbaubeton"
"2776","IfcMember","Tiefbaubeton"
"2777","IfcMember","Betonfertigteil normalfest"
"2777","IfcMember","Betonfertigteil hochfest"
"2778","IfcMember","Tiefbaubeton"
"2778","IfcMember","Betonfertigteil normalfest"
"2779","IfcMember","Tiefbaubeton"
"2780","IfcMember","Betonfertigteil normalfest"
"2781","IfcMember","Tiefbaubeton"
"2781","IfcMember","Betonfertigteil normalfest"
"2782","IfcMember","Tiefbaubeton"
"2783","IfcMember","Betonfertigteil normalfest"
"2784","IfcMember","Tiefbaubeton"
"2784","IfcMember","Betonfertigteil normalfest"
"2785","IfcMember","Betonfertigteil normalfest"
"2786","IfcMember","Tiefbaubeton"
"2787","IfcMember","Tiefbaubeton"
"2787","IfcMember","Betonfertigteil hochfest"
"2788","IfcMember","Betonfertigteil hochfest"
"2789","IfcMember","Tiefbaubeton"
"2790","IfcMember","Tiefbaubeton"
"2790","IfcMember","Betonfertigteil hochfest"
"2791","IfcMember","Betonfertigteil hochfest"
"2792","IfcMember","Tiefbaubeton"
"2793","IfcMember","Tiefbaubeton"
"2794","IfcMember","Tiefbaubeton"
"2795","IfcMember","Tiefbaubeton"
"2796","IfcMember","Tiefbaubeton"
"2797","IfcMember","Tiefbaubeton"
"2798","IfcMember","Betonfertigteil normalfest"
"2799","IfcMember","Betonfertigteil hochfest"
"2800","IfcMember","Tiefbaubeton"
"2801","IfcMember","Betonfertigteil normalfest"
"2802","IfcMember","Betonfertigteil normalfest"
"2803","IfcMember","Betonfertigteil hochfest"
"2804","IfcMember","Tiefbaubeton"
"2805","IfcMember","Tiefbaubeton"
"2806","IfcMember","Tiefbaubeton"
"2807","IfcMember","Massivholz Buche Eiche kammergetrocknet gehobelt"
"2807","IfcMember","Massivholz Buche Eiche kammergetrocknet rau"
"2807","IfcMember","Massivholz Buche Eiche luftgetrocknet rau"
"2808","IfcMember","Massivholz Buche Eiche kammergetrocknet gehobelt"
"2808","IfcMember","Massivholz Buche Eiche kammergetrocknet rau"
"2808","IfcMember","Massivholz Buche Eiche luftgetrocknet rau"
"2809","IfcMember","Konstruktionsvollholz"
"2809","IfcMember","Massivholz Fichte Tanne Lärche kammergetrocknet gehobelt"
"2809","IfcMember","Massivholz Fichte Tanne Lärche luftgetrocknet gehobelt"
"2809","IfcMember","Massivholz Fichte Tanne Lärche luftgetrocknet rau"
"2810","IfcMember","Konstruktionsvollholz"
"2810","IfcMember","Massivholz Buche Eiche kammergetrocknet gehobelt"
"2810","IfcMember","Massivholz Buche Eiche kammergetrocknet rau"
"2810","IfcMember","Massivholz Buche Eiche luftgetrocknet rau"
"2810","IfcMember","Massivholz Fichte Tanne Lärche kammergetrocknet gehobelt"
"2810","IfcMember","Massivholz Fichte Tanne Lärche luftgetrocknet gehobelt"
"2810","IfcMember","Massivholz Fichte Tanne Lärche luftgetrocknet rau"
"2811","IfcMember","Armierungsstahl"
"2812","IfcMember","Konstruktionsvollholz"
"2812","IfcMember","Massivholz Fichte Tanne Lärche kammergetrocknet gehobelt"
"2812","IfcMember","Massivholz Fichte Tanne Lärche luftgetrocknet gehobelt"
"2812","IfcMember","Massivholz Fichte Tanne Lärche luftgetrocknet rau"
"2813","IfcMember","Stahlblech blank"
"2813","IfcMember","Stahlprofil blank"
"2814","IfcMember","Stahlblech blank"
"2814","IfcMember","Stahlprofil blank"
"2815","IfcMember","Stahlblech blank"
"2815","IfcMember","Stahlprofil blank"
"2816","IfcMember","Stahlblech blank"
"2816","IfcMember","Stahlprofil blank"
"2817","IfcMember","Stahlblech blank"
"2817","IfcMember","Stahlprofil blank"
"2818","IfcMember","Stahlblech blank"
"2818","IfcMember","Stahlprofil blank"
"2819","IfcMember","Stahlblech blank"
"2819","IfcMember","Stahlprofil blank"
"2820","IfcMember","Stahlblech blank"
"2820","IfcMember","Stahlprofil blank"
"2821","IfcMember","Tiefbaubeton"
"2821","IfcMember","Betonfertigteil normalfest"
"2821","IfcMember","Betonfertigteil hochfest"
"2822","IfcMember","Betonfertigteil normalfest"
"2822","IfcMember","Betonfertigteil hochfest"
"2823","IfcMember","Tiefbaubeton"
"2824","IfcMember","Tiefbaubeton"
"2825","IfcMember","Betonfertigteil normalfest"
"2825","IfcMember","Betonfertigteil hochfest"
"2826","IfcMember","Tiefbaubeton"
"2826","IfcMember","Betonfertigteil normalfest"
"2827","IfcMember","Tiefbaubeton"
"2828","IfcMember","Betonfertigteil normalfest"
"2829","IfcMember","Tiefbaubeton"
"2829","IfcMember","Betonfertigteil normalfest"
"2830","IfcMember","Betonfertigteil normalfest"
"2831","IfcMember","Tiefbaubeton"
"2832","IfcMember","Tiefbaubeton"
"2832","IfcMember","Betonfertigteil normalfest"
"2833","IfcMember","Tiefbaubeton"
"2834","IfcMember","Betonfertigteil normalfest"
"2835","IfcMember","Tiefbaubeton"
"2835","IfcMember","Betonfertigteil hochfest"
"2836","IfcMember","Tiefbaubeton"
"2837","IfcMember","Betonfertigteil hochfest"
"2838","IfcMember","Tiefbaubeton"
"2838","IfcMember","Betonfertigteil hochfest"
"2839","IfcMember","Betonfertigteil hochfest"
"2840","IfcMember","Tiefbaubeton"
"2841","IfcMember","Tiefbaubeton"
"2842","IfcMember","Tiefbaubeton"
"2843","IfcMember","Tiefbaubeton"
"2844","IfcMember","Betonfertigteil hochfest"
"2845","IfcMember","Tiefbaubeton"
"2846","IfcMember","Tiefbaubeton"
"2847","IfcMember","Betonfertigteil hochfest"
"2848","IfcMember","Tiefbaubeton"
"2849","IfcMember","Betonfertigteil normalfest"
"2850","IfcMember","Betonfertigteil normalfest"
"2851","IfcMember","Tiefbaubeton"
"2852","IfcMember","Tiefbaubeton"
"2853","IfcMember","Tiefbaubeton"
"2854","IfcMember","Betonfertigteil normalfest"
"2855","IfcMember","Konstruktionsvollholz"
"2855","IfcMember","Massivholz Fichte Tanne Lärche kammergetrocknet gehobelt"
"2855","IfcMember","Massivholz Fichte Tanne Lärche luftgetrocknet gehobelt"
"2855","IfcMember","Massivholz Fichte Tanne Lärche luftgetrocknet rau"
"2856","IfcMember","Stahlblech blank"
"2856","IfcMember","Stahlprofil blank"
"2857","IfcMember","Stahlblech blank"
"2857","IfcMember","Stahlprofil blank"
"2858","IfcMember","Stahlblech blank"
"2858","IfcMember","Stahlprofil blank"
"2859","IfcMember","Tiefbaubeton"
"2859","IfcMember","Betonfertigteil normalfest"
"2859","IfcMember","Betonfertigteil hochfest"
"2860","IfcMember","Betonfertigteil normalfest"
"2860","IfcMember","Betonfertigteil hochfest"
"2861","IfcMember","Tiefbaubeton"
"2862","IfcMember","Tiefbaubeton"
"2863","IfcMember","Betonfertigteil normalfest"
"2863","IfcMember","Betonfertigteil hochfest"
"2864","IfcMember","Tiefbaubeton"
"2864","IfcMember","Betonfertigteil normalfest"
"2865","IfcMember","Tiefbaubeton"
"2866","IfcMember","Betonfertigteil normalfest"
"2867","IfcMember","Tiefbaubeton"
"2867","IfcMember","Betonfertigteil normalfest"
"2868","IfcMember","Betonfertigteil normalfest"
"2869","IfcMember","Tiefbaubeton"
"2870","IfcMember","Tiefbaubeton"
"2870","IfcMember","Betonfertigteil normalfest"
"2871","IfcMember","Tiefbaubeton"
"2872","IfcMember","Betonfertigteil normalfest"
"2873","IfcMember","Tiefbaubeton"
"2873","IfcMember","Betonfertigteil hochfest"
"2874","IfcMember","Tiefbaubeton"
"2875","IfcMember","Betonfertigteil hochfest"
"2876","IfcMember","Tiefbaubeton"
"2876","IfcMember","Betonfertigteil hochfest"
"2877","IfcMember","Tiefbaubeton"
"2878","IfcMember","Betonfertigteil hochfest"
"2879","IfcMember","Tiefbaubeton"
"2880","IfcMember","Tiefbaubeton"
"2881","IfcMember","Betonfertigteil normalfest"
"2882","IfcMember","Tiefbaubeton"
"2883","IfcMember","Betonfertigteil normalfest"
"2884","IfcMember","Tiefbaubeton"
"2885","IfcMember","Tiefbaubeton"
"2886","IfcMember","Tiefbaubeton"
"2887","IfcMember","Tiefbaubeton"
"2888","IfcMember","Betonfertigteil normalfest"
"2889","IfcMember","Tiefbaubeton"
"2890","IfcMember","Betonfertigteil hochfest"
"2891","IfcMember","Tiefbaubeton"
"2892","IfcMember","Betonfertigteil hochfest"
"2893","IfcMember","Stahlblech blank"
"2893","IfcMember","Stahlprofil blank"
"2894","IfcMember","Stahlblech blank"
"2894","IfcMember","Stahlprofil blank"
"2895","IfcMember","Stahlblech blank"
"2895","IfcMember","Stahlprofil blank"
"2896","IfcMember","Stahlblech blank"
"2896","IfcMember","Stahlprofil blank"
"2897","IfcMember","Stahlblech blank"
"2897","IfcMember","Stahlprofil blank"
"2898","IfcMember","Stahlblech blank"
"2898","IfcMember","Stahlprofil blank"
"2899","IfcMember","Stahlblech blank"
"2899","IfcMember","Stahlprofil blank"
"2900","IfcMember","Stahlblech blank"
"2900","IfcMember","Stahlprofil blank"
"2901","IfcMember","Tiefbaubeton"
"2901","IfcMember","Betonfertigteil normalfest"
"2901","IfcMember","Betonfertigteil hochfest"
"2902","IfcMember","Betonfertigteil normalfest"
"2902","IfcMember","Betonfertigteil hochfest"
"2903","IfcMember","Tiefbaubeton"
"2904","IfcMember","Tiefbaubeton"
"2905","IfcMember","Betonfertigteil normalfest"
"2905","IfcMember","Betonfertigteil hochfest"
"2906","IfcMember","Tiefbaubeton"
"2906","IfcMember","Betonfertigteil normalfest"
"2907","IfcMember","Tiefbaubeton"
"2908","IfcMember","Betonfertigteil normalfest"
"2909","IfcMember","Tiefbaubeton"
"2909","IfcMember","Betonfertigteil normalfest"
"2910","IfcMember","Betonfertigteil normalfest"
"2911","IfcMember","Tiefbaubeton"
"2912","IfcMember","Tiefbaubeton"
"2912","IfcMember","Betonfertigteil normalfest"
"2913","IfcMember","Betonfertigteil normalfest"
"2914","IfcMember","Tiefbaubeton"
"2915","IfcMember","Tiefbaubeton"
"2915","IfcMember","Betonfertigteil hochfest"
"2916","IfcMember","Betonfertigteil hochfest"
"2917","IfcMember","Tiefbaubeton"
"2918","IfcMember","Tiefbaubeton"
"2918","IfcMember","Betonfertigteil hochfest"
"2919","IfcMember","Betonfertigteil hochfest"
"2920","IfcMember","Tiefbaubeton"
"2921","IfcMember","Tiefbaubeton"
"2922","IfcMember","Tiefbaubeton"
"2923","IfcMember","Tiefbaubeton"
"2924","IfcMember","Betonfertigteil normalfest"
"2925","IfcMember","Tiefbaubeton"
"2926","IfcMember","Tiefbaubeton"
"2927","IfcMember","Tiefbaubeton"
"2928","IfcMember","Betonfertigteil normalfest"
"2929","IfcMember","Tiefbaubeton"
"2930","IfcMember","Betonfertigteil hochfest"
"2931","IfcMember","Tiefbaubeton"
"2932","IfcMember","Tiefbaubeton"
"2933","IfcMember","Betonfertigteil normalfest"
"2934","IfcMember","Betonfertigteil hochfest"
"2935","IfcMember","Stahlblech blank"
"2935","IfcMember","Stahlprofil blank"
"2936","IfcMember","Stahlblech blank"
"2936","IfcMember","Stahlprofil blank"
"2937","IfcMember","Stahlblech blank"
"2937","IfcMember","Stahlprofil blank"
"2938","IfcMember","Massivholz Buche Eiche kammergetrocknet gehobelt"
"2938","IfcMember","Massivholz Buche Eiche kammergetrocknet rau"
"2938","IfcMember","Massivholz Buche Eiche luftgetrocknet rau"
"2939","IfcMember","Massivholz Buche Eiche kammergetrocknet gehobelt"
"2939","IfcMember","Massivholz Buche Eiche kammergetrocknet rau"
"2939","IfcMember","Massivholz Buche Eiche luftgetrocknet rau"
"2940","IfcMember","Konstruktionsvollholz"
"2940","IfcMember","Massivholz Fichte Tanne Lärche kammergetrocknet gehobelt"
"2940","IfcMember","Massivholz Fichte Tanne Lärche luftgetrocknet gehobelt"
"2940","IfcMember","Massivholz Fichte Tanne Lärche luftgetrocknet rau"
"2941","IfcMember","Konstruktionsvollholz"
"2941","IfcMember","Massivholz Buche Eiche kammergetrocknet gehobelt"
"2941","IfcMember","Massivholz Buche Eiche kammergetrocknet rau"
"2941","IfcMember","Massivholz Buche Eiche luftgetrocknet rau"
"2941","IfcMember","Massivholz Fichte Tanne Lärche kammergetrocknet gehobelt"
"2941","IfcMember","Massivholz Fichte Tanne Lärche luftgetrocknet gehobelt"
"2941","IfcMember","Massivholz Fichte Tanne Lärche luftgetrocknet rau"
"2942","IfcMember","Konstruktionsvollholz"
"2942","IfcMember","Massivholz Fichte Tanne Lärche kammergetrocknet gehobelt"
"2942","IfcMember","Massivholz Fichte Tanne Lärche luftgetrocknet gehobelt"
"2942","IfcMember","Massivholz Fichte Tanne Lärche luftgetrocknet rau"
"2943","IfcMember","Stahlblech blank"
"2943","IfcMember","Stahlprofil blank"
"2944","IfcMember","Stahlblech blank"
"2944","IfcMember","Stahlprofil blank"
"2945","IfcMember","Stahlblech blank"
"2945","IfcMember","Stahlprofil blank"
"2946","IfcMember","Stahlblech blank"
"2946","IfcMember","Stahlprofil blank"
"2947","IfcMember","Stahlblech blank"
"2947","IfcMember","Stahlprofil blank"
"2948","IfcMember","Stahlblech blank"
"2948","IfcMember","Stahlprofil blank"
"2949","IfcMember","Stahlblech blank"
"2949","IfcMember","Stahlprofil blank"
"2950","IfcMember","Stahlblech blank"
"2950","IfcMember","Stahlprofil blank"
"2951","IfcMember","Konstruktionsvollholz"
"2951","IfcMember","Massivholz Fichte Tanne Lärche kammergetrocknet gehobelt"
"2951","IfcMember","Massivholz Fichte Tanne Lärche luftgetrocknet gehobelt"
"2951","IfcMember","Massivholz Fichte Tanne Lärche luftgetrocknet rau"
"2952","IfcMember","Stahlblech blank"
"2952","IfcMember","Stahlprofil blank"
"2953","IfcMember","Stahlblech blank"
"2953","IfcMember","Stahlprofil blank"
"2954","IfcMember","Stahlblech blank"
"2954","IfcMember","Stahlprofil blank"
"2955","IfcMember","Massivholz Buche Eiche kammergetrocknet gehobelt"
"2955","IfcMember","Massivholz Buche Eiche kammergetrocknet rau"
"2955","IfcMember","Massivholz Buche Eiche luftgetrocknet rau"
"2956","IfcMember","Massivholz Buche Eiche kammergetrocknet gehobelt"
"2956","IfcMember","Massivholz Buche Eiche kammergetrocknet rau"
"2956","IfcMember","Massivholz Buche Eiche luftgetrocknet rau"
"2957","IfcMember","Konstruktionsvollholz"
"2957","IfcMember","Massivholz Fichte Tanne Lärche kammergetrocknet gehobelt"
"2957","IfcMember","Massivholz Fichte Tanne Lärche luftgetrocknet gehobelt"
"2957","IfcMember","Massivholz Fichte Tanne Lärche luftgetrocknet rau"
"2958","IfcMember","Konstruktionsvollholz"
"2958","IfcMember","Massivholz Buche Eiche kammergetrocknet gehobelt"
"2958","IfcMember","Massivholz Buche Eiche kammergetrocknet rau"
"2958","IfcMember","Massivholz Buche Eiche luftgetrocknet rau"
"2958","IfcMember","Massivholz Fichte Tanne Lärche kammergetrocknet gehobelt"
"2958","IfcMember","Massivholz Fichte Tanne Lärche luftgetrocknet gehobelt"
"2958","IfcMember","Massivholz Fichte Tanne Lärche luftgetrocknet rau"
"2959","IfcMember","Konstruktionsvollholz"
"2959","IfcMember","Massivholz Fichte Tanne Lärche kammergetrocknet gehobelt"
"2959","IfcMember","Massivholz Fichte Tanne Lärche luftgetrocknet gehobelt"
"2959","IfcMember","Massivholz Fichte Tanne Lärche luftgetrocknet rau"
"2960","IfcMember","Stahlblech blank"
"2960","IfcMember","Stahlprofil blank"
"2961","IfcMember","Stahlblech blank"
"2961","IfcMember","Stahlprofil blank"
"2962","IfcMember","Stahlblech blank"
"2962","IfcMember","Stahlprofil blank"
"2963","IfcMember","Stahlblech blank"
"2963","IfcMember","Stahlprofil blank"
"2964","IfcMember","Stahlblech blank"
"2964","IfcMember","Stahlprofil blank"
"2965","IfcMember","Stahlblech blank"
"2965","IfcMember","Stahlprofil blank"
"2966","IfcMember","Stahlblech blank"
"2966","IfcMember","Stahlprofil blank"
"2967","IfcMember","Stahlblech blank"
"2967","IfcMember","Stahlprofil blank"
"2968","IfcMember","Konstruktionsvollholz"
"2968","IfcMember","Massivholz Fichte Tanne Lärche kammergetrocknet gehobelt"
"2968","IfcMember","Massivholz Fichte Tanne Lärche luftgetrocknet gehobelt"
"2968","IfcMember","Massivholz Fichte Tanne Lärche luftgetrocknet rau"
"2969","IfcMember","Stahlblech blank"
"2969","IfcMember","Stahlprofil blank"
"2970","IfcMember","Stahlblech blank"
"2970","IfcMember","Stahlprofil blank"
"2971","IfcMember","Stahlblech blank"
"2971","IfcMember","Stahlprofil blank"
"2972","IfcMember","Tiefbaubeton"
"2972","IfcMember","Betonfertigteil normalfest"
"2972","IfcMember","Betonfertigteil hochfest"
"2973","IfcMember","Betonfertigteil normalfest"
"2973","IfcMember","Betonfertigteil hochfest"
"2974","IfcMember","Tiefbaubeton"
"2975","IfcMember","Tiefbaubeton"
"2976","IfcMember","Betonfertigteil normalfest"
"2976","IfcMember","Betonfertigteil hochfest"
"2977","IfcMember","Tiefbaubeton"
"2977","IfcMember","Betonfertigteil normalfest"
"2978","IfcMember","Betonfertigteil normalfest"
"2979","IfcMember","Tiefbaubeton"
"2980","IfcMember","Tiefbaubeton"
"2980","IfcMember","Betonfertigteil normalfest"
"2981","IfcMember","Betonfertigteil normalfest"
"2982","IfcMember","Tiefbaubeton"
"2983","IfcMember","Tiefbaubeton"
"2983","IfcMember","Betonfertigteil normalfest"
"2984","IfcMember","Tiefbaubeton"
"2985","IfcMember","Betonfertigteil normalfest"
"2986","IfcMember","Tiefbaubeton"
"2986","IfcMember","Betonfertigteil hochfest"
"2987","IfcMember","Betonfertigteil hochfest"
"2988","IfcMember","Tiefbaubeton"
"2989","IfcMember","Tiefbaubeton"
"2989","IfcMember","Betonfertigteil hochfest"
"2990","IfcMember","Tiefbaubeton"
"2991","IfcMember","Betonfertigteil hochfest"
"2992","IfcMember","Tiefbaubeton"
"2993","IfcMember","Tiefbaubeton"
"2994","IfcMember","Tiefbaubeton"
"2995","IfcMember","Betonfertigteil hochfest"
"2996","IfcMember","Tiefbaubeton"
"2997","IfcMember","Tiefbaubeton"
"2998","IfcMember","Betonfertigteil normalfest"
"2999","IfcMember","Tiefbaubeton"
"3000","IfcMember","Betonfertigteil normalfest"
"3001","IfcMember","Tiefbaubeton"
"3002","IfcMember","Betonfertigteil normalfest"
"3003","IfcMember","Tiefbaubeton"
"3004","IfcMember","Tiefbaubeton"
"3005","IfcMember","Betonfertigteil hochfest"
"3006","IfcMember","Massivholz Buche Eiche kammergetrocknet gehobelt"
"3006","IfcMember","Massivholz Buche Eiche kammergetrocknet rau"
"3006","IfcMember","Massivholz Buche Eiche luftgetrocknet rau"
"3007","IfcMember","Massivholz Buche Eiche kammergetrocknet gehobelt"
"3007","IfcMember","Massivholz Buche Eiche kammergetrocknet rau"
"3007","IfcMember","Massivholz Buche Eiche luftgetrocknet rau"
"3008","IfcMember","Konstruktionsvollholz"
"3008","IfcMember","Massivholz Fichte Tanne Lärche kammergetrocknet gehobelt"
"3008","IfcMember","Massivholz Fichte Tanne Lärche luftgetrocknet gehobelt"
"3008","IfcMember","Massivholz Fichte Tanne Lärche luftgetrocknet rau"
"3009","IfcMember","Konstruktionsvollholz"
"3009","IfcMember","Massivholz Buche Eiche kammergetrocknet gehobelt"
"3009","IfcMember","Massivholz Buche Eiche kammergetrocknet rau"
"3009","IfcMember","Massivholz Buche Eiche luftgetrocknet rau"
"3009","IfcMember","Massivholz Fichte Tanne Lärche kammergetrocknet gehobelt"
"3009","IfcMember","Massivholz Fichte Tanne Lärche luftgetrocknet gehobelt"
"3009","IfcMember","Massivholz Fichte Tanne Lärche luftgetrocknet rau"
"3010","IfcMember","Konstruktionsvollholz"
"3010","IfcMember","Massivholz Fichte Tanne Lärche kammergetrocknet gehobelt"
"3010","IfcMember","Massivholz Fichte Tanne Lärche luftgetrocknet gehobelt"
"3010","IfcMember","Massivholz Fichte Tanne Lärche luftgetrocknet rau"
"3011","IfcMember","Stahlblech blank"
"3011","IfcMember","Stahlprofil blank"
"3012","IfcMember","Stahlblech blank"
"3012","IfcMember","Stahlprofil blank"
"3013","IfcMember","Stahlblech blank"
"3013","IfcMember","Stahlprofil blank"
"3014","IfcMember","Stahlblech blank"
"3014","IfcMember","Stahlprofil blank"
"3015","IfcMember","Stahlblech blank"
"3015","IfcMember","Stahlprofil blank"
"3016","IfcMember","Stahlblech blank"
"3016","IfcMember","Stahlprofil blank"
"3017","IfcMember","Stahlblech blank"
"3017","IfcMember","Stahlprofil blank"
"3018","IfcMember","Stahlblech blank"
"3018","IfcMember","Stahlprofil blank"
"3019","IfcMember","Tiefbaubeton"
"3019","IfcMember","Betonfertigteil normalfest"
"3019","IfcMember","Betonfertigteil hochfest"
"3020","IfcMember","Betonfertigteil normalfest"
"3020","IfcMember","Betonfertigteil hochfest"
"3021","IfcMember","Tiefbaubeton"
"3022","IfcMember","Tiefbaubeton"
"3023","IfcMember","Betonfertigteil normalfest"
"3023","IfcMember","Betonfertigteil hochfest"
"3024","IfcMember","Tiefbaubeton"
"3024","IfcMember","Betonfertigteil normalfest"
"3025","IfcMember","Betonfertigteil normalfest"
"3026","IfcMember","Tiefbaubeton"
"3027","IfcMember","Tiefbaubeton"
"3027","IfcMember","Betonfertigteil normalfest"
"3028","IfcMember","Betonfertigteil normalfest"
"3029","IfcMember","Tiefbaubeton"
"3030","IfcMember","Tiefbaubeton"
"3030","IfcMember","Betonfertigteil normalfest"
"3031","IfcMember","Tiefbaubeton"
"3032","IfcMember","Betonfertigteil normalfest"
"3033","IfcMember","Tiefbaubeton"
"3033","IfcMember","Betonfertigteil hochfest"
"3034","IfcMember","Betonfertigteil hochfest"
"3035","IfcMember","Tiefbaubeton"
"3036","IfcMember","Tiefbaubeton"
"3036","IfcMember","Betonfertigteil hochfest"
"3037","IfcMember","Tiefbaubeton"
"3038","IfcMember","Betonfertigteil hochfest"
"3039","IfcMember","Tiefbaubeton"
"3040","IfcMember","Betonfertigteil normalfest"
"3041","IfcMember","Tiefbaubeton"
"3042","IfcMember","Tiefbaubeton"
"3043","IfcMember","Tiefbaubeton"
"3044","IfcMember","Tiefbaubeton"
"3045","IfcMember","Betonfertigteil hochfest"
"3046","IfcMember","Tiefbaubeton"
"3047","IfcMember","Tiefbaubeton"
"3048","IfcMember","Betonfertigteil normalfest"
"3049","IfcMember","Betonfertigteil hochfest"
"3050","IfcMember","Tiefbaubeton"
"3051","IfcMember","Betonfertigteil normalfest"
"3052","IfcMember","Konstruktionsvollholz"
"3052","IfcMember","Massivholz Fichte Tanne Lärche kammergetrocknet gehobelt"
"3052","IfcMember","Massivholz Fichte Tanne Lärche luftgetrocknet gehobelt"
"3052","IfcMember","Massivholz Fichte Tanne Lärche luftgetrocknet rau"
"3053","IfcMember","Stahlblech blank"
"3053","IfcMember","Stahlprofil blank"
"3054","IfcMember","Stahlblech blank"
"3054","IfcMember","Stahlprofil blank"
"3055","IfcMember","Stahlblech blank"
"3055","IfcMember","Stahlprofil blank"
"3056","IfcMember","Massivholz Buche Eiche kammergetrocknet gehobelt"
"3056","IfcMember","Massivholz Buche Eiche kammergetrocknet rau"
"3056","IfcMember","Massivholz Buche Eiche luftgetrocknet rau"
"3057","IfcMember","Massivholz Buche Eiche kammergetrocknet gehobelt"
"3057","IfcMember","Massivholz Buche Eiche kammergetrocknet rau"
"3057","IfcMember","Massivholz Buche Eiche luftgetrocknet rau"
"3058","IfcMember","Konstruktionsvollholz"
"3058","IfcMember","Massivholz Fichte Tanne Lärche kammergetrocknet gehobelt"
"3058","IfcMember","Massivholz Fichte Tanne Lärche luftgetrocknet gehobelt"
"3058","IfcMember","Massivholz Fichte Tanne Lärche luftgetrocknet rau"
"3059","IfcMember","Konstruktionsvollholz"
"3059","IfcMember","Massivholz Buche Eiche kammergetrocknet gehobelt"
"3059","IfcMember","Massivholz Buche Eiche kammergetrocknet rau"
"3059","IfcMember","Massivholz Buche Eiche luftgetrocknet rau"
"3059","IfcMember","Massivholz Fichte Tanne Lärche kammergetrocknet gehobelt"
"3059","IfcMember","Massivholz Fichte Tanne Lärche luftgetrocknet gehobelt"
"3059","IfcMember","Massivholz Fichte Tanne Lärche luftgetrocknet rau"
"3060","IfcMember","Konstruktionsvollholz"
"3060","IfcMember","Massivholz Fichte Tanne Lärche kammergetrocknet gehobelt"
"3060","IfcMember","Massivholz Fichte Tanne Lärche luftgetrocknet gehobelt"
"3060","IfcMember","Massivholz Fichte Tanne Lärche luftgetrocknet rau"
"3061","IfcMember","Stahlblech blank"
"3061","IfcMember","Stahlprofil blank"
"3062","IfcMember","Stahlblech blank"
"3062","IfcMember","Stahlprofil blank"
"3063","IfcMember","Stahlblech blank"
"3063","IfcMember","Stahlprofil blank"
"3064","IfcMember","Stahlblech blank"
"3064","IfcMember","Stahlprofil blank"
"3065","IfcMember","Stahlblech blank"
"3065","IfcMember","Stahlprofil blank"
"3066","IfcMember","Stahlblech blank"
"3066","IfcMember","Stahlprofil blank"
"3067","IfcMember","Stahlblech blank"
"3067","IfcMember","Stahlprofil blank"
"3068","IfcMember","Stahlblech blank"
"3068","IfcMember","Stahlprofil blank"
"3069","IfcMember","Konstruktionsvollholz"
"3069","IfcMember","Massivholz Fichte Tanne Lärche kammergetrocknet gehobelt"
"3069","IfcMember","Massivholz Fichte Tanne Lärche luftgetrocknet gehobelt"
"3069","IfcMember","Massivholz Fichte Tanne Lärche luftgetrocknet rau"
"3070","IfcMember","Stahlblech blank"
"3070","IfcMember","Stahlprofil blank"
"3071","IfcMember","Stahlblech blank"
"3071","IfcMember","Stahlprofil blank"
"3072","IfcMember","Stahlblech blank"
"3072","IfcMember","Stahlprofil blank"
"3073","IfcMember","Massivholz Buche Eiche kammergetrocknet gehobelt"
"3073","IfcMember","Massivholz Buche Eiche kammergetrocknet rau"
"3073","IfcMember","Massivholz Buche Eiche luftgetrocknet rau"
"3074","IfcMember","Massivholz Buche Eiche kammergetrocknet gehobelt"
"3074","IfcMember","Massivholz Buche Eiche kammergetrocknet rau"
"3074","IfcMember","Massivholz Buche Eiche luftgetrocknet rau"
"3075","IfcMember","Konstruktionsvollholz"
"3075","IfcMember","Massivholz Fichte Tanne Lärche kammergetrocknet gehobelt"
"3075","IfcMember","Massivholz Fichte Tanne Lärche luftgetrocknet gehobelt"
"3075","IfcMember","Massivholz Fichte Tanne Lärche luftgetrocknet rau"
"3076","IfcMember","Konstruktionsvollholz"
"3076","IfcMember","Massivholz Buche Eiche kammergetrocknet gehobelt"
"3076","IfcMember","Massivholz Buche Eiche kammergetrocknet rau"
"3076","IfcMember","Massivholz Buche Eiche luftgetrocknet rau"
"3076","IfcMember","Massivholz Fichte Tanne Lärche kammergetrocknet gehobelt"
"3076","IfcMember","Massivholz Fichte Tanne Lärche luftgetrocknet gehobelt"
"3076","IfcMember","Massivholz Fichte Tanne Lärche luftgetrocknet rau"
"3077","IfcMember","Konstruktionsvollholz"
"3077","IfcMember","Massivholz Fichte Tanne Lärche kammergetrocknet gehobelt"
"3077","IfcMember","Massivholz Fichte Tanne Lärche luftgetrocknet gehobelt"
"3077","IfcMember","Massivholz Fichte Tanne Lärche luftgetrocknet rau"
"3078","IfcMember","Stahlblech blank"
"3078","IfcMember","Stahlprofil blank"
"3079","IfcMember","Stahlblech blank"
"3079","IfcMember","Stahlprofil blank"
"3080","IfcMember","Stahlblech blank"
"3080","IfcMember","Stahlprofil blank"
"3081","IfcMember","Stahlblech blank"
"3081","IfcMember","Stahlprofil blank"
"3082","IfcMember","Stahlblech blank"
"3082","IfcMember","Stahlprofil blank"
"3083","IfcMember","Stahlblech blank"
"3083","IfcMember","Stahlprofil blank"
"3084","IfcMember","Stahlblech blank"
"3084","IfcMember","Stahlprofil blank"
"3085","IfcMember","Stahlblech blank"
"3085","IfcMember","Stahlprofil blank"
"3086","IfcMember","Konstruktionsvollholz"
"3086","IfcMember","Massivholz Fichte Tanne Lärche kammergetrocknet gehobelt"
"3086","IfcMember","Massivholz Fichte Tanne Lärche luftgetrocknet gehobelt"
"3086","IfcMember","Massivholz Fichte Tanne Lärche luftgetrocknet rau"
"3087","IfcMember","Stahlblech blank"
"3087","IfcMember","Stahlprofil blank"
"3088","IfcMember","Stahlblech blank"
"3088","IfcMember","Stahlprofil blank"
"3089","IfcMember","Stahlblech blank"
"3089","IfcMember","Stahlprofil blank"
"3090","IfcMember","Massivholz Buche Eiche kammergetrocknet gehobelt"
"3090","IfcMember","Massivholz Buche Eiche kammergetrocknet rau"
"3090","IfcMember","Massivholz Buche Eiche luftgetrocknet rau"
"3091","IfcMember","Massivholz Buche Eiche kammergetrocknet gehobelt"
"3091","IfcMember","Massivholz Buche Eiche kammergetrocknet rau"
"3091","IfcMember","Massivholz Buche Eiche luftgetrocknet rau"
"3092","IfcMember","Konstruktionsvollholz"
"3092","IfcMember","Massivholz Fichte Tanne Lärche kammergetrocknet gehobelt"
"3092","IfcMember","Massivholz Fichte Tanne Lärche luftgetrocknet gehobelt"
"3092","IfcMember","Massivholz Fichte Tanne Lärche luftgetrocknet rau"
"3093","IfcMember","Konstruktionsvollholz"
"3093","IfcMember","Massivholz Buche Eiche kammergetrocknet gehobelt"
"3093","IfcMember","Massivholz Buche Eiche kammergetrocknet rau"
"3093","IfcMember","Massivholz Buche Eiche luftgetrocknet rau"
"3093","IfcMember","Massivholz Fichte Tanne Lärche kammergetrocknet gehobelt"
"3093","IfcMember","Massivholz Fichte Tanne Lärche luftgetrocknet gehobelt"
"3093","IfcMember","Massivholz Fichte Tanne Lärche luftgetrocknet rau"
"3094","IfcMember","Konstruktionsvollholz"
"3094","IfcMember","Massivholz Fichte Tanne Lärche kammergetrocknet gehobelt"
"3094","IfcMember","Massivholz Fichte Tanne Lärche luftgetrocknet gehobelt"
"3094","IfcMember","Massivholz Fichte Tanne Lärche luftgetrocknet rau"
"3095","IfcMember","Stahlblech blank"
"3095","IfcMember","Stahlprofil blank"
"3096","IfcMember","Stahlblech blank"
"3096","IfcMember","Stahlprofil blank"
"3097","IfcMember","Stahlblech blank"
"3097","IfcMember","Stahlprofil blank"
"3098","IfcMember","Stahlblech blank"
"3098","IfcMember","Stahlprofil blank"
"3099","IfcMember","Stahlblech blank"
"3099","IfcMember","Stahlprofil blank"
"3100","IfcMember","Stahlblech blank"
"3100","IfcMember","Stahlprofil blank"
"3101","IfcMember","Stahlblech blank"
"3101","IfcMember","Stahlprofil blank"
"3102","IfcMember","Stahlblech blank"
"3102","IfcMember","Stahlprofil blank"
"3103","IfcMember","Konstruktionsvollholz"
"3103","IfcMember","Massivholz Fichte Tanne Lärche kammergetrocknet gehobelt"
"3103","IfcMember","Massivholz Fichte Tanne Lärche luftgetrocknet gehobelt"
"3103","IfcMember","Massivholz Fichte Tanne Lärche luftgetrocknet rau"
"3104","IfcMember","Stahlblech blank"
"3104","IfcMember","Stahlprofil blank"
"3105","IfcMember","Stahlblech blank"
"3105","IfcMember","Stahlprofil blank"
"3106","IfcMember","Stahlblech blank"
"3106","IfcMember","Stahlprofil blank"
"3107","IfcMember","Massivholz Buche Eiche kammergetrocknet gehobelt"
"3107","IfcMember","Massivholz Buche Eiche kammergetrocknet rau"
"3107","IfcMember","Massivholz Buche Eiche luftgetrocknet rau"
"3108","IfcMember","Massivholz Buche Eiche kammergetrocknet gehobelt"
"3108","IfcMember","Massivholz Buche Eiche kammergetrocknet rau"
"3108","IfcMember","Massivholz Buche Eiche luftgetrocknet rau"
"3109","IfcMember","Konstruktionsvollholz"
"3109","IfcMember","Massivholz Fichte Tanne Lärche kammergetrocknet gehobelt"
"3109","IfcMember","Massivholz Fichte Tanne Lärche luftgetrocknet gehobelt"
"3109","IfcMember","Massivholz Fichte Tanne Lärche luftgetrocknet rau"
"3110","IfcMember","Konstruktionsvollholz"
"3110","IfcMember","Massivholz Buche Eiche kammergetrocknet gehobelt"
"3110","IfcMember","Massivholz Buche Eiche kammergetrocknet rau"
"3110","IfcMember","Massivholz Buche Eiche luftgetrocknet rau"
"3110","IfcMember","Massivholz Fichte Tanne Lärche kammergetrocknet gehobelt"
"3110","IfcMember","Massivholz Fichte Tanne Lärche luftgetrocknet gehobelt"
"3110","IfcMember","Massivholz Fichte Tanne Lärche luftgetrocknet rau"
"3111","IfcMember","Konstruktionsvollholz"
"3111","IfcMember","Massivholz Fichte Tanne Lärche kammergetrocknet gehobelt"
"3111","IfcMember","Massivholz Fichte Tanne Lärche luftgetrocknet gehobelt"
"3111","IfcMember","Massivholz Fichte Tanne Lärche luftgetrocknet rau"
"3112","IfcMember","Stahlblech blank"
"3112","IfcMember","Stahlprofil blank"
"3113","IfcMember","Stahlblech blank"
"3113","IfcMember","Stahlprofil blank"
"3114","IfcMember","Stahlblech blank"
"3114","IfcMember","Stahlprofil blank"
"3115","IfcMember","Stahlblech blank"
"3115","IfcMember","Stahlprofil blank"
"3116","IfcMember","Stahlblech blank"
"3116","IfcMember","Stahlprofil blank"
"3117","IfcMember","Stahlblech blank"
"3117","IfcMember","Stahlprofil blank"
"3118","IfcMember","Stahlblech blank"
"3118","IfcMember","Stahlprofil blank"
"3119","IfcMember","Stahlblech blank"
"3119","IfcMember","Stahlprofil blank"
"3120","IfcMember","Konstruktionsvollholz"
"3120","IfcMember","Massivholz Fichte Tanne Lärche kammergetrocknet gehobelt"
"3120","IfcMember","Massivholz Fichte Tanne Lärche luftgetrocknet gehobelt"
"3120","IfcMember","Massivholz Fichte Tanne Lärche luftgetrocknet rau"
"3121","IfcMember","Armierungsstahl"
"3122","IfcMember","Armierungsstahl"
"3123","IfcMember","Armierungsstahl"
"3124","IfcMember","Armierungsstahl"
"3125","IfcMember","Armierungsstahl"
"3126","IfcMember","Armierungsstahl"
"3127","IfcMember","Armierungsstahl"
"3128","IfcMember","Armierungsstahl"
"3129","IfcMember","Armierungsstahl"
"3130","IfcMember","Armierungsstahl"
"3131","IfcMember","Armierungsstahl"
"3132","IfcMember","Armierungsstahl"
"3133","IfcMember","Stahlblech blank"
"3133","IfcMember","Stahlprofil blank"
"3134","IfcMember","Stahlblech blank"
"3134","IfcMember","Stahlprofil blank"
"3135","IfcMember","Stahlblech blank"
"3135","IfcMember","Stahlprofil blank"
"3136","IfcMember","Tiefbaubeton"
"3136","IfcMember","Betonfertigteil normalfest"
"3136","IfcMember","Betonfertigteil hochfest"
"3137","IfcMember","Betonfertigteil normalfest"
"3137","IfcMember","Betonfertigteil hochfest"
"3138","IfcMember","Tiefbaubeton"
"3139","IfcMember","Tiefbaubeton"
"3140","IfcMember","Betonfertigteil normalfest"
"3140","IfcMember","Betonfertigteil hochfest"
"3141","IfcMember","Tiefbaubeton"
"3141","IfcMember","Betonfertigteil normalfest"
"3142","IfcMember","Betonfertigteil normalfest"
"3143","IfcMember","Tiefbaubeton"
"3144","IfcMember","Tiefbaubeton"
"3144","IfcMember","Betonfertigteil normalfest"
"3145","IfcMember","Tiefbaubeton"
"3146","IfcMember","Betonfertigteil normalfest"
"3147","IfcMember","Tiefbaubeton"
"3147","IfcMember","Betonfertigteil normalfest"
"3148","IfcMember","Tiefbaubeton"
"3149","IfcMember","Betonfertigteil normalfest"
"3150","IfcMember","Tiefbaubeton"
"3150","IfcMember","Betonfertigteil hochfest"
"3151","IfcMember","Betonfertigteil hochfest"
"3152","IfcMember","Tiefbaubeton"
"3153","IfcMember","Tiefbaubeton"
"3153","IfcMember","Betonfertigteil hochfest"
"3154","IfcMember","Betonfertigteil hochfest"
"3155","IfcMember","Tiefbaubeton"
"3156","IfcMember","Tiefbaubeton"
"3157","IfcMember","Betonfertigteil normalfest"
"3158","IfcMember","Tiefbaubeton"
"3159","IfcMember","Betonfertigteil normalfest"
"3160","IfcMember","Betonfertigteil hochfest"
"3161","IfcMember","Tiefbaubeton"
"3162","IfcMember","Tiefbaubeton"
"3163","IfcMember","Tiefbaubeton"
"3164","IfcMember","Tiefbaubeton"
"3165","IfcMember","Tiefbaubeton"
"3166","IfcMember","Betonfertigteil normalfest"
"3167","IfcMember","Betonfertigteil hochfest"
"3168","IfcMember","Tiefbaubeton"
"3169","IfcMember","Tiefbaubeton"
"3170","IfcMember","Stahlblech blank"
"3170","IfcMember","Stahlprofil blank"
"3171","IfcMember","Stahlblech blank"
"3171","IfcMember","Stahlprofil blank"
"3172","IfcMember","Stahlblech blank"
"3172","IfcMember","Stahlprofil blank"
"3173","IfcMember","Stahlblech blank"
"3173","IfcMember","Stahlprofil blank"
"3174","IfcMember","Stahlblech blank"
"3174","IfcMember","Stahlprofil blank"
"3175","IfcMember","Stahlblech blank"
"3175","IfcMember","Stahlprofil blank"
"3176","IfcMember","Stahlblech blank"
"3176","IfcMember","Stahlprofil blank"
"3177","IfcMember","Stahlblech blank"
"3177","IfcMember","Stahlprofil blank"
"3178","IfcMember","Tiefbaubeton"
"3178","IfcMember","Betonfertigteil normalfest"
"3178","IfcMember","Betonfertigteil hochfest"
"3179","IfcMember","Betonfertigteil normalfest"
"3179","IfcMember","Betonfertigteil hochfest"
"3180","IfcMember","Tiefbaubeton"
"3181","IfcMember","Tiefbaubeton"
"3182","IfcMember","Betonfertigteil normalfest"
"3182","IfcMember","Betonfertigteil hochfest"
"3183","IfcMember","Tiefbaubeton"
"3183","IfcMember","Betonfertigteil normalfest"
"3184","IfcMember","Tiefbaubeton"
"3185","IfcMember","Betonfertigteil normalfest"
"3186","IfcMember","Tiefbaubeton"
"3186","IfcMember","Betonfertigteil normalfest"
"3187","IfcMember","Tiefbaubeton"
"3188","IfcMember","Betonfertigteil normalfest"
"3189","IfcMember","Tiefbaubeton"
"3189","IfcMember","Betonfertigteil normalfest"
"3190","IfcMember","Tiefbaubeton"
"3191","IfcMember","Betonfertigteil normalfest"
"3192","IfcMember","Tiefbaubeton"
"3192","IfcMember","Betonfertigteil hochfest"
"3193","IfcMember","Betonfertigteil hochfest"
"3194","IfcMember","Tiefbaubeton"
"3195","IfcMember","Tiefbaubeton"
"3195","IfcMember","Betonfertigteil hochfest"
"3196","IfcMember","Tiefbaubeton"
"3197","IfcMember","Betonfertigteil hochfest"
"3198","IfcMember","Tiefbaubeton"
"3199","IfcMember","Betonfertigteil hochfest"
"3200","IfcMember","Tiefbaubeton"
"3201","IfcMember","Tiefbaubeton"
"3202","IfcMember","Betonfertigteil normalfest"
"3203","IfcMember","Tiefbaubeton"
"3204","IfcMember","Tiefbaubeton"
"3205","IfcMember","Tiefbaubeton"
"3206","IfcMember","Betonfertigteil normalfest"
"3207","IfcMember","Tiefbaubeton"
"3208","IfcMember","Betonfertigteil normalfest"
"3209","IfcMember","Tiefbaubeton"
"3210","IfcMember","Betonfertigteil hochfest"
"3211","IfcMember","Stahlblech blank"
"3211","IfcMember","Stahlprofil blank"
"3212","IfcMember","Stahlblech blank"
"3212","IfcMember","Stahlprofil blank"
"3213","IfcMember","Stahlblech blank"
"3213","IfcMember","Stahlprofil blank"
"3214","IfcMember","Tiefbaubeton"
"3214","IfcMember","Betonfertigteil normalfest"
"3214","IfcMember","Betonfertigteil hochfest"
"3215","IfcMember","Betonfertigteil normalfest"
"3215","IfcMember","Betonfertigteil hochfest"
"3216","IfcMember","Tiefbaubeton"
"3217","IfcMember","Tiefbaubeton"
"3218","IfcMember","Betonfertigteil normalfest"
"3218","IfcMember","Betonfertigteil hochfest"
"3219","IfcMember","Tiefbaubeton"
"3219","IfcMember","Betonfertigteil normalfest"
"3220","IfcMember","Betonfertigteil normalfest"
"3221","IfcMember","Tiefbaubeton"
"3222","IfcMember","Tiefbaubeton"
"3222","IfcMember","Betonfertigteil normalfest"
"3223","IfcMember","Tiefbaubeton"
"3224","IfcMember","Betonfertigteil normalfest"
"3225","IfcMember","Tiefbaubeton"
"3225","IfcMember","Betonfertigteil normalfest"
"3226","IfcMember","Tiefbaubeton"
"3227","IfcMember","Betonfertigteil normalfest"
"3228","IfcMember","Tiefbaubeton"
"3228","IfcMember","Betonfertigteil hochfest"
"3229","IfcMember","Betonfertigteil hochfest"
"3230","IfcMember","Tiefbaubeton"
"3231","IfcMember","Tiefbaubeton"
"3231","IfcMember","Betonfertigteil hochfest"
"3232","IfcMember","Betonfertigteil hochfest"
"3233","IfcMember","Tiefbaubeton"
"3234","IfcMember","Tiefbaubeton"
"3235","IfcMember","Betonfertigteil normalfest"
"3236","IfcMember","Betonfertigteil hochfest"
"3237","IfcMember","Tiefbaubeton"
"3238","IfcMember","Tiefbaubeton"
"3239","IfcMember","Tiefbaubeton"
"3240","IfcMember","Betonfertigteil normalfest"
"3241","IfcMember","Tiefbaubeton"
"3242","IfcMember","Betonfertigteil normalfest"
"3243","IfcMember","Tiefbaubeton"
"3244","IfcMember","Tiefbaubeton"
"3245","IfcMember","Betonfertigteil hochfest"
"3246","IfcMember","Tiefbaubeton"
"3247","IfcMember","Tiefbaubeton"
"3248","IfcMember","Massivholz Buche Eiche kammergetrocknet gehobelt"
"3248","IfcMember","Massivholz Buche Eiche kammergetrocknet rau"
"3248","IfcMember","Massivholz Buche Eiche luftgetrocknet rau"
"3249","IfcMember","Massivholz Buche Eiche kammergetrocknet gehobelt"
"3249","IfcMember","Massivholz Buche Eiche kammergetrocknet rau"
"3249","IfcMember","Massivholz Buche Eiche luftgetrocknet rau"
"3250","IfcMember","Konstruktionsvollholz"
"3250","IfcMember","Massivholz Fichte Tanne Lärche kammergetrocknet gehobelt"
"3250","IfcMember","Massivholz Fichte Tanne Lärche luftgetrocknet gehobelt"
"3250","IfcMember","Massivholz Fichte Tanne Lärche luftgetrocknet rau"
"3251","IfcMember","Konstruktionsvollholz"
"3251","IfcMember","Massivholz Buche Eiche kammergetrocknet gehobelt"
"3251","IfcMember","Massivholz Buche Eiche kammergetrocknet rau"
"3251","IfcMember","Massivholz Buche Eiche luftgetrocknet rau"
"3251","IfcMember","Massivholz Fichte Tanne Lärche kammergetrocknet gehobelt"
"3251","IfcMember","Massivholz Fichte Tanne Lärche luftgetrocknet gehobelt"
"3251","IfcMember","Massivholz Fichte Tanne Lärche luftgetrocknet rau"
"3252","IfcMember","Konstruktionsvollholz"
"3252","IfcMember","Massivholz Fichte Tanne Lärche kammergetrocknet gehobelt"
"3252","IfcMember","Massivholz Fichte Tanne Lärche luftgetrocknet gehobelt"
"3252","IfcMember","Massivholz Fichte Tanne Lärche luftgetrocknet rau"
"3253","IfcMember","Stahlblech blank"
"3253","IfcMember","Stahlprofil blank"
"3254","IfcMember","Stahlblech blank"
"3254","IfcMember","Stahlprofil blank"
"3255","IfcMember","Stahlblech blank"
"3255","IfcMember","Stahlprofil blank"
"3256","IfcMember","Stahlblech blank"
"3256","IfcMember","Stahlprofil blank"
"3257","IfcMember","Stahlblech blank"
"3257","IfcMember","Stahlprofil blank"
"3258","IfcMember","Stahlblech blank"
"3258","IfcMember","Stahlprofil blank"
"3259","IfcMember","Stahlblech blank"
"3259","IfcMember","Stahlprofil blank"
"3260","IfcMember","Stahlblech blank"
"3260","IfcMember","Stahlprofil blank"
"3261","IfcMember","Tiefbaubeton"
"3261","IfcMember","Betonfertigteil normalfest"
"3261","IfcMember","Betonfertigteil hochfest"
"3262","IfcMember","Betonfertigteil normalfest"
"3262","IfcMember","Betonfertigteil hochfest"
"3263","IfcMember","Tiefbaubeton"
"3264","IfcMember","Tiefbaubeton"
"3265","IfcMember","Betonfertigteil normalfest"
"3265","IfcMember","Betonfertigteil hochfest"
"3266","IfcMember","Tiefbaubeton"
"3266","IfcMember","Betonfertigteil normalfest"
"3267","IfcMember","Tiefbaubeton"
"3268","IfcMember","Betonfertigteil normalfest"
"3269","IfcMember","Tiefbaubeton"
"3269","IfcMember","Betonfertigteil normalfest"
"3270","IfcMember","Tiefbaubeton"
"3271","IfcMember","Betonfertigteil normalfest"
"3272","IfcMember","Tiefbaubeton"
"3272","IfcMember","Betonfertigteil normalfest"
"3273","IfcMember","Tiefbaubeton"
"3274","IfcMember","Betonfertigteil normalfest"
"3275","IfcMember","Tiefbaubeton"
"3275","IfcMember","Betonfertigteil hochfest"
"3276","IfcMember","Tiefbaubeton"
"3277","IfcMember","Betonfertigteil hochfest"
"3278","IfcMember","Tiefbaubeton"
"3278","IfcMember","Betonfertigteil hochfest"
"3279","IfcMember","Betonfertigteil hochfest"
"3280","IfcMember","Tiefbaubeton"
"3281","IfcMember","Tiefbaubeton"
"3282","IfcMember","Betonfertigteil normalfest"
"3283","IfcMember","Betonfertigteil hochfest"
"3284","IfcMember","Tiefbaubeton"
"3285","IfcMember","Tiefbaubeton"
"3286","IfcMember","Tiefbaubeton"
"3287","IfcMember","Tiefbaubeton"
"3288","IfcMember","Betonfertigteil normalfest"
"3289","IfcMember","Tiefbaubeton"
"3290","IfcMember","Tiefbaubeton"
"3291","IfcMember","Betonfertigteil normalfest"
"3292","IfcMember","Tiefbaubeton"
"3293","IfcMember","Tiefbaubeton"
"3294","IfcMember","Betonfertigteil hochfest"
"3295","IfcMember","Konstruktionsvollholz"
"3295","IfcMember","Massivholz Fichte Tanne Lärche kammergetrocknet gehobelt"
"3295","IfcMember","Massivholz Fichte Tanne Lärche luftgetrocknet gehobelt"
"3295","IfcMember","Massivholz Fichte Tanne Lärche luftgetrocknet rau"
"3296","IfcMember","Stahlprofil blank"
"3296","IfcMember","Armierungsstahl"
"3297","IfcMember","Stahlprofil blank"
"3297","IfcMember","Armierungsstahl"
"3298","IfcMember","Stahlprofil blank"
"3298","IfcMember","Armierungsstahl"
"3299","IfcMember","Stahlprofil blank"
"3299","IfcMember","Armierungsstahl"
"3300","IfcMember","Stahlprofil blank"
"3300","IfcMember","Armierungsstahl"
"3301","IfcMember","Stahlprofil blank"
"3301","IfcMember","Armierungsstahl"
"3302","IfcMember","Stahlprofil blank"
"3302","IfcMember","Armierungsstahl"
"3303","IfcMember","Stahlprofil blank"
"3303","IfcMember","Armierungsstahl"
"3304","IfcMember","Stahlprofil blank"
"3304","IfcMember","Armierungsstahl"
"3305","IfcMember","Stahlprofil blank"
"3305","IfcMember","Armierungsstahl"
"3306","IfcMember","Stahlprofil blank"
"3306","IfcMember","Armierungsstahl"
"3307","IfcMember","Stahlprofil blank"
"3307","IfcMember","Armierungsstahl"
"3308","IfcMember","Stahlblech blank"
"3308","IfcMember","Stahlprofil blank"
"3309","IfcMember","Stahlblech blank"
"3309","IfcMember","Stahlprofil blank"
"3310","IfcMember","Stahlblech blank"
"3310","IfcMember","Stahlprofil blank"
"3311","IfcMember","Massivholz Buche Eiche kammergetrocknet gehobelt"
"3311","IfcMember","Massivholz Buche Eiche kammergetrocknet rau"
"3311","IfcMember","Massivholz Buche Eiche luftgetrocknet rau"
"3312","IfcMember","Massivholz Buche Eiche kammergetrocknet gehobelt"
"3312","IfcMember","Massivholz Buche Eiche kammergetrocknet rau"
"3312","IfcMember","Massivholz Buche Eiche luftgetrocknet rau"
"3313","IfcMember","Konstruktionsvollholz"
"3313","IfcMember","Massivholz Fichte Tanne Lärche kammergetrocknet gehobelt"
"3313","IfcMember","Massivholz Fichte Tanne Lärche luftgetrocknet gehobelt"
"3313","IfcMember","Massivholz Fichte Tanne Lärche luftgetrocknet rau"
"3314","IfcMember","Konstruktionsvollholz"
"3314","IfcMember","Massivholz Buche Eiche kammergetrocknet gehobelt"
"3314","IfcMember","Massivholz Buche Eiche kammergetrocknet rau"
"3314","IfcMember","Massivholz Buche Eiche luftgetrocknet rau"
"3314","IfcMember","Massivholz Fichte Tanne Lärche kammergetrocknet gehobelt"
"3314","IfcMember","Massivholz Fichte Tanne Lärche luftgetrocknet gehobelt"
"3314","IfcMember","Massivholz Fichte Tanne Lärche luftgetrocknet rau"
"3315","IfcMember","Konstruktionsvollholz"
"3315","IfcMember","Massivholz Fichte Tanne Lärche kammergetrocknet gehobelt"
"3315","IfcMember","Massivholz Fichte Tanne Lärche luftgetrocknet gehobelt"
"3315","IfcMember","Massivholz Fichte Tanne Lärche luftgetrocknet rau"
"3316","IfcMember","Stahlblech blank"
"3316","IfcMember","Stahlprofil blank"
"3317","IfcMember","Stahlblech blank"
"3317","IfcMember","Stahlprofil blank"
"3318","IfcMember","Stahlblech blank"
"3318","IfcMember","Stahlprofil blank"
"3319","IfcMember","Stahlblech blank"
"3319","IfcMember","Stahlprofil blank"
"3320","IfcMember","Stahlblech blank"
"3320","IfcMember","Stahlprofil blank"
"3321","IfcMember","Stahlblech blank"
"3321","IfcMember","Stahlprofil blank"
"3322","IfcMember","Stahlblech blank"
"3322","IfcMember","Stahlprofil blank"
"3323","IfcMember","Stahlblech blank"
"3323","IfcMember","Stahlprofil blank"
"3324","IfcMember","Konstruktionsvollholz"
"3324","IfcMember","Massivholz Fichte Tanne Lärche kammergetrocknet gehobelt"
"3324","IfcMember","Massivholz Fichte Tanne Lärche luftgetrocknet gehobelt"
"3324","IfcMember","Massivholz Fichte Tanne Lärche luftgetrocknet rau"
"3325","IfcMember","Stahlblech blank"
"3325","IfcMember","Stahlprofil blank"
"3326","IfcMember","Stahlblech blank"
"3326","IfcMember","Stahlprofil blank"
"3327","IfcMember","Stahlblech blank"
"3327","IfcMember","Stahlprofil blank"
"3328","IfcMember","Massivholz Buche Eiche kammergetrocknet gehobelt"
"3328","IfcMember","Massivholz Buche Eiche kammergetrocknet rau"
"3328","IfcMember","Massivholz Buche Eiche luftgetrocknet rau"
"3329","IfcMember","Massivholz Buche Eiche kammergetrocknet gehobelt"
"3329","IfcMember","Massivholz Buche Eiche kammergetrocknet rau"
"3329","IfcMember","Massivholz Buche Eiche luftgetrocknet rau"
"3330","IfcMember","Konstruktionsvollholz"
"3330","IfcMember","Massivholz Fichte Tanne Lärche kammergetrocknet gehobelt"
"3330","IfcMember","Massivholz Fichte Tanne Lärche luftgetrocknet gehobelt"
"3330","IfcMember","Massivholz Fichte Tanne Lärche luftgetrocknet rau"
"3331","IfcMember","Konstruktionsvollholz"
"3331","IfcMember","Massivholz Buche Eiche kammergetrocknet gehobelt"
"3331","IfcMember","Massivholz Buche Eiche kammergetrocknet rau"
"3331","IfcMember","Massivholz Buche Eiche luftgetrocknet rau"
"3331","IfcMember","Massivholz Fichte Tanne Lärche kammergetrocknet gehobelt"
"3331","IfcMember","Massivholz Fichte Tanne Lärche luftgetrocknet gehobelt"
"3331","IfcMember","Massivholz Fichte Tanne Lärche luftgetrocknet rau"
"3332","IfcMember","Konstruktionsvollholz"
"3332","IfcMember","Massivholz Fichte Tanne Lärche kammergetrocknet gehobelt"
"3332","IfcMember","Massivholz Fichte Tanne Lärche luftgetrocknet gehobelt"
"3332","IfcMember","Massivholz Fichte Tanne Lärche luftgetrocknet rau"
"3333","IfcMember","Stahlblech blank"
"3333","IfcMember","Stahlprofil blank"
"3334","IfcMember","Stahlblech blank"
"3334","IfcMember","Stahlprofil blank"
"3335","IfcMember","Stahlblech blank"
"3335","IfcMember","Stahlprofil blank"
"3336","IfcMember","Stahlblech blank"
"3336","IfcMember","Stahlprofil blank"
"3337","IfcMember","Stahlblech blank"
"3337","IfcMember","Stahlprofil blank"
"3338","IfcMember","Stahlblech blank"
"3338","IfcMember","Stahlprofil blank"
"3339","IfcMember","Stahlblech blank"
"3339","IfcMember","Stahlprofil blank"
"3340","IfcMember","Stahlblech blank"
"3340","IfcMember","Stahlprofil blank"
"3341","IfcMember","Konstruktionsvollholz"
"3341","IfcMember","Massivholz Fichte Tanne Lärche kammergetrocknet gehobelt"
"3341","IfcMember","Massivholz Fichte Tanne Lärche luftgetrocknet gehobelt"
"3341","IfcMember","Massivholz Fichte Tanne Lärche luftgetrocknet rau"
"3342","IfcMember","Stahlblech blank"
"3342","IfcMember","Stahlprofil blank"
"3343","IfcMember","Stahlblech blank"
"3343","IfcMember","Stahlprofil blank"
"3344","IfcMember","Stahlblech blank"
"3344","IfcMember","Stahlprofil blank"
"3345","IfcMember","Stahlprofil blank"
"3345","IfcMember","Armierungsstahl"
"3346","IfcMember","Stahlblech blank"
"3346","IfcMember","Stahlprofil blank"
"3347","IfcMember","Stahlblech blank"
"3347","IfcMember","Stahlprofil blank"
"3348","IfcMember","Stahlblech blank"
"3348","IfcMember","Stahlprofil blank"
"3349","IfcMember","Stahlblech blank"
"3349","IfcMember","Stahlprofil blank"
"3350","IfcMember","Stahlblech blank"
"3350","IfcMember","Stahlprofil blank"
"3351","IfcMember","Stahlblech blank"
"3351","IfcMember","Stahlprofil blank"
"3352","IfcMember","Stahlblech blank"
"3352","IfcMember","Stahlprofil blank"
"3353","IfcMember","Stahlblech blank"
"3353","IfcMember","Stahlprofil blank"
"3354","IfcMember","Stahlprofil blank"
"3354","IfcMember","Armierungsstahl"
"3355","IfcMember","Stahlprofil blank"
"3355","IfcMember","Armierungsstahl"
"3356","IfcMember","Stahlprofil blank"
"3356","IfcMember","Armierungsstahl"
"3357","IfcMember","Stahlprofil blank"
"3357","IfcMember","Armierungsstahl"
"3358","IfcMember","Stahlprofil blank"
"3358","IfcMember","Armierungsstahl"
"3359","IfcMember","Stahlprofil blank"
"3359","IfcMember","Armierungsstahl"
"3360","IfcMember","Stahlprofil blank"
"3360","IfcMember","Armierungsstahl"
"3361","IfcMember","Stahlprofil blank"
"3361","IfcMember","Armierungsstahl"
"3362","IfcMember","Stahlprofil blank"
"3362","IfcMember","Armierungsstahl"
"3363","IfcMember","Stahlprofil blank"
"3363","IfcMember","Armierungsstahl"
"3364","IfcMember","Stahlprofil blank"
"3364","IfcMember","Armierungsstahl"
"3365","IfcMember","Stahlprofil blank"
"3365","IfcMember","Armierungsstahl"
"3366","IfcMember","Stahlblech blank"
"3366","IfcMember","Stahlprofil blank"
"3367","IfcMember","Stahlblech blank"
"3367","IfcMember","Stahlprofil blank"
"3368","IfcMember","Stahlblech blank"
"3368","IfcMember","Stahlprofil blank"
"3369","IfcMember","Stahlblech blank"
"3369","IfcMember","Stahlprofil blank"
"3370","IfcMember","Stahlblech blank"
"3370","IfcMember","Stahlprofil blank"
"3371","IfcMember","Stahlblech blank"
"3371","IfcMember","Stahlprofil blank"
"3372","IfcMember","Stahlblech blank"
"3372","IfcMember","Stahlprofil blank"
"3373","IfcMember","Stahlblech blank"
"3373","IfcMember","Stahlprofil blank"
"3374","IfcMember","Stahlblech blank"
"3374","IfcMember","Stahlprofil blank"
"3375","IfcMember","Stahlblech blank"
"3375","IfcMember","Stahlprofil blank"
"3376","IfcMember","Stahlblech blank"
"3376","IfcMember","Stahlprofil blank"
"3377","IfcPavement","Gussasphalt"
"3378","IfcPavement","Tiefbaubeton"
"3378","IfcPavement","Betonfertigteil normalfest"
"3378","IfcPavement","Betonfertigteil hochfest"
"3379","IfcPavement","Betonfertigteil normalfest"
"3379","IfcPavement","Betonfertigteil hochfest"
"3380","IfcPavement","Tiefbaubeton"
"3381","IfcPavement","Tiefbaubeton"
"3382","IfcPavement","Betonfertigteil normalfest"
"3382","IfcPavement","Betonfertigteil hochfest"
"3383","IfcPavement","Tiefbaubeton"
"3383","IfcPavement","Betonfertigteil normalfest"
"3384","IfcPavement","Tiefbaubeton"
"3385","IfcPavement","Betonfertigteil normalfest"
"3386","IfcPavement","Tiefbaubeton"
"3386","IfcPavement","Betonfertigteil normalfest"
"3387","IfcPavement","Betonfertigteil normalfest"
"3388","IfcPavement","Tiefbaubeton"
"3389","IfcPavement","Tiefbaubeton"
"3389","IfcPavement","Betonfertigteil normalfest"
"3390","IfcPavement","Tiefbaubeton"
"3391","IfcPavement","Betonfertigteil normalfest"
"3392","IfcPavement","Tiefbaubeton"
"3392","IfcPavement","Betonfertigteil hochfest"
"3393","IfcPavement","Tiefbaubeton"
"3394","IfcPavement","Betonfertigteil hochfest"
"3395","IfcPavement","Tiefbaubeton"
"3395","IfcPavement","Betonfertigteil hochfest"
"3396","IfcPavement","Betonfertigteil hochfest"
"3397","IfcPavement","Tiefbaubeton"
"3398","IfcPavement","Tiefbaubeton"
"3399","IfcPavement","Betonfertigteil normalfest"
"3400","IfcPavement","Tiefbaubeton"
"3401","IfcPavement","Tiefbaubeton"
"3402","IfcPavement","Betonfertigteil hochfest"
"3403","IfcPavement","Betonfertigteil hochfest"
"3404","IfcPavement","Tiefbaubeton"
"3405","IfcPavement","Tiefbaubeton"
"3406","IfcPavement","Tiefbaubeton"
"3407","IfcPavement","Betonfertigteil normalfest"
"3408","IfcPavement","Tiefbaubeton"
"3409","IfcPavement","Betonfertigteil normalfest"
"3410","IfcPavement","Tiefbaubeton"
"3411","IfcPavement","Gussasphalt"
"3412","IfcPavement","Gussasphalt"
"3413","IfcPavement","Hartbeton einschichtig"
"3413","IfcPavement","Hartbeton zweischichtig"
"3414","IfcPavement","Hartbeton einschichtig"
"3414","IfcPavement","Hartbeton zweischichtig"
"3415","IfcPavement","Gussasphalt"
"3416","IfcPavement","Gussasphalt"
"3417","IfcPavement","Gussasphalt"
"3418","IfcPavement","Tiefbaubeton"
"3418","IfcPavement","Betonfertigteil normalfest"
"3418","IfcPavement","Betonfertigteil hochfest"
"3419","IfcPavement","Betonfertigteil normalfest"
"3419","IfcPavement","Betonfertigteil hochfest"
"3420","IfcPavement","Tiefbaubeton"
"3421","IfcPavement","Tiefbaubeton"
"3422","IfcPavement","Betonfertigteil normalfest"
"3422","IfcPavement","Betonfertigteil hochfest"
"3423","IfcPavement","Tiefbaubeton"
"3423","IfcPavement","Betonfertigteil normalfest"
"3424","IfcPavement","Tiefbaubeton"
"3425","IfcPavement","Betonfertigteil normalfest"
"3426","IfcPavement","Tiefbaubeton"
"3426","IfcPavement","Betonfertigteil normalfest"
"3427","IfcPavement","Betonfertigteil normalfest"
"3428","IfcPavement","Tiefbaubeton"
"3429","IfcPavement","Tiefbaubeton"
"3429","IfcPavement","Betonfertigteil normalfest"
"3430","IfcPavement","Betonfertigteil normalfest"
"3431","IfcPavement","Tiefbaubeton"
"3432","IfcPavement","Tiefbaubeton"
"3432","IfcPavement","Betonfertigteil hochfest"
"3433","IfcPavement","Betonfertigteil hochfest"
"3434","IfcPavement","Tiefbaubeton"
"3435","IfcPavement","Tiefbaubeton"
"3435","IfcPavement","Betonfertigteil hochfest"
"3436","IfcPavement","Tiefbaubeton"
"3437","IfcPavement","Betonfertigteil hochfest"
"3438","IfcPavement","Tiefbaubeton"
"3439","IfcPavement","Betonfertigteil normalfest"
"3440","IfcPavement","Tiefbaubeton"
"3441","IfcPavement","Betonfertigteil hochfest"
"3442","IfcPavement","Tiefbaubeton"
"3443","IfcPavement","Betonfertigteil normalfest"
"3444","IfcPavement","Tiefbaubeton"
"3445","IfcPavement","Tiefbaubeton"
"3446","IfcPavement","Tiefbaubeton"
"3447","IfcPavement","Tiefbaubeton"
"3448","IfcPavement","Betonfertigteil normalfest"
"3449","IfcPavement","Betonfertigteil hochfest"
"3450","IfcPavement","Tiefbaubeton"
"3451","IfcPavement","Tiefbaubeton"
"3452","IfcPavement","Kies gebrochen"
"3453","IfcPavement","Gussasphalt"
"3454","IfcPavement","Gussasphalt"
"3455","IfcPavement","Gussasphalt"
"3456","IfcPavement","Gussasphalt"
"3457","IfcPavement","Gussasphalt"
"3458","IfcPavement","Gussasphalt"
"3459","IfcPavement","Hartbeton einschichtig"
"3459","IfcPavement","Hartbeton zweischichtig"
"3460","IfcPavement","Gussasphalt"
"3461","IfcPavement","Gussasphalt"
"3462","IfcPavement","Gussasphalt"
"3463","IfcPavement","Kies gebrochen"
"3464","IfcPavement","Gussasphalt"
"3465","IfcPavement","Hartbeton einschichtig"
"3465","IfcPavement","Hartbeton zweischichtig"
"3466","IfcPavement","Hartbeton einschichtig"
"3466","IfcPavement","Hartbeton zweischichtig"
"3467","IfcPavement","Hartbeton einschichtig"
"3467","IfcPavement","Hartbeton zweischichtig"
"3468","IfcPavement","Hartbeton einschichtig"
"3468","IfcPavement","Hartbeton zweischichtig"
"3469","IfcPavement","Hartbeton einschichtig"
"3469","IfcPavement","Hartbeton zweischichtig"
"3470","IfcPavement","Hartbeton einschichtig"
"3470","IfcPavement","Hartbeton zweischichtig"
"3471","IfcPavement","Hartbeton einschichtig"
"3471","IfcPavement","Hartbeton zweischichtig"
"3472","IfcPavement","Hartbeton einschichtig"
"3472","IfcPavement","Hartbeton zweischichtig"
"3473","IfcPavement","Hartbeton einschichtig"
"3473","IfcPavement","Hartbeton zweischichtig"
"3474","IfcPavement","Hartbeton einschichtig"
"3474","IfcPavement","Hartbeton zweischichtig"
"3475","IfcPavement","Hartbeton einschichtig"
"3475","IfcPavement","Hartbeton zweischichtig"
"3476","IfcPavement","Hartbeton einschichtig"
"3476","IfcPavement","Hartbeton zweischichtig"
"3477","IfcPavement","Hartbeton einschichtig"
"3477","IfcPavement","Hartbeton zweischichtig"
"3478","IfcPavement","Hartbeton einschichtig"
"3478","IfcPavement","Hartbeton zweischichtig"
"3479","IfcPavement","Hartbeton einschichtig"
"3479","IfcPavement","Hartbeton zweischichtig"
"3480","IfcPavement","Hartbeton einschichtig"
"3480","IfcPavement","Hartbeton zweischichtig"
"3481","IfcPavement","Hartbeton einschichtig"
"3481","IfcPavement","Hartbeton zweischichtig"
"3482","IfcPavement","Hartbeton einschichtig"
"3482","IfcPavement","Hartbeton zweischichtig"
"3483","IfcPavement","Hartbeton einschichtig"
"3483","IfcPavement","Hartbeton zweischichtig"
"3484","IfcPavement","Hartbeton einschichtig"
"3484","IfcPavement","Hartbeton zweischichtig"
"3485","IfcPavement","Hartbeton einschichtig"
"3485","IfcPavement","Hartbeton zweischichtig"
"3486","IfcPavement","Hartbeton einschichtig"
"3486","IfcPavement","Hartbeton zweischichtig"
"3487","IfcPavement","Hartbeton einschichtig"
"3487","IfcPavement","Hartbeton zweischichtig"
"3488","IfcPavement","Hartbeton einschichtig"
"3488","IfcPavement","Hartbeton zweischichtig"
"3489","IfcPavement","Hartbeton einschichtig"
"3489","IfcPavement","Hartbeton zweischichtig"
"3490","IfcPavement","Hartbeton einschichtig"
"3490","IfcPavement","Hartbeton zweischichtig"
"3491","IfcPavement","Hartbeton einschichtig"
"3491","IfcPavement","Hartbeton zweischichtig"
"3492","IfcPavement","Hartbeton einschichtig"
"3492","IfcPavement","Hartbeton zweischichtig"
"3493","IfcPavement","Hartbeton einschichtig"
"3493","IfcPavement","Hartbeton zweischichtig"
"3494","IfcPavement","Hartbeton einschichtig"
"3494","IfcPavement","Hartbeton zweischichtig"
"3495","IfcPavement","Hartbeton einschichtig"
"3495","IfcPavement","Hartbeton zweischichtig"
"3496","IfcPavement","Hartbeton einschichtig"
"3496","IfcPavement","Hartbeton zweischichtig"
"3497","IfcPavement","Hartbeton einschichtig"
"3497","IfcPavement","Hartbeton zweischichtig"
"3498","IfcPavement","Hartbeton einschichtig"
"3498","IfcPavement","Hartbeton zweischichtig"
"3499","IfcPavement","Hartbeton einschichtig"
"3499","IfcPavement","Hartbeton zweischichtig"
"3500","IfcPavement","Hartbeton einschichtig"
"3500","IfcPavement","Hartbeton zweischichtig"
"3501","IfcPavement","Hartbeton einschichtig"
"3501","IfcPavement","Hartbeton zweischichtig"
"3502","IfcPavement","Hartbeton einschichtig"
"3502","IfcPavement","Hartbeton zweischichtig"
"3503","IfcPavement","Hartbeton einschichtig"
"3503","IfcPavement","Hartbeton zweischichtig"
"3504","IfcPavement","Hartbeton einschichtig"
"3504","IfcPavement","Hartbeton zweischichtig"
"3505","IfcPavement","Hartbeton einschichtig"
"3505","IfcPavement","Hartbeton zweischichtig"
"3506","IfcPavement","Hartbeton einschichtig"
"3506","IfcPavement","Hartbeton zweischichtig"
"3507","IfcPavement","Hartbeton einschichtig"
"3507","IfcPavement","Hartbeton zweischichtig"
"3508","IfcPavement","Hartbeton einschichtig"
"3508","IfcPavement","Hartbeton zweischichtig"
"3509","IfcPavement","Hartbeton einschichtig"
"3509","IfcPavement","Hartbeton zweischichtig"
"3510","IfcPavement","Hartbeton einschichtig"
"3510","IfcPavement","Hartbeton zweischichtig"
"3511","IfcPavement","Hartbeton einschichtig"
"3511","IfcPavement","Hartbeton zweischichtig"
"3512","IfcPavement","Hartbeton einschichtig"
"3512","IfcPavement","Hartbeton zweischichtig"
"3513","IfcPavement","Hartbeton einschichtig"
"3513","IfcPavement","Hartbeton zweischichtig"
"3514","IfcPavement","Hartbeton einschichtig"
"3514","IfcPavement","Hartbeton zweischichtig"
"3515","IfcPavement","Hartbeton einschichtig"
"3515","IfcPavement","Hartbeton zweischichtig"
"3516","IfcPavement","Hartbeton einschichtig"
"3516","IfcPavement","Hartbeton zweischichtig"
"3517","IfcPavement","Hartbeton einschichtig"
"3517","IfcPavement","Hartbeton zweischichtig"
"3518","IfcPavement","Hartbeton einschichtig"
"3518","IfcPavement","Hartbeton zweischichtig"
"3519","IfcPavement","Hartbeton einschichtig"
"3519","IfcPavement","Hartbeton zweischichtig"
"3520","IfcPavement","Hartbeton einschichtig"
"3520","IfcPavement","Hartbeton zweischichtig"
"3521","IfcPavement","Hartbeton einschichtig"
"3521","IfcPavement","Hartbeton zweischichtig"
"3522","IfcPavement","Hartbeton einschichtig"
"3522","IfcPavement","Hartbeton zweischichtig"
"3523","IfcPavement","Hartbeton einschichtig"
"3523","IfcPavement","Hartbeton zweischichtig"
"3524","IfcPavement","Hartbeton einschichtig"
"3524","IfcPavement","Hartbeton zweischichtig"
"3525","IfcPavement","Hartbeton einschichtig"
"3525","IfcPavement","Hartbeton zweischichtig"
"3526","IfcPavement","Hartbeton einschichtig"
"3526","IfcPavement","Hartbeton zweischichtig"
"3527","IfcPavement","Hartbeton einschichtig"
"3527","IfcPavement","Hartbeton zweischichtig"
"3528","IfcPavement","Hartbeton einschichtig"
"3528","IfcPavement","Hartbeton zweischichtig"
"3529","IfcPavement","Hartbeton einschichtig"
"3529","IfcPavement","Hartbeton zweischichtig"
"3530","IfcPavement","Hartbeton einschichtig"
"3530","IfcPavement","Hartbeton zweischichtig"
"3531","IfcPavement","Hartbeton einschichtig"
"3531","IfcPavement","Hartbeton zweischichtig"
"3532","IfcPavement","Hartbeton einschichtig"
"3532","IfcPavement","Hartbeton zweischichtig"
"3533","IfcPavement","Kies gebrochen"
"3534","IfcPile","Stahlblech blank"
"3534","IfcPile","Stahlprofil blank"
"3535","IfcPile","Stahlblech blank"
"3535","IfcPile","Stahlprofil blank"
"3536","IfcPile","Stahlblech blank"
"3536","IfcPile","Stahlprofil blank"
"3537","IfcPile","Bohrpfahlbeton"
"3537","IfcPile","Tiefgründung Mikrobohrpfahl"
"3537","IfcPile","Tiefgründung Vorgefertigter Betonpfahl"
"3538","IfcPile","Tiefgründung Vorgefertigter Betonpfahl"
"3539","IfcPile","Tiefgründung Mikrobohrpfahl"
"3540","IfcPile","Tiefgründung Mikrobohrpfahl"
"3541","IfcPile","Tiefgründung Vorgefertigter Betonpfahl"
"3542","IfcPile","Bohrpfahlbeton"
"3542","IfcPile","Tiefgründung Mikrobohrpfahl"
"3542","IfcPile","Tiefgründung Vorgefertigter Betonpfahl"
"3543","IfcPile","Tiefgründung Vorgefertigter Betonpfahl"
"3544","IfcPile","Tiefgründung Mikrobohrpfahl"
"3545","IfcPile","Tiefgründung Mikrobohrpfahl"
"3546","IfcPile","Tiefgründung Vorgefertigter Betonpfahl"
"3547","IfcPile","Bohrpfahlbeton"
"3547","IfcPile","Tiefgründung Mikrobohrpfahl"
"3547","IfcPile","Tiefgründung Vorgefertigter Betonpfahl"
"3548","IfcPile","Tiefgründung Vorgefertigter Betonpfahl"
"3549","IfcPile","Tiefgründung Mikrobohrpfahl"
"3550","IfcPile","Tiefgründung Mikrobohrpfahl"
"3551","IfcPile","Tiefgründung Vorgefertigter Betonpfahl"
"3552","IfcPile","Bohrpfahlbeton"
"3552","IfcPile","Tiefgründung Ortbetonbohrpfahl 700"
"3552","IfcPile","Tiefgründung Vorgefertigter Betonpfahl"
"3553","IfcPile","Tiefgründung Vorgefertigter Betonpfahl"
"3554","IfcPile","Tiefgründung Ortbetonbohrpfahl 700"
"3555","IfcPile","Tiefgründung Vorgefertigter Betonpfahl"
"3556","IfcPile","Bohrpfahlbeton"
"3556","IfcPile","Tiefgründung Ortbetonbohrpfahl 700"
"3556","IfcPile","Tiefgründung Vorgefertigter Betonpfahl"
"3557","IfcPile","Tiefgründung Vorgefertigter Betonpfahl"
"3558","IfcPile","Tiefgründung Ortbetonbohrpfahl 700"
"3559","IfcPile","Tiefgründung Ortbetonbohrpfahl 700"
"3560","IfcPile","Tiefgründung Vorgefertigter Betonpfahl"
"3561","IfcPile","Bohrpfahlbeton"
"3561","IfcPile","Tiefgründung Ortbetonbohrpfahl 700"
"3561","IfcPile","Tiefgründung Vorgefertigter Betonpfahl"
"3562","IfcPile","Tiefgründung Vorgefertigter Betonpfahl"
"3563","IfcPile","Tiefgründung Ortbetonbohrpfahl 700"
"3564","IfcPile","Tiefgründung Ortbetonbohrpfahl 700"
"3565","IfcPile","Tiefgründung Vorgefertigter Betonpfahl"
"3566","IfcPile","Bohrpfahlbeton"
"3566","IfcPile","Tiefgründung Ortbetonbohrpfahl 700"
"3566","IfcPile","Tiefgründung Vorgefertigter Betonpfahl"
"3567","IfcPile","Tiefgründung Vorgefertigter Betonpfahl"
"3568","IfcPile","Tiefgründung Ortbetonbohrpfahl 700"
"3569","IfcPile","Tiefgründung Ortbetonbohrpfahl 700"
"3570","IfcPile","Tiefgründung Vorgefertigter Betonpfahl"
"3571","IfcPile","Bohrpfahlbeton"
"3571","IfcPile","Tiefgründung Ortbetonbohrpfahl 900"
"3571","IfcPile","Tiefgründung Vorgefertigter Betonpfahl"
"3572","IfcPile","Tiefgründung Vorgefertigter Betonpfahl"
"3573","IfcPile","Tiefgründung Ortbetonbohrpfahl 900"
"3574","IfcPile","Tiefgründung Ortbetonbohrpfahl 900"
"3575","IfcPile","Tiefgründung Vorgefertigter Betonpfahl"
"3576","IfcPile","Bohrpfahlbeton"
"3576","IfcPile","Tiefgründung Ortbetonbohrpfahl 900"
"3576","IfcPile","Tiefgründung Vorgefertigter Betonpfahl"
"3577","IfcPile","Tiefgründung Vorgefertigter Betonpfahl"
"3578","IfcPile","Tiefgründung Ortbetonbohrpfahl 900"
"3579","IfcPile","Tiefgründung Ortbetonbohrpfahl 900"
"3580","IfcPile","Tiefgründung Vorgefertigter Betonpfahl"
"3581","IfcPile","Bohrpfahlbeton"
"3581","IfcPile","Tiefgründung Ortbetonbohrpfahl 1200"
"3581","IfcPile","Tiefgründung Vorgefertigter Betonpfahl"
"3582","IfcPile","Tiefgründung Ortbetonbohrpfahl 1200"
"3583","IfcPile","Tiefgründung Ortbetonbohrpfahl 1200"
"3584","IfcPile","Tiefgründung Vorgefertigter Betonpfahl"
"3585","IfcPile","Bohrpfahlbeton"
"3585","IfcPile","Tiefgründung Mikrobohrpfahl"
"3585","IfcPile","Tiefgründung Vorgefertigter Betonpfahl"
"3586","IfcPile","Tiefgründung Vorgefertigter Betonpfahl"
"3587","IfcPile","Tiefgründung Mikrobohrpfahl"
"3588","IfcPile","Bohrpfahlbeton"
"3588","IfcPile","Tiefgründung Mikrobohrpfahl"
"3588","IfcPile","Tiefgründung Vorgefertigter Betonpfahl"
"3589","IfcPile","Tiefgründung Vorgefertigter Betonpfahl"
"3590","IfcPile","Tiefgründung Mikrobohrpfahl"
"3591","IfcPile","Bohrpfahlbeton"
"3591","IfcPile","Tiefgründung Mikrobohrpfahl"
"3591","IfcPile","Tiefgründung Vorgefertigter Betonpfahl"
"3592","IfcPile","Tiefgründung Vorgefertigter Betonpfahl"
"3593","IfcPile","Tiefgründung Mikrobohrpfahl"
"3594","IfcPile","Bohrpfahlbeton"
"3594","IfcPile","Tiefgründung Ortbetonbohrpfahl 700"
"3594","IfcPile","Tiefgründung Vorgefertigter Betonpfahl"
"3595","IfcPile","Tiefgründung Ortbetonbohrpfahl 700"
"3596","IfcPile","Tiefgründung Vorgefertigter Betonpfahl"
"3597","IfcPile","Bohrpfahlbeton"
"3597","IfcPile","Tiefgründung Ortbetonbohrpfahl 700"
"3597","IfcPile","Tiefgründung Vorgefertigter Betonpfahl"
"3598","IfcPile","Tiefgründung Ortbetonbohrpfahl 700"
"3599","IfcPile","Tiefgründung Vorgefertigter Betonpfahl"
"3600","IfcPile","Bohrpfahlbeton"
"3600","IfcPile","Tiefgründung Ortbetonbohrpfahl 700"
"3600","IfcPile","Tiefgründung Vorgefertigter Betonpfahl"
"3601","IfcPile","Tiefgründung Ortbetonbohrpfahl 700"
"3602","IfcPile","Tiefgründung Vorgefertigter Betonpfahl"
"3603","IfcPile","Bohrpfahlbeton"
"3603","IfcPile","Tiefgründung Ortbetonbohrpfahl 700"
"3603","IfcPile","Tiefgründung Vorgefertigter Betonpfahl"
"3604","IfcPile","Tiefgründung Ortbetonbohrpfahl 700"
"3605","IfcPile","Tiefgründung Vorgefertigter Betonpfahl"
"3606","IfcPile","Bohrpfahlbeton"
"3606","IfcPile","Tiefgründung Ortbetonbohrpfahl 900"
"3606","IfcPile","Tiefgründung Vorgefertigter Betonpfahl"
"3607","IfcPile","Tiefgründung Vorgefertigter Betonpfahl"
"3608","IfcPile","Tiefgründung Ortbetonbohrpfahl 900"
"3609","IfcPile","Bohrpfahlbeton"
"3609","IfcPile","Tiefgründung Ortbetonbohrpfahl 900"
"3609","IfcPile","Tiefgründung Vorgefertigter Betonpfahl"
"3610","IfcPile","Tiefgründung Ortbetonbohrpfahl 900"
"3611","IfcPile","Tiefgründung Vorgefertigter Betonpfahl"
"3612","IfcPile","Bohrpfahlbeton"
"3612","IfcPile","Tiefgründung Ortbetonbohrpfahl 1200"
"3612","IfcPile","Tiefgründung Vorgefertigter Betonpfahl"
"3613","IfcPile","Tiefgründung Ortbetonbohrpfahl 1200"
"3614","IfcPile","Tiefgründung Vorgefertigter Betonpfahl"
"3615","IfcPile","Bohrpfahlbeton"
"3615","IfcPile","Tiefgründung Mikrobohrpfahl"
"3615","IfcPile","Tiefgründung Vorgefertigter Betonpfahl"
"3616","IfcPile","Tiefgründung Vorgefertigter Betonpfahl"
"3617","IfcPile","Tiefgründung Mikrobohrpfahl"
"3618","IfcPile","Bohrpfahlbeton"
"3618","IfcPile","Tiefgründung Mikrobohrpfahl"
"3618","IfcPile","Tiefgründung Vorgefertigter Betonpfahl"
"3619","IfcPile","Tiefgründung Vorgefertigter Betonpfahl"
"3620","IfcPile","Tiefgründung Mikrobohrpfahl"
"3621","IfcPile","Bohrpfahlbeton"
"3621","IfcPile","Tiefgründung Mikrobohrpfahl"
"3621","IfcPile","Tiefgründung Vorgefertigter Betonpfahl"
"3622","IfcPile","Tiefgründung Vorgefertigter Betonpfahl"
"3623","IfcPile","Tiefgründung Mikrobohrpfahl"
"3624","IfcPile","Bohrpfahlbeton"
"3624","IfcPile","Tiefgründung Ortbetonbohrpfahl 700"
"3624","IfcPile","Tiefgründung Vorgefertigter Betonpfahl"
"3625","IfcPile","Tiefgründung Ortbetonbohrpfahl 700"
"3626","IfcPile","Tiefgründung Vorgefertigter Betonpfahl"
"3627","IfcPile","Bohrpfahlbeton"
"3627","IfcPile","Tiefgründung Ortbetonbohrpfahl 700"
"3627","IfcPile","Tiefgründung Vorgefertigter Betonpfahl"
"3628","IfcPile","Tiefgründung Ortbetonbohrpfahl 700"
"3629","IfcPile","Tiefgründung Vorgefertigter Betonpfahl"
"3630","IfcPile","Bohrpfahlbeton"
"3630","IfcPile","Tiefgründung Ortbetonbohrpfahl 700"
"3630","IfcPile","Tiefgründung Vorgefertigter Betonpfahl"
"3631","IfcPile","Tiefgründung Vorgefertigter Betonpfahl"
"3632","IfcPile","Tiefgründung Ortbetonbohrpfahl 700"
"3633","IfcPile","Bohrpfahlbeton"
"3633","IfcPile","Tiefgründung Ortbetonbohrpfahl 700"
"3633","IfcPile","Tiefgründung Vorgefertigter Betonpfahl"
"3634","IfcPile","Tiefgründung Vorgefertigter Betonpfahl"
"3635","IfcPile","Tiefgründung Ortbetonbohrpfahl 700"
"3636","IfcPile","Bohrpfahlbeton"
"3636","IfcPile","Tiefgründung Ortbetonbohrpfahl 900"
"3636","IfcPile","Tiefgründung Vorgefertigter Betonpfahl"
"3637","IfcPile","Tiefgründung Vorgefertigter Betonpfahl"
"3638","IfcPile","Tiefgründung Ortbetonbohrpfahl 900"
"3639","IfcPile","Bohrpfahlbeton"
"3639","IfcPile","Tiefgründung Ortbetonbohrpfahl 900"
"3639","IfcPile","Tiefgründung Vorgefertigter Betonpfahl"
"3640","IfcPile","Tiefgründung Vorgefertigter Betonpfahl"
"3641","IfcPile","Tiefgründung Ortbetonbohrpfahl 900"
"3642","IfcPile","Bohrpfahlbeton"
"3642","IfcPile","Tiefgründung Ortbetonbohrpfahl 1200"
"3642","IfcPile","Tiefgründung Vorgefertigter Betonpfahl"
"3643","IfcPile","Tiefgründung Ortbetonbohrpfahl 1200"
"3644","IfcPile","Tiefgründung Vorgefertigter Betonpfahl"
"3645","IfcPile","Bohrpfahlbeton"
"3645","IfcPile","Tiefgründung Mikrobohrpfahl"
"3645","IfcPile","Tiefgründung Vorgefertigter Betonpfahl"
"3646","IfcPile","Tiefgründung Mikrobohrpfahl"
"3647","IfcPile","Tiefgründung Vorgefertigter Betonpfahl"
"3648","IfcPile","Bohrpfahlbeton"
"3648","IfcPile","Tiefgründung Mikrobohrpfahl"
"3648","IfcPile","Tiefgründung Vorgefertigter Betonpfahl"
"3649","IfcPile","Tiefgründung Vorgefertigter Betonpfahl"
"3650","IfcPile","Tiefgründung Mikrobohrpfahl"
"3651","IfcPile","Bohrpfahlbeton"
"3651","IfcPile","Tiefgründung Mikrobohrpfahl"
"3651","IfcPile","Tiefgründung Vorgefertigter Betonpfahl"
"3652","IfcPile","Tiefgründung Mikrobohrpfahl"
"3653","IfcPile","Tiefgründung Vorgefertigter Betonpfahl"
"3654","IfcPile","Bohrpfahlbeton"
"3654","IfcPile","Tiefgründung Ortbetonbohrpfahl 700"
"3654","IfcPile","Tiefgründung Vorgefertigter Betonpfahl"
"3655","IfcPile","Tiefgründung Vorgefertigter Betonpfahl"
"3656","IfcPile","Tiefgründung Ortbetonbohrpfahl 700"
"3657","IfcPile","Bohrpfahlbeton"
"3657","IfcPile","Tiefgründung Ortbetonbohrpfahl 700"
"3657","IfcPile","Tiefgründung Vorgefertigter Betonpfahl"
"3658","IfcPile","Tiefgründung Ortbetonbohrpfahl 700"
"3659","IfcPile","Tiefgründung Vorgefertigter Betonpfahl"
"3660","IfcPile","Bohrpfahlbeton"
"3660","IfcPile","Tiefgründung Ortbetonbohrpfahl 700"
"3660","IfcPile","Tiefgründung Vorgefertigter Betonpfahl"
"3661","IfcPile","Tiefgründung Vorgefertigter Betonpfahl"
"3662","IfcPile","Tiefgründung Ortbetonbohrpfahl 700"
"3663","IfcPile","Bohrpfahlbeton"
"3663","IfcPile","Tiefgründung Ortbetonbohrpfahl 700"
"3663","IfcPile","Tiefgründung Vorgefertigter Betonpfahl"
"3664","IfcPile","Tiefgründung Vorgefertigter Betonpfahl"
"3665","IfcPile","Tiefgründung Ortbetonbohrpfahl 700"
"3666","IfcPile","Bohrpfahlbeton"
"3666","IfcPile","Tiefgründung Ortbetonbohrpfahl 900"
"3666","IfcPile","Tiefgründung Vorgefertigter Betonpfahl"
"3667","IfcPile","Tiefgründung Ortbetonbohrpfahl 900"
"3668","IfcPile","Tiefgründung Vorgefertigter Betonpfahl"
"3669","IfcPile","Bohrpfahlbeton"
"3669","IfcPile","Tiefgründung Ortbetonbohrpfahl 900"
"3669","IfcPile","Tiefgründung Vorgefertigter Betonpfahl"
"3670","IfcPile","Tiefgründung Vorgefertigter Betonpfahl"
"3671","IfcPile","Tiefgründung Ortbetonbohrpfahl 900"
"3672","IfcPile","Bohrpfahlbeton"
"3672","IfcPile","Tiefgründung Ortbetonbohrpfahl 1200"
"3672","IfcPile","Tiefgründung Vorgefertigter Betonpfahl"
"3673","IfcPile","Tiefgründung Ortbetonbohrpfahl 1200"
"3674","IfcPile","Tiefgründung Vorgefertigter Betonpfahl"
"3675","IfcPile","Bohrpfahlbeton"
"3675","IfcPile","Tiefgründung Mikrobohrpfahl"
"3675","IfcPile","Tiefgründung Vorgefertigter Betonpfahl"
"3676","IfcPile","Tiefgründung Mikrobohrpfahl"
"3677","IfcPile","Tiefgründung Vorgefertigter Betonpfahl"
"3678","IfcPile","Bohrpfahlbeton"
"3678","IfcPile","Tiefgründung Mikrobohrpfahl"
"3678","IfcPile","Tiefgründung Vorgefertigter Betonpfahl"
"3679","IfcPile","Tiefgründung Mikrobohrpfahl"
"3680","IfcPile","Tiefgründung Vorgefertigter Betonpfahl"
"3681","IfcPile","Bohrpfahlbeton"
"3681","IfcPile","Tiefgründung Mikrobohrpfahl"
"3681","IfcPile","Tiefgründung Vorgefertigter Betonpfahl"
"3682","IfcPile","Tiefgründung Vorgefertigter Betonpfahl"
"3683","IfcPile","Tiefgründung Mikrobohrpfahl"
"3684","IfcPile","Bohrpfahlbeton"
"3684","IfcPile","Tiefgründung Ortbetonbohrpfahl 700"
"3684","IfcPile","Tiefgründung Vorgefertigter Betonpfahl"
"3685","IfcPile","Tiefgründung Vorgefertigter Betonpfahl"
"3686","IfcPile","Tiefgründung Ortbetonbohrpfahl 700"
"3687","IfcPile","Bohrpfahlbeton"
"3687","IfcPile","Tiefgründung Ortbetonbohrpfahl 700"
"3687","IfcPile","Tiefgründung Vorgefertigter Betonpfahl"
"3688","IfcPile","Tiefgründung Ortbetonbohrpfahl 700"
"3689","IfcPile","Tiefgründung Vorgefertigter Betonpfahl"
"3690","IfcPile","Bohrpfahlbeton"
"3690","IfcPile","Tiefgründung Ortbetonbohrpfahl 700"
"3690","IfcPile","Tiefgründung Vorgefertigter Betonpfahl"
"3691","IfcPile","Tiefgründung Vorgefertigter Betonpfahl"
"3692","IfcPile","Tiefgründung Ortbetonbohrpfahl 700"
"3693","IfcPile","Bohrpfahlbeton"
"3693","IfcPile","Tiefgründung Ortbetonbohrpfahl 700"
"3693","IfcPile","Tiefgründung Vorgefertigter Betonpfahl"
"3694","IfcPile","Tiefgründung Ortbetonbohrpfahl 700"
"3695","IfcPile","Tiefgründung Vorgefertigter Betonpfahl"
"3696","IfcPile","Bohrpfahlbeton"
"3696","IfcPile","Tiefgründung Ortbetonbohrpfahl 900"
"3696","IfcPile","Tiefgründung Vorgefertigter Betonpfahl"
"3697","IfcPile","Tiefgründung Vorgefertigter Betonpfahl"
"3698","IfcPile","Tiefgründung Ortbetonbohrpfahl 900"
"3699","IfcPile","Bohrpfahlbeton"
"3699","IfcPile","Tiefgründung Ortbetonbohrpfahl 900"
"3699","IfcPile","Tiefgründung Vorgefertigter Betonpfahl"
"3700","IfcPile","Tiefgründung Vorgefertigter Betonpfahl"
"3701","IfcPile","Tiefgründung Ortbetonbohrpfahl 900"
"3702","IfcPile","Bohrpfahlbeton"
"3702","IfcPile","Tiefgründung Ortbetonbohrpfahl 1200"
"3702","IfcPile","Tiefgründung Vorgefertigter Betonpfahl"
"3703","IfcPile","Tiefgründung Ortbetonbohrpfahl 1200"
"3704","IfcPile","Tiefgründung Vorgefertigter Betonpfahl"
"3705","IfcPile","Bohrpfahlbeton"
"3705","IfcPile","Tiefgründung Mikrobohrpfahl"
"3705","IfcPile","Tiefgründung Vorgefertigter Betonpfahl"
"3706","IfcPile","Tiefgründung Mikrobohrpfahl"
"3707","IfcPile","Tiefgründung Vorgefertigter Betonpfahl"
"3708","IfcPile","Bohrpfahlbeton"
"3708","IfcPile","Tiefgründung Mikrobohrpfahl"
"3708","IfcPile","Tiefgründung Vorgefertigter Betonpfahl"
"3709","IfcPile","Tiefgründung Vorgefertigter Betonpfahl"
"3710","IfcPile","Tiefgründung Mikrobohrpfahl"
"3711","IfcPile","Bohrpfahlbeton"
"3711","IfcPile","Tiefgründung Mikrobohrpfahl"
"3711","IfcPile","Tiefgründung Vorgefertigter Betonpfahl"
"3712","IfcPile","Tiefgründung Mikrobohrpfahl"
"3713","IfcPile","Tiefgründung Vorgefertigter Betonpfahl"
"3714","IfcPile","Bohrpfahlbeton"
"3714","IfcPile","Tiefgründung Ortbetonbohrpfahl 700"
"3714","IfcPile","Tiefgründung Vorgefertigter Betonpfahl"
"3715","IfcPile","Tiefgründung Ortbetonbohrpfahl 700"
"3716","IfcPile","Tiefgründung Vorgefertigter Betonpfahl"
"3717","IfcPile","Bohrpfahlbeton"
"3717","IfcPile","Tiefgründung Ortbetonbohrpfahl 700"
"3717","IfcPile","Tiefgründung Vorgefertigter Betonpfahl"
"3718","IfcPile","Tiefgründung Vorgefertigter Betonpfahl"
"3719","IfcPile","Tiefgründung Ortbetonbohrpfahl 700"
"3720","IfcPile","Bohrpfahlbeton"
"3720","IfcPile","Tiefgründung Ortbetonbohrpfahl 700"
"3720","IfcPile","Tiefgründung Vorgefertigter Betonpfahl"
"3721","IfcPile","Tiefgründung Vorgefertigter Betonpfahl"
"3722","IfcPile","Tiefgründung Ortbetonbohrpfahl 700"
"3723","IfcPile","Bohrpfahlbeton"
"3723","IfcPile","Tiefgründung Ortbetonbohrpfahl 700"
"3723","IfcPile","Tiefgründung Vorgefertigter Betonpfahl"
"3724","IfcPile","Tiefgründung Vorgefertigter Betonpfahl"
"3725","IfcPile","Tiefgründung Ortbetonbohrpfahl 700"
"3726","IfcPile","Bohrpfahlbeton"
"3726","IfcPile","Tiefgründung Ortbetonbohrpfahl 900"
"3726","IfcPile","Tiefgründung Vorgefertigter Betonpfahl"
"3727","IfcPile","Tiefgründung Vorgefertigter Betonpfahl"
"3728","IfcPile","Tiefgründung Ortbetonbohrpfahl 900"
"3729","IfcPile","Bohrpfahlbeton"
"3729","IfcPile","Tiefgründung Ortbetonbohrpfahl 900"
"3729","IfcPile","Tiefgründung Vorgefertigter Betonpfahl"
"3730","IfcPile","Tiefgründung Vorgefertigter Betonpfahl"
"3731","IfcPile","Tiefgründung Ortbetonbohrpfahl 900"
"3732","IfcPile","Bohrpfahlbeton"
"3732","IfcPile","Tiefgründung Ortbetonbohrpfahl 1200"
"3732","IfcPile","Tiefgründung Vorgefertigter Betonpfahl"
"3733","IfcPile","Tiefgründung Ortbetonbohrpfahl 1200"
"3734","IfcPile","Tiefgründung Vorgefertigter Betonpfahl"
"3735","IfcPile","Tiefgründung Mikrobohrpfahl"
"3736","IfcPile","Tiefgründung Mikrobohrpfahl"
"3737","IfcPile","Tiefgründung Mikrobohrpfahl"
"3738","IfcPile","Tiefgründung Ortbetonbohrpfahl 700"
"3739","IfcPile","Tiefgründung Ortbetonbohrpfahl 700"
"3740","IfcPile","Tiefgründung Ortbetonbohrpfahl 700"
"3741","IfcPile","Tiefgründung Ortbetonbohrpfahl 700"
"3742","IfcPile","Tiefgründung Ortbetonbohrpfahl 900"
"3743","IfcPile","Tiefgründung Ortbetonbohrpfahl 900"
"3744","IfcPile","Tiefgründung Ortbetonbohrpfahl 1200"
"3745","IfcPile","Tiefgründung Vorgefertigter Betonpfahl"
"3746","IfcPile","Tiefgründung Mikrobohrpfahl"
"3747","IfcPile","Tiefgründung Vorgefertigter Betonpfahl"
"3748","IfcPile","Tiefgründung Vorgefertigter Betonpfahl"
"3749","IfcPile","Tiefgründung Ortbetonbohrpfahl 1200"
"3750","IfcPile","Tiefgründung Vorgefertigter Betonpfahl"
"3751","IfcPile","Tiefgründung Vorgefertigter Betonpfahl"
"3752","IfcPile","Tiefgründung Mikrobohrpfahl"
"3753","IfcPile","Tiefgründung Vorgefertigter Betonpfahl"
"3754","IfcPile","Tiefgründung Vorgefertigter Betonpfahl"
"3755","IfcPile","Tiefgründung Vorgefertigter Betonpfahl"
"3756","IfcPile","Tiefgründung Vorgefertigter Betonpfahl"
"3757","IfcPile","Tiefgründung Vorgefertigter Betonpfahl"
"3758","IfcPile","Tiefgründung Vorgefertigter Betonpfahl"
"3759","IfcPile","Tiefgründung Ortbetonbohrpfahl 700"
"3760","IfcPile","Tiefgründung Vorgefertigter Betonpfahl"
"3761","IfcPile","Tiefgründung Mikrobohrpfahl"
"3762","IfcPile","Tiefgründung Mikrobohrpfahl"
"3763","IfcPile","Tiefgründung Vorgefertigter Betonpfahl"
"3764","IfcPile","Tiefgründung Vorgefertigter Betonpfahl"
"3765","IfcPile","Tiefgründung Mikrobohrpfahl"
"3766","IfcPile","Tiefgründung Mikrobohrpfahl"
"3767","IfcPile","Tiefgründung Ortbetonbohrpfahl 700"
"3768","IfcPile","Tiefgründung Ortbetonbohrpfahl 700"
"3769","IfcPile","Tiefgründung Ortbetonbohrpfahl 700"
"3770","IfcPile","Tiefgründung Ortbetonbohrpfahl 700"
"3771","IfcPile","Tiefgründung Ortbetonbohrpfahl 900"
"3772","IfcPile","Tiefgründung Ortbetonbohrpfahl 900"
"3773","IfcPile","Tiefgründung Ortbetonbohrpfahl 1200"
"3774","IfcPile","Tiefgründung Ortbetonbohrpfahl 700"
"3775","IfcPile","Tiefgründung Vorgefertigter Betonpfahl"
"3776","IfcPile","Tiefgründung Ortbetonbohrpfahl 900"
"3777","IfcPile","Tiefgründung Ortbetonbohrpfahl 700"
"3778","IfcPile","Tiefgründung Ortbetonbohrpfahl 900"
"3779","IfcPile","Tiefgründung Vorgefertigter Betonpfahl"
"3780","IfcPile","Tiefgründung Mikrobohrpfahl"
"3781","IfcPile","Tiefgründung Vorgefertigter Betonpfahl"
"3782","IfcPile","Tiefgründung Ortbetonbohrpfahl 700"
"3783","IfcPile","Tiefgründung Ortbetonbohrpfahl 700"
"3784","IfcPile","Tiefgründung Vorgefertigter Betonpfahl"
"3785","IfcPile","Tiefgründung Ortbetonbohrpfahl 900"
"3786","IfcPile","Tiefgründung Vorgefertigter Betonpfahl"
"3787","IfcPile","Tiefgründung Ortbetonbohrpfahl 700"
"3788","IfcPile","Tiefgründung Vorgefertigter Betonpfahl"
"3789","IfcPile","Tiefgründung Ortbetonbohrpfahl 700"
"3790","IfcPile","Tiefgründung Vorgefertigter Betonpfahl"
"3791","IfcPile","Tiefgründung Ortbetonbohrpfahl 900"
"3792","IfcPile","Tiefgründung Ortbetonbohrpfahl 1200"
"3793","IfcPile","Tiefgründung Vorgefertigter Betonpfahl"
"3794","IfcPile","Tiefgründung Vorgefertigter Betonpfahl"
"3795","IfcPile","Tiefgründung Vorgefertigter Betonpfahl"
"3796","IfcPile","Tiefgründung Mikrobohrpfahl"
"3797","IfcPile","Tiefgründung Mikrobohrpfahl"
"3798","IfcPile","Tiefgründung Mikrobohrpfahl"
"3799","IfcPile","Tiefgründung Ortbetonbohrpfahl 700"
"3800","IfcPile","Tiefgründung Ortbetonbohrpfahl 700"
"3801","IfcPile","Tiefgründung Ortbetonbohrpfahl 700"
"3802","IfcPile","Tiefgründung Ortbetonbohrpfahl 900"
"3803","IfcPile","Tiefgründung Ortbetonbohrpfahl 900"
"3804","IfcPile","Tiefgründung Ortbetonbohrpfahl 1200"
"3805","IfcPile","Tiefgründung Mikrobohrpfahl"
"3806","IfcPile","Tiefgründung Vorgefertigter Betonpfahl"
"3807","IfcPile","Tiefgründung Vorgefertigter Betonpfahl"
"3808","IfcPile","Tiefgründung Ortbetonbohrpfahl 700"
"3809","IfcPile","Tiefgründung Vorgefertigter Betonpfahl"
"3810","IfcPile","Tiefgründung Mikrobohrpfahl"
"3811","IfcPile","Tiefgründung Vorgefertigter Betonpfahl"
"3812","IfcPile","Tiefgründung Ortbetonbohrpfahl 700"
"3813","IfcPile","Tiefgründung Vorgefertigter Betonpfahl"
"3814","IfcPile","Tiefgründung Vorgefertigter Betonpfahl"
"3815","IfcPile","Tiefgründung Ortbetonbohrpfahl 900"
"3816","IfcPile","Tiefgründung Vorgefertigter Betonpfahl"
"3817","IfcPile","Tiefgründung Vorgefertigter Betonpfahl"
"3818","IfcPile","Tiefgründung Vorgefertigter Betonpfahl"
"3819","IfcPile","Tiefgründung Ortbetonbohrpfahl 700"
"3820","IfcPile","Tiefgründung Vorgefertigter Betonpfahl"
"3821","IfcPile","Tiefgründung Vorgefertigter Betonpfahl"
"3822","IfcPile","Tiefgründung Ortbetonbohrpfahl 700"
"3823","IfcPile","Tiefgründung Ortbetonbohrpfahl 900"
"3824","IfcPile","Tiefgründung Ortbetonbohrpfahl 900"
"3825","IfcPile","Tiefgründung Ortbetonbohrpfahl 1200"
"3826","IfcPile","Tiefgründung Mikrobohrpfahl"
"3827","IfcPile","Tiefgründung Mikrobohrpfahl"
"3828","IfcPile","Tiefgründung Mikrobohrpfahl"
"3829","IfcPile","Tiefgründung Ortbetonbohrpfahl 700"
"3830","IfcPile","Tiefgründung Ortbetonbohrpfahl 700"
"3831","IfcPile","Tiefgründung Ortbetonbohrpfahl 700"
"3832","IfcPile","Tiefgründung Ortbetonbohrpfahl 700"
"3833","IfcPile","Tiefgründung Ortbetonbohrpfahl 900"
"3834","IfcPile","Tiefgründung Ortbetonbohrpfahl 900"
"3835","IfcPile","Tiefgründung Ortbetonbohrpfahl 1200"
"3836","IfcPile","Tiefgründung Mikrobohrpfahl"
"3837","IfcPile","Tiefgründung Vorgefertigter Betonpfahl"
"3838","IfcPile","Tiefgründung Ortbetonbohrpfahl 700"
"3839","IfcPile","Tiefgründung Ortbetonbohrpfahl 700"
"3840","IfcPile","Tiefgründung Vorgefertigter Betonpfahl"
"3841","IfcPile","Tiefgründung Ortbetonbohrpfahl 900"
"3842","IfcPile","Tiefgründung Vorgefertigter Betonpfahl"
"3843","IfcPile","Tiefgründung Mikrobohrpfahl"
"3844","IfcPile","Tiefgründung Vorgefertigter Betonpfahl"
"3845","IfcPile","Tiefgründung Vorgefertigter Betonpfahl"
"3846","IfcPile","Tiefgründung Ortbetonbohrpfahl 700"
"3847","IfcPile","Tiefgründung Ortbetonbohrpfahl 700"
"3848","IfcPile","Tiefgründung Ortbetonbohrpfahl 1200"
"3849","IfcPile","Tiefgründung Mikrobohrpfahl"
"3850","IfcPile","Tiefgründung Vorgefertigter Betonpfahl"
"3851","IfcPile","Tiefgründung Mikrobohrpfahl"
"3852","IfcPile","Tiefgründung Vorgefertigter Betonpfahl"
"3853","IfcPile","Tiefgründung Vorgefertigter Betonpfahl"
"3854","IfcPile","Tiefgründung Ortbetonbohrpfahl 700"
"3855","IfcPile","Tiefgründung Ortbetonbohrpfahl 900"
"3856","IfcPile","Tiefgründung Ortbetonbohrpfahl 1200"
"3857","IfcPile","Tiefgründung Mikrobohrpfahl"
"3858","IfcPile","Tiefgründung Mikrobohrpfahl"
"3859","IfcPile","Tiefgründung Mikrobohrpfahl"
"3860","IfcPile","Tiefgründung Ortbetonbohrpfahl 700"
"3861","IfcPile","Tiefgründung Vorgefertigter Betonpfahl"
"3862","IfcPile","Tiefgründung Vorgefertigter Betonpfahl"
"3863","IfcPile","Tiefgründung Ortbetonbohrpfahl 900"
"3864","IfcPile","Tiefgründung Vorgefertigter Betonpfahl"
"3865","IfcPile","Tiefgründung Mikrobohrpfahl"
"3866","IfcPile","Tiefgründung Vorgefertigter Betonpfahl"
"3867","IfcPile","Tiefgründung Vorgefertigter Betonpfahl"
"3868","IfcPile","Tiefgründung Ortbetonbohrpfahl 700"
"3869","IfcPile","Tiefgründung Ortbetonbohrpfahl 700"
"3870","IfcPile","Tiefgründung Ortbetonbohrpfahl 700"
"3871","IfcPile","Tiefgründung Vorgefertigter Betonpfahl"
"3872","IfcPile","Tiefgründung Vorgefertigter Betonpfahl"
"3873","IfcPile","Tiefgründung Rüttelstopfsäule"
"3874","IfcPile","Stahlblech blank"
"3874","IfcPile","Stahlprofil blank"
"3875","IfcPile","Stahlblech blank"
"3875","IfcPile","Stahlprofil blank"
"3876","IfcPile","Stahlblech blank"
"3876","IfcPile","Stahlprofil blank"
"3877","IfcPile","Stahlblech blank"
"3877","IfcPile","Stahlprofil blank"
"3878","IfcPile","Stahlblech blank"
"3878","IfcPile","Stahlprofil blank"
"3879","IfcPile","Stahlblech blank"
"3879","IfcPile","Stahlprofil blank"
"3880","IfcPile","Stahlblech blank"
"3880","IfcPile","Stahlprofil blank"
"3881","IfcPile","Stahlblech blank"
"3881","IfcPile","Stahlprofil blank"
"3882","IfcPile","Bohrpfahlbeton"
"3882","IfcPile","Tiefgründung Mikrobohrpfahl"
"3882","IfcPile","Tiefgründung Vorgefertigter Betonpfahl"
"3883","IfcPile","Tiefgründung Mikrobohrpfahl"
"3884","IfcPile","Tiefgründung Mikrobohrpfahl"
"3885","IfcPile","Tiefgründung Vorgefertigter Betonpfahl"
"3886","IfcPile","Bohrpfahlbeton"
"3886","IfcPile","Tiefgründung Mikrobohrpfahl"
"3886","IfcPile","Tiefgründung Vorgefertigter Betonpfahl"
"3887","IfcPile","Tiefgründung Vorgefertigter Betonpfahl"
"3888","IfcPile","Tiefgründung Mikrobohrpfahl"
"3889","IfcPile","Tiefgründung Mikrobohrpfahl"
"3890","IfcPile","Tiefgründung Vorgefertigter Betonpfahl"
"3891","IfcPile","Bohrpfahlbeton"
"3891","IfcPile","Tiefgründung Mikrobohrpfahl"
"3891","IfcPile","Tiefgründung Vorgefertigter Betonpfahl"
"3892","IfcPile","Tiefgründung Vorgefertigter Betonpfahl"
"3893","IfcPile","Tiefgründung Mikrobohrpfahl"
"3894","IfcPile","Tiefgründung Mikrobohrpfahl"
"3895","IfcPile","Tiefgründung Vorgefertigter Betonpfahl"
"3896","IfcPile","Bohrpfahlbeton"
"3896","IfcPile","Tiefgründung Ortbetonbohrpfahl 700"
"3896","IfcPile","Tiefgründung Vorgefertigter Betonpfahl"
"3897","IfcPile","Tiefgründung Vorgefertigter Betonpfahl"
"3898","IfcPile","Tiefgründung Ortbetonbohrpfahl 700"
"3899","IfcPile","Tiefgründung Ortbetonbohrpfahl 700"
"3900","IfcPile","Tiefgründung Vorgefertigter Betonpfahl"
"3901","IfcPile","Bohrpfahlbeton"
"3901","IfcPile","Tiefgründung Ortbetonbohrpfahl 700"
"3901","IfcPile","Tiefgründung Vorgefertigter Betonpfahl"
"3902","IfcPile","Tiefgründung Vorgefertigter Betonpfahl"
"3903","IfcPile","Tiefgründung Ortbetonbohrpfahl 700"
"3904","IfcPile","Tiefgründung Ortbetonbohrpfahl 700"
"3905","IfcPile","Tiefgründung Vorgefertigter Betonpfahl"
"3906","IfcPile","Bohrpfahlbeton"
"3906","IfcPile","Tiefgründung Ortbetonbohrpfahl 700"
"3906","IfcPile","Tiefgründung Vorgefertigter Betonpfahl"
"3907","IfcPile","Tiefgründung Vorgefertigter Betonpfahl"
"3908","IfcPile","Tiefgründung Ortbetonbohrpfahl 700"
"3909","IfcPile","Tiefgründung Ortbetonbohrpfahl 700"
"3910","IfcPile","Tiefgründung Vorgefertigter Betonpfahl"
"3911","IfcPile","Bohrpfahlbeton"
"3911","IfcPile","Tiefgründung Ortbetonbohrpfahl 700"
"3911","IfcPile","Tiefgründung Vorgefertigter Betonpfahl"
"3912","IfcPile","Tiefgründung Vorgefertigter Betonpfahl"
"3913","IfcPile","Tiefgründung Ortbetonbohrpfahl 700"
"3914","IfcPile","Tiefgründung Ortbetonbohrpfahl 700"
"3915","IfcPile","Tiefgründung Vorgefertigter Betonpfahl"
"3916","IfcPile","Bohrpfahlbeton"
"3916","IfcPile","Tiefgründung Ortbetonbohrpfahl 900"
"3916","IfcPile","Tiefgründung Vorgefertigter Betonpfahl"
"3917","IfcPile","Tiefgründung Vorgefertigter Betonpfahl"
"3918","IfcPile","Tiefgründung Ortbetonbohrpfahl 900"
"3919","IfcPile","Tiefgründung Ortbetonbohrpfahl 900"
"3920","IfcPile","Tiefgründung Vorgefertigter Betonpfahl"
"3921","IfcPile","Bohrpfahlbeton"
"3921","IfcPile","Tiefgründung Ortbetonbohrpfahl 900"
"3921","IfcPile","Tiefgründung Vorgefertigter Betonpfahl"
"3922","IfcPile","Tiefgründung Vorgefertigter Betonpfahl"
"3923","IfcPile","Tiefgründung Ortbetonbohrpfahl 900"
"3924","IfcPile","Tiefgründung Ortbetonbohrpfahl 900"
"3925","IfcPile","Tiefgründung Vorgefertigter Betonpfahl"
"3926","IfcPile","Bohrpfahlbeton"
"3926","IfcPile","Tiefgründung Ortbetonbohrpfahl 1200"
"3926","IfcPile","Tiefgründung Vorgefertigter Betonpfahl"
"3927","IfcPile","Tiefgründung Vorgefertigter Betonpfahl"
"3928","IfcPile","Tiefgründung Ortbetonbohrpfahl 1200"
"3929","IfcPile","Tiefgründung Ortbetonbohrpfahl 1200"
"3930","IfcPile","Tiefgründung Vorgefertigter Betonpfahl"
"3931","IfcPile","Bohrpfahlbeton"
"3931","IfcPile","Tiefgründung Mikrobohrpfahl"
"3931","IfcPile","Tiefgründung Vorgefertigter Betonpfahl"
"3932","IfcPile","Tiefgründung Mikrobohrpfahl"
"3933","IfcPile","Tiefgründung Vorgefertigter Betonpfahl"
"3934","IfcPile","Bohrpfahlbeton"
"3934","IfcPile","Tiefgründung Mikrobohrpfahl"
"3934","IfcPile","Tiefgründung Vorgefertigter Betonpfahl"
"3935","IfcPile","Tiefgründung Mikrobohrpfahl"
"3936","IfcPile","Tiefgründung Vorgefertigter Betonpfahl"
"3937","IfcPile","Bohrpfahlbeton"
"3937","IfcPile","Tiefgründung Mikrobohrpfahl"
"3937","IfcPile","Tiefgründung Vorgefertigter Betonpfahl"
"3938","IfcPile","Tiefgründung Vorgefertigter Betonpfahl"
"3939","IfcPile","Tiefgründung Mikrobohrpfahl"
"3940","IfcPile","Bohrpfahlbeton"
"3940","IfcPile","Tiefgründung Ortbetonbohrpfahl 700"
"3940","IfcPile","Tiefgründung Vorgefertigter Betonpfahl"
"3941","IfcPile","Tiefgründung Vorgefertigter Betonpfahl"
"3942","IfcPile","Tiefgründung Ortbetonbohrpfahl 700"
"3943","IfcPile","Bohrpfahlbeton"
"3943","IfcPile","Tiefgründung Ortbetonbohrpfahl 700"
"3943","IfcPile","Tiefgründung Vorgefertigter Betonpfahl"
"3944","IfcPile","Tiefgründung Ortbetonbohrpfahl 700"
"3945","IfcPile","Tiefgründung Vorgefertigter Betonpfahl"
"3946","IfcPile","Bohrpfahlbeton"
"3946","IfcPile","Tiefgründung Ortbetonbohrpfahl 700"
"3946","IfcPile","Tiefgründung Vorgefertigter Betonpfahl"
"3947","IfcPile","Tiefgründung Vorgefertigter Betonpfahl"
"3948","IfcPile","Tiefgründung Ortbetonbohrpfahl 700"
"3949","IfcPile","Bohrpfahlbeton"
"3949","IfcPile","Tiefgründung Ortbetonbohrpfahl 700"
"3949","IfcPile","Tiefgründung Vorgefertigter Betonpfahl"
"3950","IfcPile","Tiefgründung Ortbetonbohrpfahl 700"
"3951","IfcPile","Tiefgründung Vorgefertigter Betonpfahl"
"3952","IfcPile","Bohrpfahlbeton"
"3952","IfcPile","Tiefgründung Ortbetonbohrpfahl 900"
"3952","IfcPile","Tiefgründung Vorgefertigter Betonpfahl"
"3953","IfcPile","Tiefgründung Vorgefertigter Betonpfahl"
"3954","IfcPile","Tiefgründung Ortbetonbohrpfahl 900"
"3955","IfcPile","Bohrpfahlbeton"
"3955","IfcPile","Tiefgründung Ortbetonbohrpfahl 900"
"3955","IfcPile","Tiefgründung Vorgefertigter Betonpfahl"
"3956","IfcPile","Tiefgründung Vorgefertigter Betonpfahl"
"3957","IfcPile","Tiefgründung Ortbetonbohrpfahl 900"
"3958","IfcPile","Bohrpfahlbeton"
"3958","IfcPile","Tiefgründung Ortbetonbohrpfahl 1200"
"3958","IfcPile","Tiefgründung Vorgefertigter Betonpfahl"
"3959","IfcPile","Tiefgründung Vorgefertigter Betonpfahl"
"3960","IfcPile","Tiefgründung Ortbetonbohrpfahl 1200"
"3961","IfcPile","Bohrpfahlbeton"
"3961","IfcPile","Tiefgründung Mikrobohrpfahl"
"3961","IfcPile","Tiefgründung Vorgefertigter Betonpfahl"
"3962","IfcPile","Tiefgründung Mikrobohrpfahl"
"3963","IfcPile","Tiefgründung Vorgefertigter Betonpfahl"
"3964","IfcPile","Bohrpfahlbeton"
"3964","IfcPile","Tiefgründung Mikrobohrpfahl"
"3964","IfcPile","Tiefgründung Vorgefertigter Betonpfahl"
"3965","IfcPile","Tiefgründung Mikrobohrpfahl"
"3966","IfcPile","Tiefgründung Vorgefertigter Betonpfahl"
"3967","IfcPile","Bohrpfahlbeton"
"3967","IfcPile","Tiefgründung Mikrobohrpfahl"
"3967","IfcPile","Tiefgründung Vorgefertigter Betonpfahl"
"3968","IfcPile","Tiefgründung Vorgefertigter Betonpfahl"
"3969","IfcPile","Tiefgründung Mikrobohrpfahl"
"3970","IfcPile","Bohrpfahlbeton"
"3970","IfcPile","Tiefgründung Ortbetonbohrpfahl 700"
"3970","IfcPile","Tiefgründung Vorgefertigter Betonpfahl"
"3971","IfcPile","Tiefgründung Ortbetonbohrpfahl 700"
"3972","IfcPile","Tiefgründung Vorgefertigter Betonpfahl"
"3973","IfcPile","Bohrpfahlbeton"
"3973","IfcPile","Tiefgründung Ortbetonbohrpfahl 700"
"3973","IfcPile","Tiefgründung Vorgefertigter Betonpfahl"
"3974","IfcPile","Tiefgründung Ortbetonbohrpfahl 700"
"3975","IfcPile","Tiefgründung Vorgefertigter Betonpfahl"
"3976","IfcPile","Bohrpfahlbeton"
"3976","IfcPile","Tiefgründung Ortbetonbohrpfahl 700"
"3976","IfcPile","Tiefgründung Vorgefertigter Betonpfahl"
"3977","IfcPile","Tiefgründung Ortbetonbohrpfahl 700"
"3978","IfcPile","Tiefgründung Vorgefertigter Betonpfahl"
"3979","IfcPile","Bohrpfahlbeton"
"3979","IfcPile","Tiefgründung Ortbetonbohrpfahl 700"
"3979","IfcPile","Tiefgründung Vorgefertigter Betonpfahl"
"3980","IfcPile","Tiefgründung Ortbetonbohrpfahl 700"
"3981","IfcPile","Tiefgründung Vorgefertigter Betonpfahl"
"3982","IfcPile","Bohrpfahlbeton"
"3982","IfcPile","Tiefgründung Ortbetonbohrpfahl 900"
"3982","IfcPile","Tiefgründung Vorgefertigter Betonpfahl"
"3983","IfcPile","Tiefgründung Vorgefertigter Betonpfahl"
"3984","IfcPile","Tiefgründung Ortbetonbohrpfahl 900"
"3985","IfcPile","Bohrpfahlbeton"
"3985","IfcPile","Tiefgründung Ortbetonbohrpfahl 900"
"3985","IfcPile","Tiefgründung Vorgefertigter Betonpfahl"
"3986","IfcPile","Tiefgründung Ortbetonbohrpfahl 900"
"3987","IfcPile","Tiefgründung Vorgefertigter Betonpfahl"
"3988","IfcPile","Bohrpfahlbeton"
"3988","IfcPile","Tiefgründung Ortbetonbohrpfahl 1200"
"3988","IfcPile","Tiefgründung Vorgefertigter Betonpfahl"
"3989","IfcPile","Tiefgründung Ortbetonbohrpfahl 1200"
"3990","IfcPile","Tiefgründung Vorgefertigter Betonpfahl"
"3991","IfcPile","Bohrpfahlbeton"
"3991","IfcPile","Tiefgründung Mikrobohrpfahl"
"3991","IfcPile","Tiefgründung Vorgefertigter Betonpfahl"
"3992","IfcPile","Tiefgründung Mikrobohrpfahl"
"3993","IfcPile","Tiefgründung Vorgefertigter Betonpfahl"
"3994","IfcPile","Bohrpfahlbeton"
"3994","IfcPile","Tiefgründung Mikrobohrpfahl"
"3994","IfcPile","Tiefgründung Vorgefertigter Betonpfahl"
"3995","IfcPile","Tiefgründung Mikrobohrpfahl"
"3996","IfcPile","Tiefgründung Vorgefertigter Betonpfahl"
"3997","IfcPile","Bohrpfahlbeton"
"3997","IfcPile","Tiefgründung Mikrobohrpfahl"
"3997","IfcPile","Tiefgründung Vorgefertigter Betonpfahl"
"3998","IfcPile","Tiefgründung Mikrobohrpfahl"
"3999","IfcPile","Tiefgründung Vorgefertigter Betonpfahl"
"4000","IfcPile","Bohrpfahlbeton"
"4000","IfcPile","Tiefgründung Ortbetonbohrpfahl 700"
"4000","IfcPile","Tiefgründung Vorgefertigter Betonpfahl"
"4001","IfcPile","Tiefgründung Vorgefertigter Betonpfahl"
"4002","IfcPile","Tiefgründung Ortbetonbohrpfahl 700"
"4003","IfcPile","Bohrpfahlbeton"
"4003","IfcPile","Tiefgründung Ortbetonbohrpfahl 700"
"4003","IfcPile","Tiefgründung Vorgefertigter Betonpfahl"
"4004","IfcPile","Tiefgründung Vorgefertigter Betonpfahl"
"4005","IfcPile","Tiefgründung Ortbetonbohrpfahl 700"
"4006","IfcPile","Bohrpfahlbeton"
"4006","IfcPile","Tiefgründung Ortbetonbohrpfahl 700"
"4006","IfcPile","Tiefgründung Vorgefertigter Betonpfahl"
"4007","IfcPile","Tiefgründung Ortbetonbohrpfahl 700"
"4008","IfcPile","Tiefgründung Vorgefertigter Betonpfahl"
"4009","IfcPile","Bohrpfahlbeton"
"4009","IfcPile","Tiefgründung Ortbetonbohrpfahl 700"
"4009","IfcPile","Tiefgründung Vorgefertigter Betonpfahl"
"4010","IfcPile","Tiefgründung Vorgefertigter Betonpfahl"
"4011","IfcPile","Tiefgründung Ortbetonbohrpfahl 700"
"4012","IfcPile","Bohrpfahlbeton"
"4012","IfcPile","Tiefgründung Ortbetonbohrpfahl 900"
"4012","IfcPile","Tiefgründung Vorgefertigter Betonpfahl"
"4013","IfcPile","Tiefgründung Ortbetonbohrpfahl 900"
"4014","IfcPile","Tiefgründung Vorgefertigter Betonpfahl"
"4015","IfcPile","Bohrpfahlbeton"
"4015","IfcPile","Tiefgründung Ortbetonbohrpfahl 900"
"4015","IfcPile","Tiefgründung Vorgefertigter Betonpfahl"
"4016","IfcPile","Tiefgründung Ortbetonbohrpfahl 900"
"4017","IfcPile","Tiefgründung Vorgefertigter Betonpfahl"
"4018","IfcPile","Bohrpfahlbeton"
"4018","IfcPile","Tiefgründung Ortbetonbohrpfahl 1200"
"4018","IfcPile","Tiefgründung Vorgefertigter Betonpfahl"
"4019","IfcPile","Tiefgründung Ortbetonbohrpfahl 1200"
"4020","IfcPile","Tiefgründung Vorgefertigter Betonpfahl"
"4021","IfcPile","Bohrpfahlbeton"
"4021","IfcPile","Tiefgründung Mikrobohrpfahl"
"4021","IfcPile","Tiefgründung Vorgefertigter Betonpfahl"
"4022","IfcPile","Tiefgründung Mikrobohrpfahl"
"4023","IfcPile","Tiefgründung Vorgefertigter Betonpfahl"
"4024","IfcPile","Bohrpfahlbeton"
"4024","IfcPile","Tiefgründung Mikrobohrpfahl"
"4024","IfcPile","Tiefgründung Vorgefertigter Betonpfahl"
"4025","IfcPile","Tiefgründung Vorgefertigter Betonpfahl"
"4026","IfcPile","Tiefgründung Mikrobohrpfahl"
"4027","IfcPile","Bohrpfahlbeton"
"4027","IfcPile","Tiefgründung Mikrobohrpfahl"
"4027","IfcPile","Tiefgründung Vorgefertigter Betonpfahl"
"4028","IfcPile","Tiefgründung Mikrobohrpfahl"
"4029","IfcPile","Tiefgründung Vorgefertigter Betonpfahl"
"4030","IfcPile","Bohrpfahlbeton"
"4030","IfcPile","Tiefgründung Ortbetonbohrpfahl 700"
"4030","IfcPile","Tiefgründung Vorgefertigter Betonpfahl"
"4031","IfcPile","Tiefgründung Vorgefertigter Betonpfahl"
"4032","IfcPile","Tiefgründung Ortbetonbohrpfahl 700"
"4033","IfcPile","Bohrpfahlbeton"
"4033","IfcPile","Tiefgründung Ortbetonbohrpfahl 700"
"4033","IfcPile","Tiefgründung Vorgefertigter Betonpfahl"
"4034","IfcPile","Tiefgründung Vorgefertigter Betonpfahl"
"4035","IfcPile","Tiefgründung Ortbetonbohrpfahl 700"
"4036","IfcPile","Bohrpfahlbeton"
"4036","IfcPile","Tiefgründung Ortbetonbohrpfahl 700"
"4036","IfcPile","Tiefgründung Vorgefertigter Betonpfahl"
"4037","IfcPile","Tiefgründung Vorgefertigter Betonpfahl"
"4038","IfcPile","Tiefgründung Ortbetonbohrpfahl 700"
"4039","IfcPile","Bohrpfahlbeton"
"4039","IfcPile","Tiefgründung Ortbetonbohrpfahl 700"
"4039","IfcPile","Tiefgründung Vorgefertigter Betonpfahl"
"4040","IfcPile","Tiefgründung Ortbetonbohrpfahl 700"
"4041","IfcPile","Tiefgründung Vorgefertigter Betonpfahl"
"4042","IfcPile","Bohrpfahlbeton"
"4042","IfcPile","Tiefgründung Ortbetonbohrpfahl 900"
"4042","IfcPile","Tiefgründung Vorgefertigter Betonpfahl"
"4043","IfcPile","Tiefgründung Ortbetonbohrpfahl 900"
"4044","IfcPile","Tiefgründung Vorgefertigter Betonpfahl"
"4045","IfcPile","Bohrpfahlbeton"
"4045","IfcPile","Tiefgründung Ortbetonbohrpfahl 900"
"4045","IfcPile","Tiefgründung Vorgefertigter Betonpfahl"
"4046","IfcPile","Tiefgründung Vorgefertigter Betonpfahl"
"4047","IfcPile","Tiefgründung Ortbetonbohrpfahl 900"
"4048","IfcPile","Bohrpfahlbeton"
"4048","IfcPile","Tiefgründung Ortbetonbohrpfahl 1200"
"4048","IfcPile","Tiefgründung Vorgefertigter Betonpfahl"
"4049","IfcPile","Tiefgründung Vorgefertigter Betonpfahl"
"4050","IfcPile","Tiefgründung Ortbetonbohrpfahl 1200"
"4051","IfcPile","Bohrpfahlbeton"
"4051","IfcPile","Tiefgründung Mikrobohrpfahl"
"4051","IfcPile","Tiefgründung Vorgefertigter Betonpfahl"
"4052","IfcPile","Tiefgründung Mikrobohrpfahl"
"4053","IfcPile","Tiefgründung Vorgefertigter Betonpfahl"
"4054","IfcPile","Bohrpfahlbeton"
"4054","IfcPile","Tiefgründung Mikrobohrpfahl"
"4054","IfcPile","Tiefgründung Vorgefertigter Betonpfahl"
"4055","IfcPile","Tiefgründung Vorgefertigter Betonpfahl"
"4056","IfcPile","Tiefgründung Mikrobohrpfahl"
"4057","IfcPile","Bohrpfahlbeton"
"4057","IfcPile","Tiefgründung Mikrobohrpfahl"
"4057","IfcPile","Tiefgründung Vorgefertigter Betonpfahl"
"4058","IfcPile","Tiefgründung Vorgefertigter Betonpfahl"
"4059","IfcPile","Tiefgründung Mikrobohrpfahl"
"4060","IfcPile","Bohrpfahlbeton"
"4060","IfcPile","Tiefgründung Ortbetonbohrpfahl 700"
"4060","IfcPile","Tiefgründung Vorgefertigter Betonpfahl"
"4061","IfcPile","Tiefgründung Ortbetonbohrpfahl 700"
"4062","IfcPile","Tiefgründung Vorgefertigter Betonpfahl"
"4063","IfcPile","Bohrpfahlbeton"
"4063","IfcPile","Tiefgründung Ortbetonbohrpfahl 700"
"4063","IfcPile","Tiefgründung Vorgefertigter Betonpfahl"
"4064","IfcPile","Tiefgründung Ortbetonbohrpfahl 700"
"4065","IfcPile","Tiefgründung Vorgefertigter Betonpfahl"
"4066","IfcPile","Bohrpfahlbeton"
"4066","IfcPile","Tiefgründung Ortbetonbohrpfahl 700"
"4066","IfcPile","Tiefgründung Vorgefertigter Betonpfahl"
"4067","IfcPile","Tiefgründung Vorgefertigter Betonpfahl"
"4068","IfcPile","Tiefgründung Ortbetonbohrpfahl 700"
"4069","IfcPile","Bohrpfahlbeton"
"4069","IfcPile","Tiefgründung Ortbetonbohrpfahl 700"
"4069","IfcPile","Tiefgründung Vorgefertigter Betonpfahl"
"4070","IfcPile","Tiefgründung Ortbetonbohrpfahl 700"
"4071","IfcPile","Tiefgründung Vorgefertigter Betonpfahl"
"4072","IfcPile","Bohrpfahlbeton"
"4072","IfcPile","Tiefgründung Ortbetonbohrpfahl 900"
"4072","IfcPile","Tiefgründung Vorgefertigter Betonpfahl"
"4073","IfcPile","Tiefgründung Vorgefertigter Betonpfahl"
"4074","IfcPile","Tiefgründung Ortbetonbohrpfahl 900"
"4075","IfcPile","Bohrpfahlbeton"
"4075","IfcPile","Tiefgründung Ortbetonbohrpfahl 900"
"4075","IfcPile","Tiefgründung Vorgefertigter Betonpfahl"
"4076","IfcPile","Tiefgründung Vorgefertigter Betonpfahl"
"4077","IfcPile","Tiefgründung Ortbetonbohrpfahl 900"
"4078","IfcPile","Bohrpfahlbeton"
"4078","IfcPile","Tiefgründung Ortbetonbohrpfahl 1200"
"4078","IfcPile","Tiefgründung Vorgefertigter Betonpfahl"
"4079","IfcPile","Tiefgründung Vorgefertigter Betonpfahl"
"4080","IfcPile","Tiefgründung Ortbetonbohrpfahl 1200"
"4081","IfcPile","Tiefgründung Mikrobohrpfahl"
"4082","IfcPile","Tiefgründung Mikrobohrpfahl"
"4083","IfcPile","Tiefgründung Mikrobohrpfahl"
"4084","IfcPile","Tiefgründung Ortbetonbohrpfahl 700"
"4085","IfcPile","Tiefgründung Ortbetonbohrpfahl 700"
"4086","IfcPile","Tiefgründung Ortbetonbohrpfahl 700"
"4087","IfcPile","Tiefgründung Ortbetonbohrpfahl 700"
"4088","IfcPile","Tiefgründung Ortbetonbohrpfahl 900"
"4089","IfcPile","Tiefgründung Ortbetonbohrpfahl 900"
"4090","IfcPile","Tiefgründung Ortbetonbohrpfahl 1200"
"4091","IfcPile","Tiefgründung Mikrobohrpfahl"
"4092","IfcPile","Tiefgründung Vorgefertigter Betonpfahl"
"4093","IfcPile","Tiefgründung Ortbetonbohrpfahl 900"
"4094","IfcPile","Tiefgründung Vorgefertigter Betonpfahl"
"4095","IfcPile","Tiefgründung Vorgefertigter Betonpfahl"
"4096","IfcPile","Tiefgründung Mikrobohrpfahl"
"4097","IfcPile","Tiefgründung Vorgefertigter Betonpfahl"
"4098","IfcPile","Tiefgründung Vorgefertigter Betonpfahl"
"4099","IfcPile","Tiefgründung Ortbetonbohrpfahl 900"
"4100","IfcPile","Tiefgründung Mikrobohrpfahl"
"4101","IfcPile","Tiefgründung Vorgefertigter Betonpfahl"
"4102","IfcPile","Tiefgründung Ortbetonbohrpfahl 1200"
"4103","IfcPile","Tiefgründung Vorgefertigter Betonpfahl"
"4104","IfcPile","Tiefgründung Mikrobohrpfahl"
"4105","IfcPile","Tiefgründung Vorgefertigter Betonpfahl"
"4106","IfcPile","Tiefgründung Ortbetonbohrpfahl 700"
"4107","IfcPile","Tiefgründung Ortbetonbohrpfahl 700"
"4108","IfcPile","Tiefgründung Vorgefertigter Betonpfahl"
"4109","IfcPile","Tiefgründung Vorgefertigter Betonpfahl"
"4110","IfcPile","Tiefgründung Mikrobohrpfahl"
"4111","IfcPile","Tiefgründung Ortbetonbohrpfahl 700"
"4112","IfcPile","Tiefgründung Ortbetonbohrpfahl 900"
"4113","IfcPile","Tiefgründung Mikrobohrpfahl"
"4114","IfcPile","Tiefgründung Mikrobohrpfahl"
"4115","IfcPile","Tiefgründung Mikrobohrpfahl"
"4116","IfcPile","Tiefgründung Ortbetonbohrpfahl 700"
"4117","IfcPile","Tiefgründung Ortbetonbohrpfahl 700"
"4118","IfcPile","Tiefgründung Ortbetonbohrpfahl 700"
"4119","IfcPile","Tiefgründung Ortbetonbohrpfahl 700"
"4120","IfcPile","Tiefgründung Ortbetonbohrpfahl 900"
"4121","IfcPile","Tiefgründung Ortbetonbohrpfahl 900"
"4122","IfcPile","Tiefgründung Ortbetonbohrpfahl 1200"
"4123","IfcPile","Tiefgründung Ortbetonbohrpfahl 700"
"4124","IfcPile","Tiefgründung Ortbetonbohrpfahl 700"
"4125","IfcPile","Tiefgründung Vorgefertigter Betonpfahl"
"4126","IfcPile","Tiefgründung Ortbetonbohrpfahl 700"
"4127","IfcPile","Tiefgründung Ortbetonbohrpfahl 1200"
"4128","IfcPile","Tiefgründung Vorgefertigter Betonpfahl"
"4129","IfcPile","Tiefgründung Ortbetonbohrpfahl 700"
"4130","IfcPile","Tiefgründung Ortbetonbohrpfahl 700"
"4131","IfcPile","Tiefgründung Vorgefertigter Betonpfahl"
"4132","IfcPile","Tiefgründung Ortbetonbohrpfahl 1200"
"4133","IfcPile","Tiefgründung Ortbetonbohrpfahl 700"
"4134","IfcPile","Tiefgründung Vorgefertigter Betonpfahl"
"4135","IfcPile","Tiefgründung Ortbetonbohrpfahl 900"
"4136","IfcPile","Tiefgründung Vorgefertigter Betonpfahl"
"4137","IfcPile","Tiefgründung Vorgefertigter Betonpfahl"
"4138","IfcPile","Tiefgründung Vorgefertigter Betonpfahl"
"4139","IfcPile","Tiefgründung Vorgefertigter Betonpfahl"
"4140","IfcPile","Tiefgründung Ortbetonbohrpfahl 900"
"4141","IfcPile","Tiefgründung Vorgefertigter Betonpfahl"
"4142","IfcPile","Tiefgründung Ortbetonbohrpfahl 1200"
"4143","IfcPile","Tiefgründung Mikrobohrpfahl"
"4144","IfcPile","Tiefgründung Vorgefertigter Betonpfahl"
"4145","IfcPile","Tiefgründung Ortbetonbohrpfahl 700"
"4146","IfcPile","Tiefgründung Ortbetonbohrpfahl 700"
"4147","IfcPile","Tiefgründung Ortbetonbohrpfahl 900"
"4148","IfcPile","Tiefgründung Ortbetonbohrpfahl 1200"
"4149","IfcPile","Tiefgründung Mikrobohrpfahl"
"4150","IfcPile","Tiefgründung Mikrobohrpfahl"
"4151","IfcPile","Tiefgründung Mikrobohrpfahl"
"4152","IfcPile","Tiefgründung Ortbetonbohrpfahl 700"
"4153","IfcPile","Tiefgründung Ortbetonbohrpfahl 700"
"4154","IfcPile","Tiefgründung Ortbetonbohrpfahl 700"
"4155","IfcPile","Tiefgründung Ortbetonbohrpfahl 900"
"4156","IfcPile","Tiefgründung Ortbetonbohrpfahl 900"
"4157","IfcPile","Tiefgründung Ortbetonbohrpfahl 1200"
"4158","IfcPile","Tiefgründung Mikrobohrpfahl"
"4159","IfcPile","Tiefgründung Vorgefertigter Betonpfahl"
"4160","IfcPile","Tiefgründung Vorgefertigter Betonpfahl"
"4161","IfcPile","Tiefgründung Vorgefertigter Betonpfahl"
"4162","IfcPile","Tiefgründung Vorgefertigter Betonpfahl"
"4163","IfcPile","Tiefgründung Vorgefertigter Betonpfahl"
"4164","IfcPile","Tiefgründung Mikrobohrpfahl"
"4165","IfcPile","Tiefgründung Mikrobohrpfahl"
"4166","IfcPile","Tiefgründung Vorgefertigter Betonpfahl"
"4167","IfcPile","Tiefgründung Ortbetonbohrpfahl 700"
"4168","IfcPile","Tiefgründung Ortbetonbohrpfahl 700"
"4169","IfcPile","Tiefgründung Ortbetonbohrpfahl 900"
"4170","IfcPile","Tiefgründung Vorgefertigter Betonpfahl"
"4171","IfcPile","Tiefgründung Vorgefertigter Betonpfahl"
"4172","IfcPile","Tiefgründung Vorgefertigter Betonpfahl"
"4173","IfcPile","Tiefgründung Vorgefertigter Betonpfahl"
"4174","IfcPile","Tiefgründung Mikrobohrpfahl"
"4175","IfcPile","Tiefgründung Ortbetonbohrpfahl 700"
"4176","IfcPile","Tiefgründung Vorgefertigter Betonpfahl"
"4177","IfcPile","Tiefgründung Vorgefertigter Betonpfahl"
"4178","IfcPile","Tiefgründung Vorgefertigter Betonpfahl"
"4179","IfcPile","Tiefgründung Vorgefertigter Betonpfahl"
"4180","IfcPile","Tiefgründung Vorgefertigter Betonpfahl"
"4181","IfcPile","Tiefgründung Vorgefertigter Betonpfahl"
"4182","IfcPile","Tiefgründung Vorgefertigter Betonpfahl"
"4183","IfcPile","Tiefgründung Mikrobohrpfahl"
"4184","IfcPile","Tiefgründung Mikrobohrpfahl"
"4185","IfcPile","Tiefgründung Mikrobohrpfahl"
"4186","IfcPile","Tiefgründung Ortbetonbohrpfahl 700"
"4187","IfcPile","Tiefgründung Ortbetonbohrpfahl 700"
"4188","IfcPile","Tiefgründung Ortbetonbohrpfahl 700"
"4189","IfcPile","Tiefgründung Ortbetonbohrpfahl 700"
"4190","IfcPile","Tiefgründung Ortbetonbohrpfahl 900"
"4191","IfcPile","Tiefgründung Ortbetonbohrpfahl 900"
"4192","IfcPile","Tiefgründung Ortbetonbohrpfahl 1200"
"4193","IfcPile","Tiefgründung Mikrobohrpfahl"
"4194","IfcPile","Tiefgründung Vorgefertigter Betonpfahl"
"4195","IfcPile","Tiefgründung Vorgefertigter Betonpfahl"
"4196","IfcPile","Tiefgründung Ortbetonbohrpfahl 700"
"4197","IfcPile","Tiefgründung Ortbetonbohrpfahl 900"
"4198","IfcPile","Tiefgründung Vorgefertigter Betonpfahl"
"4199","IfcPile","Tiefgründung Vorgefertigter Betonpfahl"
"4200","IfcPile","Tiefgründung Vorgefertigter Betonpfahl"
"4201","IfcPile","Tiefgründung Mikrobohrpfahl"
"4202","IfcPile","Tiefgründung Mikrobohrpfahl"
"4203","IfcPile","Tiefgründung Vorgefertigter Betonpfahl"
"4204","IfcPile","Tiefgründung Vorgefertigter Betonpfahl"
"4205","IfcPile","Tiefgründung Vorgefertigter Betonpfahl"
"4206","IfcPile","Tiefgründung Ortbetonbohrpfahl 700"
"4207","IfcPile","Tiefgründung Ortbetonbohrpfahl 700"
"4208","IfcPile","Tiefgründung Ortbetonbohrpfahl 700"
"4209","IfcPile","Tiefgründung Ortbetonbohrpfahl 900"
"4210","IfcPile","Tiefgründung Vorgefertigter Betonpfahl"
"4211","IfcPile","Tiefgründung Mikrobohrpfahl"
"4212","IfcPile","Tiefgründung Vorgefertigter Betonpfahl"
"4213","IfcPile","Tiefgründung Vorgefertigter Betonpfahl"
"4214","IfcPile","Tiefgründung Ortbetonbohrpfahl 700"
"4215","IfcPile","Tiefgründung Ortbetonbohrpfahl 900"
"4216","IfcPile","Tiefgründung Mikrobohrpfahl"
"4217","IfcPile","Tiefgründung Ortbetonbohrpfahl 700"
"4218","IfcPile","Tiefgründung Vorgefertigter Betonpfahl"
"4219","IfcPile","Tiefgründung Vorgefertigter Betonpfahl"
"4220","IfcPile","Bohrpfahlbeton"
"4220","IfcPile","Tiefgründung Mikrobohrpfahl"
"4220","IfcPile","Tiefgründung Vorgefertigter Betonpfahl"
"4221","IfcPile","Tiefgründung Mikrobohrpfahl"
"4222","IfcPile","Tiefgründung Mikrobohrpfahl"
"4223","IfcPile","Bohrpfahlbeton"
"4223","IfcPile","Tiefgründung Mikrobohrpfahl"
"4223","IfcPile","Tiefgründung Vorgefertigter Betonpfahl"
"4224","IfcPile","Tiefgründung Mikrobohrpfahl"
"4225","IfcPile","Tiefgründung Mikrobohrpfahl"
"4226","IfcPile","Bohrpfahlbeton"
"4226","IfcPile","Tiefgründung Mikrobohrpfahl"
"4226","IfcPile","Tiefgründung Vorgefertigter Betonpfahl"
"4227","IfcPile","Tiefgründung Mikrobohrpfahl"
"4228","IfcPile","Tiefgründung Mikrobohrpfahl"
"4229","IfcPile","Bohrpfahlbeton"
"4229","IfcPile","Tiefgründung Ortbetonbohrpfahl 700"
"4229","IfcPile","Tiefgründung Vorgefertigter Betonpfahl"
"4230","IfcPile","Tiefgründung Ortbetonbohrpfahl 700"
"4231","IfcPile","Tiefgründung Ortbetonbohrpfahl 700"
"4232","IfcPile","Bohrpfahlbeton"
"4232","IfcPile","Tiefgründung Ortbetonbohrpfahl 700"
"4232","IfcPile","Tiefgründung Vorgefertigter Betonpfahl"
"4233","IfcPile","Tiefgründung Ortbetonbohrpfahl 700"
"4234","IfcPile","Tiefgründung Ortbetonbohrpfahl 700"
"4235","IfcPile","Bohrpfahlbeton"
"4235","IfcPile","Tiefgründung Ortbetonbohrpfahl 700"
"4235","IfcPile","Tiefgründung Vorgefertigter Betonpfahl"
"4236","IfcPile","Tiefgründung Ortbetonbohrpfahl 700"
"4237","IfcPile","Tiefgründung Ortbetonbohrpfahl 700"
"4238","IfcPile","Bohrpfahlbeton"
"4238","IfcPile","Tiefgründung Ortbetonbohrpfahl 700"
"4238","IfcPile","Tiefgründung Vorgefertigter Betonpfahl"
"4239","IfcPile","Tiefgründung Ortbetonbohrpfahl 700"
"4240","IfcPile","Tiefgründung Ortbetonbohrpfahl 700"
"4241","IfcPile","Bohrpfahlbeton"
"4241","IfcPile","Tiefgründung Ortbetonbohrpfahl 900"
"4241","IfcPile","Tiefgründung Vorgefertigter Betonpfahl"
"4242","IfcPile","Tiefgründung Ortbetonbohrpfahl 900"
"4243","IfcPile","Tiefgründung Ortbetonbohrpfahl 900"
"4244","IfcPile","Bohrpfahlbeton"
"4244","IfcPile","Tiefgründung Ortbetonbohrpfahl 900"
"4244","IfcPile","Tiefgründung Vorgefertigter Betonpfahl"
"4245","IfcPile","Tiefgründung Ortbetonbohrpfahl 900"
"4246","IfcPile","Tiefgründung Ortbetonbohrpfahl 900"
"4247","IfcPile","Bohrpfahlbeton"
"4247","IfcPile","Tiefgründung Ortbetonbohrpfahl 1200"
"4247","IfcPile","Tiefgründung Vorgefertigter Betonpfahl"
"4248","IfcPile","Tiefgründung Ortbetonbohrpfahl 1200"
"4249","IfcPile","Tiefgründung Ortbetonbohrpfahl 1200"
"4250","IfcPile","Bohrpfahlbeton"
"4250","IfcPile","Tiefgründung Mikrobohrpfahl"
"4250","IfcPile","Tiefgründung Vorgefertigter Betonpfahl"
"4251","IfcPile","Tiefgründung Mikrobohrpfahl"
"4252","IfcPile","Bohrpfahlbeton"
"4252","IfcPile","Tiefgründung Mikrobohrpfahl"
"4252","IfcPile","Tiefgründung Vorgefertigter Betonpfahl"
"4253","IfcPile","Tiefgründung Mikrobohrpfahl"
"4254","IfcPile","Bohrpfahlbeton"
"4254","IfcPile","Tiefgründung Mikrobohrpfahl"
"4254","IfcPile","Tiefgründung Vorgefertigter Betonpfahl"
"4255","IfcPile","Tiefgründung Mikrobohrpfahl"
"4256","IfcPile","Bohrpfahlbeton"
"4256","IfcPile","Tiefgründung Ortbetonbohrpfahl 700"
"4256","IfcPile","Tiefgründung Vorgefertigter Betonpfahl"
"4257","IfcPile","Tiefgründung Ortbetonbohrpfahl 700"
"4258","IfcPile","Bohrpfahlbeton"
"4258","IfcPile","Tiefgründung Ortbetonbohrpfahl 700"
"4258","IfcPile","Tiefgründung Vorgefertigter Betonpfahl"
"4259","IfcPile","Tiefgründung Ortbetonbohrpfahl 700"
"4260","IfcPile","Bohrpfahlbeton"
"4260","IfcPile","Tiefgründung Ortbetonbohrpfahl 700"
"4260","IfcPile","Tiefgründung Vorgefertigter Betonpfahl"
"4261","IfcPile","Tiefgründung Ortbetonbohrpfahl 700"
"4262","IfcPile","Bohrpfahlbeton"
"4262","IfcPile","Tiefgründung Ortbetonbohrpfahl 700"
"4262","IfcPile","Tiefgründung Vorgefertigter Betonpfahl"
"4263","IfcPile","Tiefgründung Ortbetonbohrpfahl 700"
"4264","IfcPile","Bohrpfahlbeton"
"4264","IfcPile","Tiefgründung Ortbetonbohrpfahl 900"
"4264","IfcPile","Tiefgründung Vorgefertigter Betonpfahl"
"4265","IfcPile","Tiefgründung Ortbetonbohrpfahl 900"
"4266","IfcPile","Bohrpfahlbeton"
"4266","IfcPile","Tiefgründung Ortbetonbohrpfahl 900"
"4266","IfcPile","Tiefgründung Vorgefertigter Betonpfahl"
"4267","IfcPile","Tiefgründung Ortbetonbohrpfahl 900"
"4268","IfcPile","Bohrpfahlbeton"
"4268","IfcPile","Tiefgründung Ortbetonbohrpfahl 1200"
"4268","IfcPile","Tiefgründung Vorgefertigter Betonpfahl"
"4269","IfcPile","Tiefgründung Ortbetonbohrpfahl 1200"
"4270","IfcPile","Bohrpfahlbeton"
"4270","IfcPile","Tiefgründung Mikrobohrpfahl"
"4270","IfcPile","Tiefgründung Vorgefertigter Betonpfahl"
"4271","IfcPile","Tiefgründung Mikrobohrpfahl"
"4272","IfcPile","Bohrpfahlbeton"
"4272","IfcPile","Tiefgründung Mikrobohrpfahl"
"4272","IfcPile","Tiefgründung Vorgefertigter Betonpfahl"
"4273","IfcPile","Tiefgründung Mikrobohrpfahl"
"4274","IfcPile","Bohrpfahlbeton"
"4274","IfcPile","Tiefgründung Mikrobohrpfahl"
"4274","IfcPile","Tiefgründung Vorgefertigter Betonpfahl"
"4275","IfcPile","Tiefgründung Mikrobohrpfahl"
"4276","IfcPile","Bohrpfahlbeton"
"4276","IfcPile","Tiefgründung Ortbetonbohrpfahl 700"
"4276","IfcPile","Tiefgründung Vorgefertigter Betonpfahl"
"4277","IfcPile","Tiefgründung Ortbetonbohrpfahl 700"
"4278","IfcPile","Bohrpfahlbeton"
"4278","IfcPile","Tiefgründung Ortbetonbohrpfahl 700"
"4278","IfcPile","Tiefgründung Vorgefertigter Betonpfahl"
"4279","IfcPile","Tiefgründung Ortbetonbohrpfahl 700"
"4280","IfcPile","Bohrpfahlbeton"
"4280","IfcPile","Tiefgründung Ortbetonbohrpfahl 700"
"4280","IfcPile","Tiefgründung Vorgefertigter Betonpfahl"
"4281","IfcPile","Tiefgründung Ortbetonbohrpfahl 700"
"4282","IfcPile","Bohrpfahlbeton"
"4282","IfcPile","Tiefgründung Ortbetonbohrpfahl 700"
"4282","IfcPile","Tiefgründung Vorgefertigter Betonpfahl"
"4283","IfcPile","Tiefgründung Ortbetonbohrpfahl 700"
"4284","IfcPile","Bohrpfahlbeton"
"4284","IfcPile","Tiefgründung Ortbetonbohrpfahl 900"
"4284","IfcPile","Tiefgründung Vorgefertigter Betonpfahl"
"4285","IfcPile","Tiefgründung Ortbetonbohrpfahl 900"
"4286","IfcPile","Bohrpfahlbeton"
"4286","IfcPile","Tiefgründung Ortbetonbohrpfahl 900"
"4286","IfcPile","Tiefgründung Vorgefertigter Betonpfahl"
"4287","IfcPile","Tiefgründung Ortbetonbohrpfahl 900"
"4288","IfcPile","Bohrpfahlbeton"
"4288","IfcPile","Tiefgründung Ortbetonbohrpfahl 1200"
"4288","IfcPile","Tiefgründung Vorgefertigter Betonpfahl"
"4289","IfcPile","Tiefgründung Ortbetonbohrpfahl 1200"
"4290","IfcPile","Bohrpfahlbeton"
"4290","IfcPile","Tiefgründung Mikrobohrpfahl"
"4290","IfcPile","Tiefgründung Vorgefertigter Betonpfahl"
"4291","IfcPile","Tiefgründung Mikrobohrpfahl"
"4292","IfcPile","Bohrpfahlbeton"
"4292","IfcPile","Tiefgründung Mikrobohrpfahl"
"4292","IfcPile","Tiefgründung Vorgefertigter Betonpfahl"
"4293","IfcPile","Tiefgründung Mikrobohrpfahl"
"4294","IfcPile","Bohrpfahlbeton"
"4294","IfcPile","Tiefgründung Mikrobohrpfahl"
"4294","IfcPile","Tiefgründung Vorgefertigter Betonpfahl"
"4295","IfcPile","Tiefgründung Mikrobohrpfahl"
"4296","IfcPile","Bohrpfahlbeton"
"4296","IfcPile","Tiefgründung Ortbetonbohrpfahl 700"
"4296","IfcPile","Tiefgründung Vorgefertigter Betonpfahl"
"4297","IfcPile","Tiefgründung Ortbetonbohrpfahl 700"
"4298","IfcPile","Bohrpfahlbeton"
"4298","IfcPile","Tiefgründung Ortbetonbohrpfahl 700"
"4298","IfcPile","Tiefgründung Vorgefertigter Betonpfahl"
"4299","IfcPile","Tiefgründung Ortbetonbohrpfahl 700"
"4300","IfcPile","Bohrpfahlbeton"
"4300","IfcPile","Tiefgründung Ortbetonbohrpfahl 700"
"4300","IfcPile","Tiefgründung Vorgefertigter Betonpfahl"
"4301","IfcPile","Tiefgründung Ortbetonbohrpfahl 700"
"4302","IfcPile","Bohrpfahlbeton"
"4302","IfcPile","Tiefgründung Ortbetonbohrpfahl 700"
"4302","IfcPile","Tiefgründung Vorgefertigter Betonpfahl"
"4303","IfcPile","Tiefgründung Ortbetonbohrpfahl 700"
"4304","IfcPile","Bohrpfahlbeton"
"4304","IfcPile","Tiefgründung Ortbetonbohrpfahl 900"
"4304","IfcPile","Tiefgründung Vorgefertigter Betonpfahl"
"4305","IfcPile","Tiefgründung Ortbetonbohrpfahl 900"
"4306","IfcPile","Bohrpfahlbeton"
"4306","IfcPile","Tiefgründung Ortbetonbohrpfahl 900"
"4306","IfcPile","Tiefgründung Vorgefertigter Betonpfahl"
"4307","IfcPile","Tiefgründung Ortbetonbohrpfahl 900"
"4308","IfcPile","Bohrpfahlbeton"
"4308","IfcPile","Tiefgründung Ortbetonbohrpfahl 1200"
"4308","IfcPile","Tiefgründung Vorgefertigter Betonpfahl"
"4309","IfcPile","Tiefgründung Ortbetonbohrpfahl 1200"
"4310","IfcPile","Bohrpfahlbeton"
"4310","IfcPile","Tiefgründung Mikrobohrpfahl"
"4310","IfcPile","Tiefgründung Vorgefertigter Betonpfahl"
"4311","IfcPile","Tiefgründung Mikrobohrpfahl"
"4312","IfcPile","Bohrpfahlbeton"
"4312","IfcPile","Tiefgründung Mikrobohrpfahl"
"4312","IfcPile","Tiefgründung Vorgefertigter Betonpfahl"
"4313","IfcPile","Tiefgründung Mikrobohrpfahl"
"4314","IfcPile","Bohrpfahlbeton"
"4314","IfcPile","Tiefgründung Mikrobohrpfahl"
"4314","IfcPile","Tiefgründung Vorgefertigter Betonpfahl"
"4315","IfcPile","Tiefgründung Mikrobohrpfahl"
"4316","IfcPile","Bohrpfahlbeton"
"4316","IfcPile","Tiefgründung Ortbetonbohrpfahl 700"
"4316","IfcPile","Tiefgründung Vorgefertigter Betonpfahl"
"4317","IfcPile","Tiefgründung Ortbetonbohrpfahl 700"
"4318","IfcPile","Bohrpfahlbeton"
"4318","IfcPile","Tiefgründung Ortbetonbohrpfahl 700"
"4318","IfcPile","Tiefgründung Vorgefertigter Betonpfahl"
"4319","IfcPile","Tiefgründung Ortbetonbohrpfahl 700"
"4320","IfcPile","Bohrpfahlbeton"
"4320","IfcPile","Tiefgründung Ortbetonbohrpfahl 700"
"4320","IfcPile","Tiefgründung Vorgefertigter Betonpfahl"
"4321","IfcPile","Tiefgründung Ortbetonbohrpfahl 700"
"4322","IfcPile","Bohrpfahlbeton"
"4322","IfcPile","Tiefgründung Ortbetonbohrpfahl 700"
"4322","IfcPile","Tiefgründung Vorgefertigter Betonpfahl"
"4323","IfcPile","Tiefgründung Ortbetonbohrpfahl 700"
"4324","IfcPile","Bohrpfahlbeton"
"4324","IfcPile","Tiefgründung Ortbetonbohrpfahl 900"
"4324","IfcPile","Tiefgründung Vorgefertigter Betonpfahl"
"4325","IfcPile","Tiefgründung Ortbetonbohrpfahl 900"
"4326","IfcPile","Bohrpfahlbeton"
"4326","IfcPile","Tiefgründung Ortbetonbohrpfahl 900"
"4326","IfcPile","Tiefgründung Vorgefertigter Betonpfahl"
"4327","IfcPile","Tiefgründung Ortbetonbohrpfahl 900"
"4328","IfcPile","Bohrpfahlbeton"
"4328","IfcPile","Tiefgründung Ortbetonbohrpfahl 1200"
"4328","IfcPile","Tiefgründung Vorgefertigter Betonpfahl"
"4329","IfcPile","Tiefgründung Ortbetonbohrpfahl 1200"
"4330","IfcPile","Bohrpfahlbeton"
"4330","IfcPile","Tiefgründung Mikrobohrpfahl"
"4330","IfcPile","Tiefgründung Vorgefertigter Betonpfahl"
"4331","IfcPile","Tiefgründung Mikrobohrpfahl"
"4332","IfcPile","Bohrpfahlbeton"
"4332","IfcPile","Tiefgründung Mikrobohrpfahl"
"4332","IfcPile","Tiefgründung Vorgefertigter Betonpfahl"
"4333","IfcPile","Tiefgründung Mikrobohrpfahl"
"4334","IfcPile","Bohrpfahlbeton"
"4334","IfcPile","Tiefgründung Mikrobohrpfahl"
"4334","IfcPile","Tiefgründung Vorgefertigter Betonpfahl"
"4335","IfcPile","Tiefgründung Mikrobohrpfahl"
"4336","IfcPile","Bohrpfahlbeton"
"4336","IfcPile","Tiefgründung Ortbetonbohrpfahl 700"
"4336","IfcPile","Tiefgründung Vorgefertigter Betonpfahl"
"4337","IfcPile","Tiefgründung Ortbetonbohrpfahl 700"
"4338","IfcPile","Bohrpfahlbeton"
"4338","IfcPile","Tiefgründung Ortbetonbohrpfahl 700"
"4338","IfcPile","Tiefgründung Vorgefertigter Betonpfahl"
"4339","IfcPile","Tiefgründung Ortbetonbohrpfahl 700"
"4340","IfcPile","Bohrpfahlbeton"
"4340","IfcPile","Tiefgründung Ortbetonbohrpfahl 700"
"4340","IfcPile","Tiefgründung Vorgefertigter Betonpfahl"
"4341","IfcPile","Tiefgründung Ortbetonbohrpfahl 700"
"4342","IfcPile","Bohrpfahlbeton"
"4342","IfcPile","Tiefgründung Ortbetonbohrpfahl 700"
"4342","IfcPile","Tiefgründung Vorgefertigter Betonpfahl"
"4343","IfcPile","Tiefgründung Ortbetonbohrpfahl 700"
"4344","IfcPile","Bohrpfahlbeton"
"4344","IfcPile","Tiefgründung Ortbetonbohrpfahl 900"
"4344","IfcPile","Tiefgründung Vorgefertigter Betonpfahl"
"4345","IfcPile","Tiefgründung Ortbetonbohrpfahl 900"
"4346","IfcPile","Bohrpfahlbeton"
"4346","IfcPile","Tiefgründung Ortbetonbohrpfahl 900"
"4346","IfcPile","Tiefgründung Vorgefertigter Betonpfahl"
"4347","IfcPile","Tiefgründung Ortbetonbohrpfahl 900"
"4348","IfcPile","Bohrpfahlbeton"
"4348","IfcPile","Tiefgründung Ortbetonbohrpfahl 1200"
"4348","IfcPile","Tiefgründung Vorgefertigter Betonpfahl"
"4349","IfcPile","Tiefgründung Ortbetonbohrpfahl 1200"
"4350","IfcPile","Tiefgründung Mikrobohrpfahl"
"4351","IfcPile","Tiefgründung Mikrobohrpfahl"
"4352","IfcPile","Tiefgründung Ortbetonbohrpfahl 700"
"4353","IfcPile","Tiefgründung Ortbetonbohrpfahl 700"
"4354","IfcPile","Tiefgründung Ortbetonbohrpfahl 700"
"4355","IfcPile","Tiefgründung Ortbetonbohrpfahl 900"
"4356","IfcPile","Tiefgründung Ortbetonbohrpfahl 900"
"4357","IfcPile","Tiefgründung Mikrobohrpfahl"
"4358","IfcPile","Tiefgründung Ortbetonbohrpfahl 700"
"4359","IfcPile","Tiefgründung Ortbetonbohrpfahl 900"
"4360","IfcPile","Tiefgründung Mikrobohrpfahl"
"4361","IfcPile","Tiefgründung Ortbetonbohrpfahl 900"
"4362","IfcPile","Tiefgründung Ortbetonbohrpfahl 900"
"4363","IfcPile","Tiefgründung Mikrobohrpfahl"
"4364","IfcPile","Tiefgründung Ortbetonbohrpfahl 700"
"4365","IfcPile","Tiefgründung Ortbetonbohrpfahl 700"
"4366","IfcPile","Tiefgründung Ortbetonbohrpfahl 700"
"4367","IfcPile","Tiefgründung Mikrobohrpfahl"
"4368","IfcPile","Tiefgründung Ortbetonbohrpfahl 700"
"4369","IfcPile","Tiefgründung Ortbetonbohrpfahl 900"
"4370","IfcPile","Tiefgründung Mikrobohrpfahl"
"4371","IfcPile","Tiefgründung Ortbetonbohrpfahl 700"
"4372","IfcPile","Tiefgründung Ortbetonbohrpfahl 700"
"4373","IfcPile","Tiefgründung Ortbetonbohrpfahl 700"
"4374","IfcPile","Tiefgründung Ortbetonbohrpfahl 700"
"4375","IfcPile","Tiefgründung Ortbetonbohrpfahl 900"
"4376","IfcPile","Tiefgründung Ortbetonbohrpfahl 900"
"4377","IfcPile","Tiefgründung Ortbetonbohrpfahl 1200"
"4378","IfcPile","Tiefgründung Mikrobohrpfahl"
"4379","IfcPile","Tiefgründung Ortbetonbohrpfahl 700"
"4380","IfcPile","Tiefgründung Ortbetonbohrpfahl 700"
"4381","IfcPile","Tiefgründung Ortbetonbohrpfahl 700"
"4382","IfcPile","Tiefgründung Ortbetonbohrpfahl 1200"
"4383","IfcPile","Tiefgründung Ortbetonbohrpfahl 700"
"4384","IfcPile","Tiefgründung Ortbetonbohrpfahl 700"
"4385","IfcPile","Tiefgründung Ortbetonbohrpfahl 700"
"4386","IfcPile","Tiefgründung Ortbetonbohrpfahl 700"
"4387","IfcPile","Tiefgründung Ortbetonbohrpfahl 900"
"4388","IfcPile","Tiefgründung Ortbetonbohrpfahl 900"
"4389","IfcPile","Tiefgründung Ortbetonbohrpfahl 1200"
"4390","IfcPile","Tiefgründung Ortbetonbohrpfahl 900"
"4391","IfcPile","Tiefgründung Ortbetonbohrpfahl 700"
"4392","IfcPile","Tiefgründung Ortbetonbohrpfahl 900"
"4393","IfcPile","Tiefgründung Mikrobohrpfahl"
"4394","IfcPile","Tiefgründung Mikrobohrpfahl"
"4395","IfcPile","Tiefgründung Mikrobohrpfahl"
"4396","IfcPile","Tiefgründung Ortbetonbohrpfahl 700"
"4397","IfcPile","Tiefgründung Ortbetonbohrpfahl 700"
"4398","IfcPile","Tiefgründung Ortbetonbohrpfahl 700"
"4399","IfcPile","Tiefgründung Ortbetonbohrpfahl 900"
"4400","IfcPile","Tiefgründung Ortbetonbohrpfahl 1200"
"4401","IfcPile","Tiefgründung Ortbetonbohrpfahl 900"
"4402","IfcPile","Tiefgründung Mikrobohrpfahl"
"4403","IfcPile","Tiefgründung Ortbetonbohrpfahl 700"
"4404","IfcPile","Tiefgründung Mikrobohrpfahl"
"4405","IfcPile","Tiefgründung Mikrobohrpfahl"
"4406","IfcPile","Tiefgründung Mikrobohrpfahl"
"4407","IfcPile","Tiefgründung Ortbetonbohrpfahl 700"
"4408","IfcPile","Tiefgründung Ortbetonbohrpfahl 700"
"4409","IfcPile","Tiefgründung Mikrobohrpfahl"
"4410","IfcPile","Tiefgründung Mikrobohrpfahl"
"4411","IfcPile","Tiefgründung Ortbetonbohrpfahl 700"
"4412","IfcPile","Tiefgründung Ortbetonbohrpfahl 700"
"4413","IfcPile","Tiefgründung Ortbetonbohrpfahl 1200"
"4414","IfcPile","Tiefgründung Mikrobohrpfahl"
"4415","IfcPile","Tiefgründung Mikrobohrpfahl"
"4416","IfcPile","Tiefgründung Mikrobohrpfahl"
"4417","IfcPile","Tiefgründung Ortbetonbohrpfahl 700"
"4418","IfcPile","Tiefgründung Ortbetonbohrpfahl 700"
"4419","IfcPile","Tiefgründung Ortbetonbohrpfahl 900"
"4420","IfcPile","Tiefgründung Ortbetonbohrpfahl 1200"
"4421","IfcPile","Tiefgründung Mikrobohrpfahl"
"4422","IfcPile","Tiefgründung Mikrobohrpfahl"
"4423","IfcPile","Tiefgründung Ortbetonbohrpfahl 1200"
"4424","IfcPile","Tiefgründung Mikrobohrpfahl"
"4425","IfcPile","Tiefgründung Ortbetonbohrpfahl 700"
"4426","IfcPile","Tiefgründung Mikrobohrpfahl"
"4427","IfcPile","Tiefgründung Ortbetonbohrpfahl 700"
"4428","IfcPile","Tiefgründung Ortbetonbohrpfahl 900"
"4429","IfcPile","Tiefgründung Ortbetonbohrpfahl 1200"
"4430","IfcPile","Bohrpfahlbeton"
"4430","IfcPile","Tiefgründung Mikrobohrpfahl"
"4430","IfcPile","Tiefgründung Vorgefertigter Betonpfahl"
"4431","IfcPile","Tiefgründung Mikrobohrpfahl"
"4432","IfcPile","Tiefgründung Mikrobohrpfahl"
"4433","IfcPile","Bohrpfahlbeton"
"4433","IfcPile","Tiefgründung Mikrobohrpfahl"
"4433","IfcPile","Tiefgründung Vorgefertigter Betonpfahl"
"4434","IfcPile","Tiefgründung Mikrobohrpfahl"
"4435","IfcPile","Tiefgründung Mikrobohrpfahl"
"4436","IfcPile","Bohrpfahlbeton"
"4436","IfcPile","Tiefgründung Mikrobohrpfahl"
"4436","IfcPile","Tiefgründung Vorgefertigter Betonpfahl"
"4437","IfcPile","Tiefgründung Mikrobohrpfahl"
"4438","IfcPile","Tiefgründung Mikrobohrpfahl"
"4439","IfcPile","Bohrpfahlbeton"
"4439","IfcPile","Tiefgründung Ortbetonbohrpfahl 700"
"4439","IfcPile","Tiefgründung Vorgefertigter Betonpfahl"
"4440","IfcPile","Tiefgründung Ortbetonbohrpfahl 700"
"4441","IfcPile","Tiefgründung Ortbetonbohrpfahl 700"
"4442","IfcPile","Bohrpfahlbeton"
"4442","IfcPile","Tiefgründung Ortbetonbohrpfahl 700"
"4442","IfcPile","Tiefgründung Vorgefertigter Betonpfahl"
"4443","IfcPile","Tiefgründung Ortbetonbohrpfahl 700"
"4444","IfcPile","Tiefgründung Ortbetonbohrpfahl 700"
"4445","IfcPile","Bohrpfahlbeton"
"4445","IfcPile","Tiefgründung Ortbetonbohrpfahl 700"
"4445","IfcPile","Tiefgründung Vorgefertigter Betonpfahl"
"4446","IfcPile","Tiefgründung Ortbetonbohrpfahl 700"
"4447","IfcPile","Tiefgründung Ortbetonbohrpfahl 700"
"4448","IfcPile","Bohrpfahlbeton"
"4448","IfcPile","Tiefgründung Ortbetonbohrpfahl 700"
"4448","IfcPile","Tiefgründung Vorgefertigter Betonpfahl"
"4449","IfcPile","Tiefgründung Ortbetonbohrpfahl 700"
"4450","IfcPile","Tiefgründung Ortbetonbohrpfahl 700"
"4451","IfcPile","Bohrpfahlbeton"
"4451","IfcPile","Tiefgründung Ortbetonbohrpfahl 900"
"4451","IfcPile","Tiefgründung Vorgefertigter Betonpfahl"
"4452","IfcPile","Tiefgründung Ortbetonbohrpfahl 900"
"4453","IfcPile","Tiefgründung Ortbetonbohrpfahl 900"
"4454","IfcPile","Bohrpfahlbeton"
"4454","IfcPile","Tiefgründung Ortbetonbohrpfahl 900"
"4454","IfcPile","Tiefgründung Vorgefertigter Betonpfahl"
"4455","IfcPile","Tiefgründung Ortbetonbohrpfahl 900"
"4456","IfcPile","Tiefgründung Ortbetonbohrpfahl 900"
"4457","IfcPile","Bohrpfahlbeton"
"4457","IfcPile","Tiefgründung Ortbetonbohrpfahl 1200"
"4457","IfcPile","Tiefgründung Vorgefertigter Betonpfahl"
"4458","IfcPile","Tiefgründung Ortbetonbohrpfahl 1200"
"4459","IfcPile","Tiefgründung Ortbetonbohrpfahl 1200"
"4460","IfcPile","Bohrpfahlbeton"
"4460","IfcPile","Tiefgründung Mikrobohrpfahl"
"4460","IfcPile","Tiefgründung Vorgefertigter Betonpfahl"
"4461","IfcPile","Tiefgründung Mikrobohrpfahl"
"4462","IfcPile","Bohrpfahlbeton"
"4462","IfcPile","Tiefgründung Mikrobohrpfahl"
"4462","IfcPile","Tiefgründung Vorgefertigter Betonpfahl"
"4463","IfcPile","Tiefgründung Mikrobohrpfahl"
"4464","IfcPile","Bohrpfahlbeton"
"4464","IfcPile","Tiefgründung Mikrobohrpfahl"
"4464","IfcPile","Tiefgründung Vorgefertigter Betonpfahl"
"4465","IfcPile","Tiefgründung Mikrobohrpfahl"
"4466","IfcPile","Bohrpfahlbeton"
"4466","IfcPile","Tiefgründung Ortbetonbohrpfahl 700"
"4466","IfcPile","Tiefgründung Vorgefertigter Betonpfahl"
"4467","IfcPile","Tiefgründung Ortbetonbohrpfahl 700"
"4468","IfcPile","Bohrpfahlbeton"
"4468","IfcPile","Tiefgründung Ortbetonbohrpfahl 700"
"4468","IfcPile","Tiefgründung Vorgefertigter Betonpfahl"
"4469","IfcPile","Tiefgründung Ortbetonbohrpfahl 700"
"4470","IfcPile","Bohrpfahlbeton"
"4470","IfcPile","Tiefgründung Ortbetonbohrpfahl 700"
"4470","IfcPile","Tiefgründung Vorgefertigter Betonpfahl"
"4471","IfcPile","Tiefgründung Ortbetonbohrpfahl 700"
"4472","IfcPile","Bohrpfahlbeton"
"4472","IfcPile","Tiefgründung Ortbetonbohrpfahl 700"
"4472","IfcPile","Tiefgründung Vorgefertigter Betonpfahl"
"4473","IfcPile","Tiefgründung Ortbetonbohrpfahl 700"
"4474","IfcPile","Bohrpfahlbeton"
"4474","IfcPile","Tiefgründung Ortbetonbohrpfahl 900"
"4474","IfcPile","Tiefgründung Vorgefertigter Betonpfahl"
"4475","IfcPile","Tiefgründung Ortbetonbohrpfahl 900"
"4476","IfcPile","Bohrpfahlbeton"
"4476","IfcPile","Tiefgründung Ortbetonbohrpfahl 900"
"4476","IfcPile","Tiefgründung Vorgefertigter Betonpfahl"
"4477","IfcPile","Tiefgründung Ortbetonbohrpfahl 900"
"4478","IfcPile","Bohrpfahlbeton"
"4478","IfcPile","Tiefgründung Ortbetonbohrpfahl 1200"
"4478","IfcPile","Tiefgründung Vorgefertigter Betonpfahl"
"4479","IfcPile","Tiefgründung Ortbetonbohrpfahl 1200"
"4480","IfcPile","Bohrpfahlbeton"
"4480","IfcPile","Tiefgründung Mikrobohrpfahl"
"4480","IfcPile","Tiefgründung Vorgefertigter Betonpfahl"
"4481","IfcPile","Tiefgründung Mikrobohrpfahl"
"4482","IfcPile","Bohrpfahlbeton"
"4482","IfcPile","Tiefgründung Mikrobohrpfahl"
"4482","IfcPile","Tiefgründung Vorgefertigter Betonpfahl"
"4483","IfcPile","Tiefgründung Mikrobohrpfahl"
"4484","IfcPile","Bohrpfahlbeton"
"4484","IfcPile","Tiefgründung Mikrobohrpfahl"
"4484","IfcPile","Tiefgründung Vorgefertigter Betonpfahl"
"4485","IfcPile","Tiefgründung Mikrobohrpfahl"
"4486","IfcPile","Bohrpfahlbeton"
"4486","IfcPile","Tiefgründung Ortbetonbohrpfahl 700"
"4486","IfcPile","Tiefgründung Vorgefertigter Betonpfahl"
"4487","IfcPile","Tiefgründung Ortbetonbohrpfahl 700"
"4488","IfcPile","Bohrpfahlbeton"
"4488","IfcPile","Tiefgründung Ortbetonbohrpfahl 700"
"4488","IfcPile","Tiefgründung Vorgefertigter Betonpfahl"
"4489","IfcPile","Tiefgründung Ortbetonbohrpfahl 700"
"4490","IfcPile","Bohrpfahlbeton"
"4490","IfcPile","Tiefgründung Ortbetonbohrpfahl 700"
"4490","IfcPile","Tiefgründung Vorgefertigter Betonpfahl"
"4491","IfcPile","Tiefgründung Ortbetonbohrpfahl 700"
"4492","IfcPile","Bohrpfahlbeton"
"4492","IfcPile","Tiefgründung Ortbetonbohrpfahl 700"
"4492","IfcPile","Tiefgründung Vorgefertigter Betonpfahl"
"4493","IfcPile","Tiefgründung Ortbetonbohrpfahl 700"
"4494","IfcPile","Bohrpfahlbeton"
"4494","IfcPile","Tiefgründung Ortbetonbohrpfahl 900"
"4494","IfcPile","Tiefgründung Vorgefertigter Betonpfahl"
"4495","IfcPile","Tiefgründung Ortbetonbohrpfahl 900"
"4496","IfcPile","Bohrpfahlbeton"
"4496","IfcPile","Tiefgründung Ortbetonbohrpfahl 900"
"4496","IfcPile","Tiefgründung Vorgefertigter Betonpfahl"
"4497","IfcPile","Tiefgründung Ortbetonbohrpfahl 900"
"4498","IfcPile","Bohrpfahlbeton"
"4498","IfcPile","Tiefgründung Ortbetonbohrpfahl 1200"
"4498","IfcPile","Tiefgründung Vorgefertigter Betonpfahl"
"4499","IfcPile","Tiefgründung Ortbetonbohrpfahl 1200"
"4500","IfcPile","Bohrpfahlbeton"
"4500","IfcPile","Tiefgründung Mikrobohrpfahl"
"4500","IfcPile","Tiefgründung Vorgefertigter Betonpfahl"
"4501","IfcPile","Tiefgründung Mikrobohrpfahl"
"4502","IfcPile","Bohrpfahlbeton"
"4502","IfcPile","Tiefgründung Mikrobohrpfahl"
"4502","IfcPile","Tiefgründung Vorgefertigter Betonpfahl"
"4503","IfcPile","Tiefgründung Mikrobohrpfahl"
"4504","IfcPile","Bohrpfahlbeton"
"4504","IfcPile","Tiefgründung Mikrobohrpfahl"
"4504","IfcPile","Tiefgründung Vorgefertigter Betonpfahl"
"4505","IfcPile","Tiefgründung Mikrobohrpfahl"
"4506","IfcPile","Bohrpfahlbeton"
"4506","IfcPile","Tiefgründung Ortbetonbohrpfahl 700"
"4506","IfcPile","Tiefgründung Vorgefertigter Betonpfahl"
"4507","IfcPile","Tiefgründung Ortbetonbohrpfahl 700"
"4508","IfcPile","Bohrpfahlbeton"
"4508","IfcPile","Tiefgründung Ortbetonbohrpfahl 700"
"4508","IfcPile","Tiefgründung Vorgefertigter Betonpfahl"
"4509","IfcPile","Tiefgründung Ortbetonbohrpfahl 700"
"4510","IfcPile","Bohrpfahlbeton"
"4510","IfcPile","Tiefgründung Ortbetonbohrpfahl 700"
"4510","IfcPile","Tiefgründung Vorgefertigter Betonpfahl"
"4511","IfcPile","Tiefgründung Ortbetonbohrpfahl 700"
"4512","IfcPile","Bohrpfahlbeton"
"4512","IfcPile","Tiefgründung Ortbetonbohrpfahl 700"
"4512","IfcPile","Tiefgründung Vorgefertigter Betonpfahl"
"4513","IfcPile","Tiefgründung Ortbetonbohrpfahl 700"
"4514","IfcPile","Bohrpfahlbeton"
"4514","IfcPile","Tiefgründung Ortbetonbohrpfahl 900"
"4514","IfcPile","Tiefgründung Vorgefertigter Betonpfahl"
"4515","IfcPile","Tiefgründung Ortbetonbohrpfahl 900"
"4516","IfcPile","Bohrpfahlbeton"
"4516","IfcPile","Tiefgründung Ortbetonbohrpfahl 900"
"4516","IfcPile","Tiefgründung Vorgefertigter Betonpfahl"
"4517","IfcPile","Tiefgründung Ortbetonbohrpfahl 900"
"4518","IfcPile","Bohrpfahlbeton"
"4518","IfcPile","Tiefgründung Ortbetonbohrpfahl 1200"
"4518","IfcPile","Tiefgründung Vorgefertigter Betonpfahl"
"4519","IfcPile","Tiefgründung Ortbetonbohrpfahl 1200"
"4520","IfcPile","Bohrpfahlbeton"
"4520","IfcPile","Tiefgründung Mikrobohrpfahl"
"4520","IfcPile","Tiefgründung Vorgefertigter Betonpfahl"
"4521","IfcPile","Tiefgründung Mikrobohrpfahl"
"4522","IfcPile","Bohrpfahlbeton"
"4522","IfcPile","Tiefgründung Mikrobohrpfahl"
"4522","IfcPile","Tiefgründung Vorgefertigter Betonpfahl"
"4523","IfcPile","Tiefgründung Mikrobohrpfahl"
"4524","IfcPile","Bohrpfahlbeton"
"4524","IfcPile","Tiefgründung Mikrobohrpfahl"
"4524","IfcPile","Tiefgründung Vorgefertigter Betonpfahl"
"4525","IfcPile","Tiefgründung Mikrobohrpfahl"
"4526","IfcPile","Bohrpfahlbeton"
"4526","IfcPile","Tiefgründung Ortbetonbohrpfahl 700"
"4526","IfcPile","Tiefgründung Vorgefertigter Betonpfahl"
"4527","IfcPile","Tiefgründung Ortbetonbohrpfahl 700"
"4528","IfcPile","Bohrpfahlbeton"
"4528","IfcPile","Tiefgründung Ortbetonbohrpfahl 700"
"4528","IfcPile","Tiefgründung Vorgefertigter Betonpfahl"
"4529","IfcPile","Tiefgründung Ortbetonbohrpfahl 700"
"4530","IfcPile","Bohrpfahlbeton"
"4530","IfcPile","Tiefgründung Ortbetonbohrpfahl 700"
"4530","IfcPile","Tiefgründung Vorgefertigter Betonpfahl"
"4531","IfcPile","Tiefgründung Ortbetonbohrpfahl 700"
"4532","IfcPile","Bohrpfahlbeton"
"4532","IfcPile","Tiefgründung Ortbetonbohrpfahl 700"
"4532","IfcPile","Tiefgründung Vorgefertigter Betonpfahl"
"4533","IfcPile","Tiefgründung Ortbetonbohrpfahl 700"
"4534","IfcPile","Bohrpfahlbeton"
"4534","IfcPile","Tiefgründung Ortbetonbohrpfahl 900"
"4534","IfcPile","Tiefgründung Vorgefertigter Betonpfahl"
"4535","IfcPile","Tiefgründung Ortbetonbohrpfahl 900"
"4536","IfcPile","Bohrpfahlbeton"
"4536","IfcPile","Tiefgründung Ortbetonbohrpfahl 900"
"4536","IfcPile","Tiefgründung Vorgefertigter Betonpfahl"
"4537","IfcPile","Tiefgründung Ortbetonbohrpfahl 900"
"4538","IfcPile","Bohrpfahlbeton"
"4538","IfcPile","Tiefgründung Ortbetonbohrpfahl 1200"
"4538","IfcPile","Tiefgründung Vorgefertigter Betonpfahl"
"4539","IfcPile","Tiefgründung Ortbetonbohrpfahl 1200"
"4540","IfcPile","Bohrpfahlbeton"
"4540","IfcPile","Tiefgründung Mikrobohrpfahl"
"4540","IfcPile","Tiefgründung Vorgefertigter Betonpfahl"
"4541","IfcPile","Tiefgründung Mikrobohrpfahl"
"4542","IfcPile","Bohrpfahlbeton"
"4542","IfcPile","Tiefgründung Mikrobohrpfahl"
"4542","IfcPile","Tiefgründung Vorgefertigter Betonpfahl"
"4543","IfcPile","Tiefgründung Mikrobohrpfahl"
"4544","IfcPile","Bohrpfahlbeton"
"4544","IfcPile","Tiefgründung Mikrobohrpfahl"
"4544","IfcPile","Tiefgründung Vorgefertigter Betonpfahl"
"4545","IfcPile","Tiefgründung Mikrobohrpfahl"
"4546","IfcPile","Bohrpfahlbeton"
"4546","IfcPile","Tiefgründung Ortbetonbohrpfahl 700"
"4546","IfcPile","Tiefgründung Vorgefertigter Betonpfahl"
"4547","IfcPile","Tiefgründung Ortbetonbohrpfahl 700"
"4548","IfcPile","Bohrpfahlbeton"
"4548","IfcPile","Tiefgründung Ortbetonbohrpfahl 700"
"4548","IfcPile","Tiefgründung Vorgefertigter Betonpfahl"
"4549","IfcPile","Tiefgründung Ortbetonbohrpfahl 700"
"4550","IfcPile","Bohrpfahlbeton"
"4550","IfcPile","Tiefgründung Ortbetonbohrpfahl 700"
"4550","IfcPile","Tiefgründung Vorgefertigter Betonpfahl"
"4551","IfcPile","Tiefgründung Ortbetonbohrpfahl 700"
"4552","IfcPile","Bohrpfahlbeton"
"4552","IfcPile","Tiefgründung Ortbetonbohrpfahl 700"
"4552","IfcPile","Tiefgründung Vorgefertigter Betonpfahl"
"4553","IfcPile","Tiefgründung Ortbetonbohrpfahl 700"
"4554","IfcPile","Bohrpfahlbeton"
"4554","IfcPile","Tiefgründung Ortbetonbohrpfahl 900"
"4554","IfcPile","Tiefgründung Vorgefertigter Betonpfahl"
"4555","IfcPile","Tiefgründung Ortbetonbohrpfahl 900"
"4556","IfcPile","Bohrpfahlbeton"
"4556","IfcPile","Tiefgründung Ortbetonbohrpfahl 900"
"4556","IfcPile","Tiefgründung Vorgefertigter Betonpfahl"
"4557","IfcPile","Tiefgründung Ortbetonbohrpfahl 900"
"4558","IfcPile","Bohrpfahlbeton"
"4558","IfcPile","Tiefgründung Ortbetonbohrpfahl 1200"
"4558","IfcPile","Tiefgründung Vorgefertigter Betonpfahl"
"4559","IfcPile","Tiefgründung Ortbetonbohrpfahl 1200"
"4560","IfcPile","Tiefgründung Mikrobohrpfahl"
"4561","IfcPile","Tiefgründung Mikrobohrpfahl"
"4562","IfcPile","Tiefgründung Mikrobohrpfahl"
"4563","IfcPile","Tiefgründung Ortbetonbohrpfahl 700"
"4564","IfcPile","Tiefgründung Ortbetonbohrpfahl 700"
"4565","IfcPile","Tiefgründung Ortbetonbohrpfahl 700"
"4566","IfcPile","Tiefgründung Ortbetonbohrpfahl 700"
"4567","IfcPile","Tiefgründung Ortbetonbohrpfahl 900"
"4568","IfcPile","Tiefgründung Ortbetonbohrpfahl 900"
"4569","IfcPile","Tiefgründung Ortbetonbohrpfahl 1200"
"4570","IfcPile","Tiefgründung Mikrobohrpfahl"
"4571","IfcPile","Tiefgründung Ortbetonbohrpfahl 700"
"4572","IfcPile","Tiefgründung Ortbetonbohrpfahl 700"
"4573","IfcPile","Tiefgründung Ortbetonbohrpfahl 1200"
"4574","IfcPile","Tiefgründung Mikrobohrpfahl"
"4575","IfcPile","Tiefgründung Ortbetonbohrpfahl 700"
"4576","IfcPile","Tiefgründung Ortbetonbohrpfahl 700"
"4577","IfcPile","Tiefgründung Mikrobohrpfahl"
"4578","IfcPile","Tiefgründung Ortbetonbohrpfahl 900"
"4579","IfcPile","Tiefgründung Ortbetonbohrpfahl 900"
"4580","IfcPile","Tiefgründung Ortbetonbohrpfahl 700"
"4581","IfcPile","Tiefgründung Ortbetonbohrpfahl 700"
"4582","IfcPile","Tiefgründung Ortbetonbohrpfahl 700"
"4583","IfcPile","Tiefgründung Ortbetonbohrpfahl 900"
"4584","IfcPile","Tiefgründung Ortbetonbohrpfahl 1200"
"4585","IfcPile","Tiefgründung Mikrobohrpfahl"
"4586","IfcPile","Tiefgründung Mikrobohrpfahl"
"4587","IfcPile","Tiefgründung Ortbetonbohrpfahl 700"
"4588","IfcPile","Tiefgründung Ortbetonbohrpfahl 700"
"4589","IfcPile","Tiefgründung Ortbetonbohrpfahl 700"
"4590","IfcPile","Tiefgründung Ortbetonbohrpfahl 900"
"4591","IfcPile","Tiefgründung Ortbetonbohrpfahl 900"
"4592","IfcPile","Tiefgründung Ortbetonbohrpfahl 1200"
"4593","IfcPile","Tiefgründung Ortbetonbohrpfahl 700"
"4594","IfcPile","Tiefgründung Ortbetonbohrpfahl 900"
"4595","IfcPile","Tiefgründung Ortbetonbohrpfahl 900"
"4596","IfcPile","Tiefgründung Ortbetonbohrpfahl 900"
"4597","IfcPile","Tiefgründung Ortbetonbohrpfahl 1200"
"4598","IfcPile","Tiefgründung Mikrobohrpfahl"
"4599","IfcPile","Tiefgründung Ortbetonbohrpfahl 700"
"4600","IfcPile","Tiefgründung Ortbetonbohrpfahl 700"
"4601","IfcPile","Tiefgründung Mikrobohrpfahl"
"4602","IfcPile","Tiefgründung Ortbetonbohrpfahl 700"
"4603","IfcPile","Tiefgründung Ortbetonbohrpfahl 700"
"4604","IfcPile","Tiefgründung Mikrobohrpfahl"
"4605","IfcPile","Tiefgründung Mikrobohrpfahl"
"4606","IfcPile","Tiefgründung Mikrobohrpfahl"
"4607","IfcPile","Tiefgründung Mikrobohrpfahl"
"4608","IfcPile","Tiefgründung Ortbetonbohrpfahl 700"
"4609","IfcPile","Tiefgründung Ortbetonbohrpfahl 700"
"4610","IfcPile","Tiefgründung Ortbetonbohrpfahl 900"
"4611","IfcPile","Tiefgründung Ortbetonbohrpfahl 900"
"4612","IfcPile","Tiefgründung Ortbetonbohrpfahl 1200"
"4613","IfcPile","Tiefgründung Mikrobohrpfahl"
"4614","IfcPile","Tiefgründung Mikrobohrpfahl"
"4615","IfcPile","Tiefgründung Ortbetonbohrpfahl 700"
"4616","IfcPile","Tiefgründung Ortbetonbohrpfahl 900"
"4617","IfcPile","Tiefgründung Mikrobohrpfahl"
"4618","IfcPile","Tiefgründung Mikrobohrpfahl"
"4619","IfcPile","Tiefgründung Ortbetonbohrpfahl 900"
"4620","IfcPile","Tiefgründung Mikrobohrpfahl"
"4621","IfcPile","Tiefgründung Ortbetonbohrpfahl 1200"
"4622","IfcPile","Tiefgründung Mikrobohrpfahl"
"4623","IfcPile","Tiefgründung Mikrobohrpfahl"
"4624","IfcPile","Tiefgründung Ortbetonbohrpfahl 700"
"4625","IfcPile","Tiefgründung Ortbetonbohrpfahl 900"
"4626","IfcPile","Tiefgründung Mikrobohrpfahl"
"4627","IfcPile","Tiefgründung Mikrobohrpfahl"
"4628","IfcPile","Tiefgründung Ortbetonbohrpfahl 700"
"4629","IfcPile","Tiefgründung Ortbetonbohrpfahl 700"
"4630","IfcPile","Tiefgründung Ortbetonbohrpfahl 700"
"4631","IfcPile","Tiefgründung Ortbetonbohrpfahl 900"
"4632","IfcPile","Tiefgründung Ortbetonbohrpfahl 1200"
"4633","IfcPile","Tiefgründung Ortbetonbohrpfahl 700"
"4634","IfcPile","Tiefgründung Mikrobohrpfahl"
"4635","IfcPile","Tiefgründung Mikrobohrpfahl"
"4636","IfcPile","Tiefgründung Ortbetonbohrpfahl 700"
"4637","IfcPile","Tiefgründung Ortbetonbohrpfahl 700"
"4638","IfcPile","Tiefgründung Ortbetonbohrpfahl 700"
"4639","IfcPile","Tiefgründung Ortbetonbohrpfahl 900"
"4640","IfcPile","Tiefgründung Ortbetonbohrpfahl 1200"
"4641","IfcPile","Tiefgründung Ortbetonbohrpfahl 700"
"4642","IfcPile","Tiefgründung Ortbetonbohrpfahl 700"
"4643","IfcPile","Bohrpfahlbeton"
"4643","IfcPile","Tiefgründung Mikrobohrpfahl"
"4643","IfcPile","Tiefgründung Vorgefertigter Betonpfahl"
"4644","IfcPile","Tiefgründung Vorgefertigter Betonpfahl"
"4645","IfcPile","Tiefgründung Mikrobohrpfahl"
"4646","IfcPile","Tiefgründung Mikrobohrpfahl"
"4647","IfcPile","Bohrpfahlbeton"
"4647","IfcPile","Tiefgründung Mikrobohrpfahl"
"4647","IfcPile","Tiefgründung Vorgefertigter Betonpfahl"
"4648","IfcPile","Tiefgründung Vorgefertigter Betonpfahl"
"4649","IfcPile","Tiefgründung Mikrobohrpfahl"
"4650","IfcPile","Tiefgründung Mikrobohrpfahl"
"4651","IfcPile","Tiefgründung Vorgefertigter Betonpfahl"
"4652","IfcPile","Bohrpfahlbeton"
"4652","IfcPile","Tiefgründung Mikrobohrpfahl"
"4652","IfcPile","Tiefgründung Vorgefertigter Betonpfahl"
"4653","IfcPile","Tiefgründung Vorgefertigter Betonpfahl"
"4654","IfcPile","Tiefgründung Mikrobohrpfahl"
"4655","IfcPile","Tiefgründung Mikrobohrpfahl"
"4656","IfcPile","Tiefgründung Vorgefertigter Betonpfahl"
"4657","IfcPile","Bohrpfahlbeton"
"4657","IfcPile","Tiefgründung Ortbetonbohrpfahl 700"
"4657","IfcPile","Tiefgründung Vorgefertigter Betonpfahl"
"4658","IfcPile","Tiefgründung Vorgefertigter Betonpfahl"
"4659","IfcPile","Tiefgründung Ortbetonbohrpfahl 700"
"4660","IfcPile","Tiefgründung Vorgefertigter Betonpfahl"
"4661","IfcPile","Bohrpfahlbeton"
"4661","IfcPile","Tiefgründung Ortbetonbohrpfahl 700"
"4661","IfcPile","Tiefgründung Vorgefertigter Betonpfahl"
"4662","IfcPile","Tiefgründung Ortbetonbohrpfahl 700"
"4663","IfcPile","Tiefgründung Ortbetonbohrpfahl 700"
"4664","IfcPile","Tiefgründung Vorgefertigter Betonpfahl"
"4665","IfcPile","Bohrpfahlbeton"
"4665","IfcPile","Tiefgründung Ortbetonbohrpfahl 700"
"4665","IfcPile","Tiefgründung Vorgefertigter Betonpfahl"
"4666","IfcPile","Tiefgründung Vorgefertigter Betonpfahl"
"4667","IfcPile","Tiefgründung Ortbetonbohrpfahl 700"
"4668","IfcPile","Tiefgründung Ortbetonbohrpfahl 700"
"4669","IfcPile","Tiefgründung Vorgefertigter Betonpfahl"
"4670","IfcPile","Bohrpfahlbeton"
"4670","IfcPile","Tiefgründung Ortbetonbohrpfahl 700"
"4670","IfcPile","Tiefgründung Vorgefertigter Betonpfahl"
"4671","IfcPile","Tiefgründung Vorgefertigter Betonpfahl"
"4672","IfcPile","Tiefgründung Ortbetonbohrpfahl 700"
"4673","IfcPile","Tiefgründung Ortbetonbohrpfahl 700"
"4674","IfcPile","Bohrpfahlbeton"
"4674","IfcPile","Tiefgründung Ortbetonbohrpfahl 900"
"4674","IfcPile","Tiefgründung Vorgefertigter Betonpfahl"
"4675","IfcPile","Tiefgründung Vorgefertigter Betonpfahl"
"4676","IfcPile","Tiefgründung Ortbetonbohrpfahl 900"
"4677","IfcPile","Tiefgründung Ortbetonbohrpfahl 900"
"4678","IfcPile","Tiefgründung Vorgefertigter Betonpfahl"
"4679","IfcPile","Bohrpfahlbeton"
"4679","IfcPile","Tiefgründung Ortbetonbohrpfahl 900"
"4679","IfcPile","Tiefgründung Vorgefertigter Betonpfahl"
"4680","IfcPile","Tiefgründung Vorgefertigter Betonpfahl"
"4681","IfcPile","Tiefgründung Ortbetonbohrpfahl 900"
"4682","IfcPile","Tiefgründung Ortbetonbohrpfahl 900"
"4683","IfcPile","Tiefgründung Vorgefertigter Betonpfahl"
"4684","IfcPile","Bohrpfahlbeton"
"4684","IfcPile","Tiefgründung Ortbetonbohrpfahl 1200"
"4684","IfcPile","Tiefgründung Vorgefertigter Betonpfahl"
"4685","IfcPile","Tiefgründung Ortbetonbohrpfahl 1200"
"4686","IfcPile","Tiefgründung Ortbetonbohrpfahl 1200"
"4687","IfcPile","Tiefgründung Vorgefertigter Betonpfahl"
"4688","IfcPile","Bohrpfahlbeton"
"4688","IfcPile","Tiefgründung Mikrobohrpfahl"
"4688","IfcPile","Tiefgründung Vorgefertigter Betonpfahl"
"4689","IfcPile","Tiefgründung Vorgefertigter Betonpfahl"
"4690","IfcPile","Tiefgründung Mikrobohrpfahl"
"4691","IfcPile","Bohrpfahlbeton"
"4691","IfcPile","Tiefgründung Mikrobohrpfahl"
"4691","IfcPile","Tiefgründung Vorgefertigter Betonpfahl"
"4692","IfcPile","Tiefgründung Mikrobohrpfahl"
"4693","IfcPile","Tiefgründung Vorgefertigter Betonpfahl"
"4694","IfcPile","Bohrpfahlbeton"
"4694","IfcPile","Tiefgründung Mikrobohrpfahl"
"4694","IfcPile","Tiefgründung Vorgefertigter Betonpfahl"
"4695","IfcPile","Tiefgründung Mikrobohrpfahl"
"4696","IfcPile","Tiefgründung Vorgefertigter Betonpfahl"
"4697","IfcPile","Bohrpfahlbeton"
"4697","IfcPile","Tiefgründung Ortbetonbohrpfahl 700"
"4697","IfcPile","Tiefgründung Vorgefertigter Betonpfahl"
"4698","IfcPile","Tiefgründung Vorgefertigter Betonpfahl"
"4699","IfcPile","Tiefgründung Ortbetonbohrpfahl 700"
"4700","IfcPile","Bohrpfahlbeton"
"4700","IfcPile","Tiefgründung Ortbetonbohrpfahl 700"
"4700","IfcPile","Tiefgründung Vorgefertigter Betonpfahl"
"4701","IfcPile","Tiefgründung Ortbetonbohrpfahl 700"
"4702","IfcPile","Tiefgründung Vorgefertigter Betonpfahl"
"4703","IfcPile","Bohrpfahlbeton"
"4703","IfcPile","Tiefgründung Ortbetonbohrpfahl 700"
"4703","IfcPile","Tiefgründung Vorgefertigter Betonpfahl"
"4704","IfcPile","Tiefgründung Vorgefertigter Betonpfahl"
"4705","IfcPile","Tiefgründung Ortbetonbohrpfahl 700"
"4706","IfcPile","Bohrpfahlbeton"
"4706","IfcPile","Tiefgründung Ortbetonbohrpfahl 700"
"4706","IfcPile","Tiefgründung Vorgefertigter Betonpfahl"
"4707","IfcPile","Tiefgründung Vorgefertigter Betonpfahl"
"4708","IfcPile","Tiefgründung Ortbetonbohrpfahl 700"
"4709","IfcPile","Bohrpfahlbeton"
"4709","IfcPile","Tiefgründung Ortbetonbohrpfahl 900"
"4709","IfcPile","Tiefgründung Vorgefertigter Betonpfahl"
"4710","IfcPile","Tiefgründung Ortbetonbohrpfahl 900"
"4711","IfcPile","Tiefgründung Vorgefertigter Betonpfahl"
"4712","IfcPile","Bohrpfahlbeton"
"4712","IfcPile","Tiefgründung Ortbetonbohrpfahl 900"
"4712","IfcPile","Tiefgründung Vorgefertigter Betonpfahl"
"4713","IfcPile","Tiefgründung Vorgefertigter Betonpfahl"
"4714","IfcPile","Tiefgründung Ortbetonbohrpfahl 900"
"4715","IfcPile","Bohrpfahlbeton"
"4715","IfcPile","Tiefgründung Ortbetonbohrpfahl 1200"
"4715","IfcPile","Tiefgründung Vorgefertigter Betonpfahl"
"4716","IfcPile","Tiefgründung Ortbetonbohrpfahl 1200"
"4717","IfcPile","Tiefgründung Vorgefertigter Betonpfahl"
"4718","IfcPile","Bohrpfahlbeton"
"4718","IfcPile","Tiefgründung Mikrobohrpfahl"
"4718","IfcPile","Tiefgründung Vorgefertigter Betonpfahl"
"4719","IfcPile","Tiefgründung Vorgefertigter Betonpfahl"
"4720","IfcPile","Tiefgründung Mikrobohrpfahl"
"4721","IfcPile","Bohrpfahlbeton"
"4721","IfcPile","Tiefgründung Mikrobohrpfahl"
"4721","IfcPile","Tiefgründung Vorgefertigter Betonpfahl"
"4722","IfcPile","Tiefgründung Mikrobohrpfahl"
"4723","IfcPile","Tiefgründung Vorgefertigter Betonpfahl"
"4724","IfcPile","Bohrpfahlbeton"
"4724","IfcPile","Tiefgründung Mikrobohrpfahl"
"4724","IfcPile","Tiefgründung Vorgefertigter Betonpfahl"
"4725","IfcPile","Tiefgründung Mikrobohrpfahl"
"4726","IfcPile","Tiefgründung Vorgefertigter Betonpfahl"
"4727","IfcPile","Bohrpfahlbeton"
"4727","IfcPile","Tiefgründung Ortbetonbohrpfahl 700"
"4727","IfcPile","Tiefgründung Vorgefertigter Betonpfahl"
"4728","IfcPile","Tiefgründung Ortbetonbohrpfahl 700"
"4729","IfcPile","Tiefgründung Vorgefertigter Betonpfahl"
"4730","IfcPile","Bohrpfahlbeton"
"4730","IfcPile","Tiefgründung Ortbetonbohrpfahl 700"
"4730","IfcPile","Tiefgründung Vorgefertigter Betonpfahl"
"4731","IfcPile","Tiefgründung Ortbetonbohrpfahl 700"
"4732","IfcPile","Tiefgründung Vorgefertigter Betonpfahl"
"4733","IfcPile","Bohrpfahlbeton"
"4733","IfcPile","Tiefgründung Ortbetonbohrpfahl 700"
"4733","IfcPile","Tiefgründung Vorgefertigter Betonpfahl"
"4734","IfcPile","Tiefgründung Ortbetonbohrpfahl 700"
"4735","IfcPile","Tiefgründung Vorgefertigter Betonpfahl"
"4736","IfcPile","Bohrpfahlbeton"
"4736","IfcPile","Tiefgründung Ortbetonbohrpfahl 700"
"4736","IfcPile","Tiefgründung Vorgefertigter Betonpfahl"
"4737","IfcPile","Tiefgründung Vorgefertigter Betonpfahl"
"4738","IfcPile","Tiefgründung Ortbetonbohrpfahl 700"
"4739","IfcPile","Bohrpfahlbeton"
"4739","IfcPile","Tiefgründung Ortbetonbohrpfahl 900"
"4739","IfcPile","Tiefgründung Vorgefertigter Betonpfahl"
"4740","IfcPile","Tiefgründung Vorgefertigter Betonpfahl"
"4741","IfcPile","Tiefgründung Ortbetonbohrpfahl 900"
"4742","IfcPile","Bohrpfahlbeton"
"4742","IfcPile","Tiefgründung Ortbetonbohrpfahl 900"
"4742","IfcPile","Tiefgründung Vorgefertigter Betonpfahl"
"4743","IfcPile","Tiefgründung Ortbetonbohrpfahl 900"
"4744","IfcPile","Tiefgründung Vorgefertigter Betonpfahl"
"4745","IfcPile","Bohrpfahlbeton"
"4745","IfcPile","Tiefgründung Ortbetonbohrpfahl 1200"
"4745","IfcPile","Tiefgründung Vorgefertigter Betonpfahl"
"4746","IfcPile","Tiefgründung Ortbetonbohrpfahl 1200"
"4747","IfcPile","Tiefgründung Vorgefertigter Betonpfahl"
"4748","IfcPile","Bohrpfahlbeton"
"4748","IfcPile","Tiefgründung Mikrobohrpfahl"
"4748","IfcPile","Tiefgründung Vorgefertigter Betonpfahl"
"4749","IfcPile","Tiefgründung Vorgefertigter Betonpfahl"
"4750","IfcPile","Tiefgründung Mikrobohrpfahl"
"4751","IfcPile","Bohrpfahlbeton"
"4751","IfcPile","Tiefgründung Mikrobohrpfahl"
"4751","IfcPile","Tiefgründung Vorgefertigter Betonpfahl"
"4752","IfcPile","Tiefgründung Mikrobohrpfahl"
"4753","IfcPile","Tiefgründung Vorgefertigter Betonpfahl"
"4754","IfcPile","Bohrpfahlbeton"
"4754","IfcPile","Tiefgründung Mikrobohrpfahl"
"4754","IfcPile","Tiefgründung Vorgefertigter Betonpfahl"
"4755","IfcPile","Tiefgründung Mikrobohrpfahl"
"4756","IfcPile","Tiefgründung Vorgefertigter Betonpfahl"
"4757","IfcPile","Bohrpfahlbeton"
"4757","IfcPile","Tiefgründung Ortbetonbohrpfahl 700"
"4757","IfcPile","Tiefgründung Vorgefertigter Betonpfahl"
"4758","IfcPile","Tiefgründung Ortbetonbohrpfahl 700"
"4759","IfcPile","Tiefgründung Vorgefertigter Betonpfahl"
"4760","IfcPile","Bohrpfahlbeton"
"4760","IfcPile","Tiefgründung Ortbetonbohrpfahl 700"
"4760","IfcPile","Tiefgründung Vorgefertigter Betonpfahl"
"4761","IfcPile","Tiefgründung Ortbetonbohrpfahl 700"
"4762","IfcPile","Tiefgründung Vorgefertigter Betonpfahl"
"4763","IfcPile","Bohrpfahlbeton"
"4763","IfcPile","Tiefgründung Ortbetonbohrpfahl 700"
"4763","IfcPile","Tiefgründung Vorgefertigter Betonpfahl"
"4764","IfcPile","Tiefgründung Vorgefertigter Betonpfahl"
"4765","IfcPile","Tiefgründung Ortbetonbohrpfahl 700"
"4766","IfcPile","Bohrpfahlbeton"
"4766","IfcPile","Tiefgründung Ortbetonbohrpfahl 700"
"4766","IfcPile","Tiefgründung Vorgefertigter Betonpfahl"
"4767","IfcPile","Tiefgründung Vorgefertigter Betonpfahl"
"4768","IfcPile","Tiefgründung Ortbetonbohrpfahl 700"
"4769","IfcPile","Bohrpfahlbeton"
"4769","IfcPile","Tiefgründung Ortbetonbohrpfahl 900"
"4769","IfcPile","Tiefgründung Vorgefertigter Betonpfahl"
"4770","IfcPile","Tiefgründung Vorgefertigter Betonpfahl"
"4771","IfcPile","Tiefgründung Ortbetonbohrpfahl 900"
"4772","IfcPile","Bohrpfahlbeton"
"4772","IfcPile","Tiefgründung Ortbetonbohrpfahl 900"
"4772","IfcPile","Tiefgründung Vorgefertigter Betonpfahl"
"4773","IfcPile","Tiefgründung Vorgefertigter Betonpfahl"
"4774","IfcPile","Tiefgründung Ortbetonbohrpfahl 900"
"4775","IfcPile","Bohrpfahlbeton"
"4775","IfcPile","Tiefgründung Ortbetonbohrpfahl 1200"
"4775","IfcPile","Tiefgründung Vorgefertigter Betonpfahl"
"4776","IfcPile","Tiefgründung Ortbetonbohrpfahl 1200"
"4777","IfcPile","Tiefgründung Vorgefertigter Betonpfahl"
"4778","IfcPile","Bohrpfahlbeton"
"4778","IfcPile","Tiefgründung Mikrobohrpfahl"
"4778","IfcPile","Tiefgründung Vorgefertigter Betonpfahl"
"4779","IfcPile","Tiefgründung Vorgefertigter Betonpfahl"
"4780","IfcPile","Tiefgründung Mikrobohrpfahl"
"4781","IfcPile","Bohrpfahlbeton"
"4781","IfcPile","Tiefgründung Mikrobohrpfahl"
"4781","IfcPile","Tiefgründung Vorgefertigter Betonpfahl"
"4782","IfcPile","Tiefgründung Vorgefertigter Betonpfahl"
"4783","IfcPile","Tiefgründung Mikrobohrpfahl"
"4784","IfcPile","Bohrpfahlbeton"
"4784","IfcPile","Tiefgründung Mikrobohrpfahl"
"4784","IfcPile","Tiefgründung Vorgefertigter Betonpfahl"
"4785","IfcPile","Tiefgründung Vorgefertigter Betonpfahl"
"4786","IfcPile","Tiefgründung Mikrobohrpfahl"
"4787","IfcPile","Bohrpfahlbeton"
"4787","IfcPile","Tiefgründung Ortbetonbohrpfahl 700"
"4787","IfcPile","Tiefgründung Vorgefertigter Betonpfahl"
"4788","IfcPile","Tiefgründung Ortbetonbohrpfahl 700"
"4789","IfcPile","Tiefgründung Vorgefertigter Betonpfahl"
"4790","IfcPile","Bohrpfahlbeton"
"4790","IfcPile","Tiefgründung Ortbetonbohrpfahl 700"
"4790","IfcPile","Tiefgründung Vorgefertigter Betonpfahl"
"4791","IfcPile","Tiefgründung Ortbetonbohrpfahl 700"
"4792","IfcPile","Tiefgründung Vorgefertigter Betonpfahl"
"4793","IfcPile","Bohrpfahlbeton"
"4793","IfcPile","Tiefgründung Ortbetonbohrpfahl 700"
"4793","IfcPile","Tiefgründung Vorgefertigter Betonpfahl"
"4794","IfcPile","Tiefgründung Ortbetonbohrpfahl 700"
"4795","IfcPile","Tiefgründung Vorgefertigter Betonpfahl"
"4796","IfcPile","Bohrpfahlbeton"
"4796","IfcPile","Tiefgründung Ortbetonbohrpfahl 700"
"4796","IfcPile","Tiefgründung Vorgefertigter Betonpfahl"
"4797","IfcPile","Tiefgründung Vorgefertigter Betonpfahl"
"4798","IfcPile","Tiefgründung Ortbetonbohrpfahl 700"
"4799","IfcPile","Bohrpfahlbeton"
"4799","IfcPile","Tiefgründung Ortbetonbohrpfahl 900"
"4799","IfcPile","Tiefgründung Vorgefertigter Betonpfahl"
"4800","IfcPile","Tiefgründung Vorgefertigter Betonpfahl"
"4801","IfcPile","Tiefgründung Ortbetonbohrpfahl 900"
"4802","IfcPile","Bohrpfahlbeton"
"4802","IfcPile","Tiefgründung Ortbetonbohrpfahl 900"
"4802","IfcPile","Tiefgründung Vorgefertigter Betonpfahl"
"4803","IfcPile","Tiefgründung Ortbetonbohrpfahl 900"
"4804","IfcPile","Tiefgründung Vorgefertigter Betonpfahl"
"4805","IfcPile","Bohrpfahlbeton"
"4805","IfcPile","Tiefgründung Ortbetonbohrpfahl 1200"
"4805","IfcPile","Tiefgründung Vorgefertigter Betonpfahl"
"4806","IfcPile","Tiefgründung Ortbetonbohrpfahl 1200"
"4807","IfcPile","Tiefgründung Vorgefertigter Betonpfahl"
"4808","IfcPile","Bohrpfahlbeton"
"4808","IfcPile","Tiefgründung Mikrobohrpfahl"
"4808","IfcPile","Tiefgründung Vorgefertigter Betonpfahl"
"4809","IfcPile","Tiefgründung Vorgefertigter Betonpfahl"
"4810","IfcPile","Tiefgründung Mikrobohrpfahl"
"4811","IfcPile","Bohrpfahlbeton"
"4811","IfcPile","Tiefgründung Mikrobohrpfahl"
"4811","IfcPile","Tiefgründung Vorgefertigter Betonpfahl"
"4812","IfcPile","Tiefgründung Vorgefertigter Betonpfahl"
"4813","IfcPile","Tiefgründung Mikrobohrpfahl"
"4814","IfcPile","Bohrpfahlbeton"
"4814","IfcPile","Tiefgründung Mikrobohrpfahl"
"4814","IfcPile","Tiefgründung Vorgefertigter Betonpfahl"
"4815","IfcPile","Tiefgründung Vorgefertigter Betonpfahl"
"4816","IfcPile","Tiefgründung Mikrobohrpfahl"
"4817","IfcPile","Bohrpfahlbeton"
"4817","IfcPile","Tiefgründung Ortbetonbohrpfahl 700"
"4817","IfcPile","Tiefgründung Vorgefertigter Betonpfahl"
"4818","IfcPile","Tiefgründung Vorgefertigter Betonpfahl"
"4819","IfcPile","Tiefgründung Ortbetonbohrpfahl 700"
"4820","IfcPile","Bohrpfahlbeton"
"4820","IfcPile","Tiefgründung Ortbetonbohrpfahl 700"
"4820","IfcPile","Tiefgründung Vorgefertigter Betonpfahl"
"4821","IfcPile","Tiefgründung Ortbetonbohrpfahl 700"
"4822","IfcPile","Tiefgründung Vorgefertigter Betonpfahl"
"4823","IfcPile","Bohrpfahlbeton"
"4823","IfcPile","Tiefgründung Ortbetonbohrpfahl 700"
"4823","IfcPile","Tiefgründung Vorgefertigter Betonpfahl"
"4824","IfcPile","Tiefgründung Ortbetonbohrpfahl 700"
"4825","IfcPile","Tiefgründung Vorgefertigter Betonpfahl"
"4826","IfcPile","Bohrpfahlbeton"
"4826","IfcPile","Tiefgründung Ortbetonbohrpfahl 700"
"4826","IfcPile","Tiefgründung Vorgefertigter Betonpfahl"
"4827","IfcPile","Tiefgründung Vorgefertigter Betonpfahl"
"4828","IfcPile","Tiefgründung Ortbetonbohrpfahl 700"
"4829","IfcPile","Bohrpfahlbeton"
"4829","IfcPile","Tiefgründung Ortbetonbohrpfahl 900"
"4829","IfcPile","Tiefgründung Vorgefertigter Betonpfahl"
"4830","IfcPile","Tiefgründung Vorgefertigter Betonpfahl"
"4831","IfcPile","Tiefgründung Ortbetonbohrpfahl 900"
"4832","IfcPile","Bohrpfahlbeton"
"4832","IfcPile","Tiefgründung Ortbetonbohrpfahl 900"
"4832","IfcPile","Tiefgründung Vorgefertigter Betonpfahl"
"4833","IfcPile","Tiefgründung Ortbetonbohrpfahl 900"
"4834","IfcPile","Tiefgründung Vorgefertigter Betonpfahl"
"4835","IfcPile","Bohrpfahlbeton"
"4835","IfcPile","Tiefgründung Ortbetonbohrpfahl 1200"
"4835","IfcPile","Tiefgründung Vorgefertigter Betonpfahl"
"4836","IfcPile","Tiefgründung Ortbetonbohrpfahl 1200"
"4837","IfcPile","Tiefgründung Vorgefertigter Betonpfahl"
"4838","IfcPile","Tiefgründung Mikrobohrpfahl"
"4839","IfcPile","Tiefgründung Mikrobohrpfahl"
"4840","IfcPile","Tiefgründung Ortbetonbohrpfahl 700"
"4841","IfcPile","Tiefgründung Ortbetonbohrpfahl 700"
"4842","IfcPile","Tiefgründung Ortbetonbohrpfahl 700"
"4843","IfcPile","Tiefgründung Ortbetonbohrpfahl 900"
"4844","IfcPile","Tiefgründung Ortbetonbohrpfahl 900"
"4845","IfcPile","Tiefgründung Ortbetonbohrpfahl 1200"
"4846","IfcPile","Tiefgründung Ortbetonbohrpfahl 700"
"4847","IfcPile","Tiefgründung Ortbetonbohrpfahl 700"
"4848","IfcPile","Tiefgründung Vorgefertigter Betonpfahl"
"4849","IfcPile","Tiefgründung Vorgefertigter Betonpfahl"
"4850","IfcPile","Tiefgründung Mikrobohrpfahl"
"4851","IfcPile","Tiefgründung Vorgefertigter Betonpfahl"
"4852","IfcPile","Tiefgründung Ortbetonbohrpfahl 700"
"4853","IfcPile","Tiefgründung Vorgefertigter Betonpfahl"
"4854","IfcPile","Tiefgründung Ortbetonbohrpfahl 900"
"4855","IfcPile","Tiefgründung Ortbetonbohrpfahl 1200"
"4856","IfcPile","Tiefgründung Vorgefertigter Betonpfahl"
"4857","IfcPile","Tiefgründung Mikrobohrpfahl"
"4858","IfcPile","Tiefgründung Vorgefertigter Betonpfahl"
"4859","IfcPile","Tiefgründung Vorgefertigter Betonpfahl"
"4860","IfcPile","Tiefgründung Ortbetonbohrpfahl 900"
"4861","IfcPile","Tiefgründung Vorgefertigter Betonpfahl"
"4862","IfcPile","Tiefgründung Vorgefertigter Betonpfahl"
"4863","IfcPile","Tiefgründung Ortbetonbohrpfahl 700"
"4864","IfcPile","Tiefgründung Ortbetonbohrpfahl 900"
"4865","IfcPile","Tiefgründung Ortbetonbohrpfahl 900"
"4866","IfcPile","Tiefgründung Vorgefertigter Betonpfahl"
"4867","IfcPile","Tiefgründung Ortbetonbohrpfahl 700"
"4868","IfcPile","Tiefgründung Ortbetonbohrpfahl 700"
"4869","IfcPile","Tiefgründung Ortbetonbohrpfahl 700"
"4870","IfcPile","Tiefgründung Ortbetonbohrpfahl 900"
"4871","IfcPile","Tiefgründung Ortbetonbohrpfahl 1200"
"4872","IfcPile","Tiefgründung Vorgefertigter Betonpfahl"
"4873","IfcPile","Tiefgründung Mikrobohrpfahl"
"4874","IfcPile","Tiefgründung Mikrobohrpfahl"
"4875","IfcPile","Tiefgründung Ortbetonbohrpfahl 700"
"4876","IfcPile","Tiefgründung Ortbetonbohrpfahl 700"
"4877","IfcPile","Tiefgründung Ortbetonbohrpfahl 700"
"4878","IfcPile","Tiefgründung Ortbetonbohrpfahl 900"
"4879","IfcPile","Tiefgründung Ortbetonbohrpfahl 900"
"4880","IfcPile","Tiefgründung Ortbetonbohrpfahl 1200"
"4881","IfcPile","Tiefgründung Vorgefertigter Betonpfahl"
"4882","IfcPile","Tiefgründung Ortbetonbohrpfahl 700"
"4883","IfcPile","Tiefgründung Ortbetonbohrpfahl 900"
"4884","IfcPile","Tiefgründung Ortbetonbohrpfahl 900"
"4885","IfcPile","Tiefgründung Vorgefertigter Betonpfahl"
"4886","IfcPile","Tiefgründung Mikrobohrpfahl"
"4887","IfcPile","Tiefgründung Vorgefertigter Betonpfahl"
"4888","IfcPile","Tiefgründung Vorgefertigter Betonpfahl"
"4889","IfcPile","Tiefgründung Mikrobohrpfahl"
"4890","IfcPile","Tiefgründung Vorgefertigter Betonpfahl"
"4891","IfcPile","Tiefgründung Ortbetonbohrpfahl 700"
"4892","IfcPile","Tiefgründung Vorgefertigter Betonpfahl"
"4893","IfcPile","Tiefgründung Vorgefertigter Betonpfahl"
"4894","IfcPile","Tiefgründung Ortbetonbohrpfahl 1200"
"4895","IfcPile","Tiefgründung Vorgefertigter Betonpfahl"
"4896","IfcPile","Tiefgründung Ortbetonbohrpfahl 700"
"4897","IfcPile","Tiefgründung Mikrobohrpfahl"
"4898","IfcPile","Tiefgründung Vorgefertigter Betonpfahl"
"4899","IfcPile","Tiefgründung Vorgefertigter Betonpfahl"
"4900","IfcPile","Tiefgründung Vorgefertigter Betonpfahl"
"4901","IfcPile","Tiefgründung Mikrobohrpfahl"
"4902","IfcPile","Tiefgründung Mikrobohrpfahl"
"4903","IfcPile","Tiefgründung Mikrobohrpfahl"
"4904","IfcPile","Tiefgründung Ortbetonbohrpfahl 700"
"4905","IfcPile","Tiefgründung Ortbetonbohrpfahl 700"
"4906","IfcPile","Tiefgründung Ortbetonbohrpfahl 700"
"4907","IfcPile","Tiefgründung Ortbetonbohrpfahl 700"
"4908","IfcPile","Tiefgründung Ortbetonbohrpfahl 900"
"4909","IfcPile","Tiefgründung Ortbetonbohrpfahl 1200"
"4910","IfcPile","Tiefgründung Mikrobohrpfahl"
"4911","IfcPile","Tiefgründung Ortbetonbohrpfahl 700"
"4912","IfcPile","Tiefgründung Vorgefertigter Betonpfahl"
"4913","IfcPile","Tiefgründung Ortbetonbohrpfahl 1200"
"4914","IfcPile","Tiefgründung Mikrobohrpfahl"
"4915","IfcPile","Tiefgründung Vorgefertigter Betonpfahl"
"4916","IfcPile","Tiefgründung Vorgefertigter Betonpfahl"
"4917","IfcPile","Tiefgründung Ortbetonbohrpfahl 700"
"4918","IfcPile","Tiefgründung Ortbetonbohrpfahl 900"
"4919","IfcPile","Tiefgründung Vorgefertigter Betonpfahl"
"4920","IfcPile","Tiefgründung Mikrobohrpfahl"
"4921","IfcPile","Tiefgründung Ortbetonbohrpfahl 700"
"4922","IfcPile","Tiefgründung Ortbetonbohrpfahl 700"
"4923","IfcPile","Tiefgründung Ortbetonbohrpfahl 900"
"4924","IfcPile","Tiefgründung Vorgefertigter Betonpfahl"
"4925","IfcPile","Tiefgründung Mikrobohrpfahl"
"4926","IfcPile","Tiefgründung Vorgefertigter Betonpfahl"
"4927","IfcPile","Tiefgründung Mikrobohrpfahl"
"4928","IfcPile","Tiefgründung Vorgefertigter Betonpfahl"
"4929","IfcPile","Tiefgründung Ortbetonbohrpfahl 700"
"4930","IfcPile","Tiefgründung Vorgefertigter Betonpfahl"
"4931","IfcPile","Tiefgründung Vorgefertigter Betonpfahl"
"4932","IfcPile","Tiefgründung Ortbetonbohrpfahl 700"
"4933","IfcPile","Tiefgründung Ortbetonbohrpfahl 1200"
"4934","IfcPile","Tiefgründung Vorgefertigter Betonpfahl"
"4935","IfcPile","Tiefgründung Vorgefertigter Betonpfahl"
"4936","IfcPile","Tiefgründung Mikrobohrpfahl"
"4937","IfcPile","Tiefgründung Vorgefertigter Betonpfahl"
"4938","IfcPile","Tiefgründung Vorgefertigter Betonpfahl"
"4939","IfcPile","Tiefgründung Ortbetonbohrpfahl 700"
"4940","IfcPile","Tiefgründung Vorgefertigter Betonpfahl"
"4941","IfcPile","Tiefgründung Mikrobohrpfahl"
"4942","IfcPile","Tiefgründung Mikrobohrpfahl"
"4943","IfcPile","Tiefgründung Mikrobohrpfahl"
"4944","IfcPile","Tiefgründung Ortbetonbohrpfahl 700"
"4945","IfcPile","Tiefgründung Ortbetonbohrpfahl 700"
"4946","IfcPile","Tiefgründung Ortbetonbohrpfahl 700"
"4947","IfcPile","Tiefgründung Ortbetonbohrpfahl 700"
"4948","IfcPile","Tiefgründung Ortbetonbohrpfahl 900"
"4949","IfcPile","Tiefgründung Ortbetonbohrpfahl 900"
"4950","IfcPile","Tiefgründung Vorgefertigter Betonpfahl"
"4951","IfcPile","Tiefgründung Mikrobohrpfahl"
"4952","IfcPile","Tiefgründung Mikrobohrpfahl"
"4953","IfcPile","Tiefgründung Vorgefertigter Betonpfahl"
"4954","IfcPile","Tiefgründung Vorgefertigter Betonpfahl"
"4955","IfcPile","Tiefgründung Vorgefertigter Betonpfahl"
"4956","IfcPile","Tiefgründung Vorgefertigter Betonpfahl"
"4957","IfcPile","Tiefgründung Vorgefertigter Betonpfahl"
"4958","IfcPile","Tiefgründung Vorgefertigter Betonpfahl"
"4959","IfcPile","Tiefgründung Ortbetonbohrpfahl 700"
"4960","IfcPile","Tiefgründung Ortbetonbohrpfahl 700"
"4961","IfcPile","Tiefgründung Vorgefertigter Betonpfahl"
"4962","IfcPile","Tiefgründung Vorgefertigter Betonpfahl"
"4963","IfcPile","Tiefgründung Ortbetonbohrpfahl 700"
"4964","IfcPile","Tiefgründung Vorgefertigter Betonpfahl"
"4965","IfcPile","Tiefgründung Vorgefertigter Betonpfahl"
"4966","IfcPile","Tiefgründung Mikrobohrpfahl"
"4967","IfcPile","Tiefgründung Vorgefertigter Betonpfahl"
"4968","IfcPile","Tiefgründung Vorgefertigter Betonpfahl"
"4969","IfcPile","Tiefgründung Mikrobohrpfahl"
"4970","IfcPile","Tiefgründung Vorgefertigter Betonpfahl"
"4971","IfcPile","Tiefgründung Ortbetonbohrpfahl 900"
"4972","IfcPile","Bohrpfahlbeton"
"4972","IfcPile","Tiefgründung Mikrobohrpfahl"
"4972","IfcPile","Tiefgründung Vorgefertigter Betonpfahl"
"4973","IfcPile","Tiefgründung Vorgefertigter Betonpfahl"
"4974","IfcPile","Tiefgründung Mikrobohrpfahl"
"4975","IfcPile","Tiefgründung Mikrobohrpfahl"
"4976","IfcPile","Tiefgründung Vorgefertigter Betonpfahl"
"4977","IfcPile","Bohrpfahlbeton"
"4977","IfcPile","Tiefgründung Mikrobohrpfahl"
"4977","IfcPile","Tiefgründung Vorgefertigter Betonpfahl"
"4978","IfcPile","Tiefgründung Vorgefertigter Betonpfahl"
"4979","IfcPile","Tiefgründung Mikrobohrpfahl"
"4980","IfcPile","Tiefgründung Mikrobohrpfahl"
"4981","IfcPile","Tiefgründung Vorgefertigter Betonpfahl"
"4982","IfcPile","Bohrpfahlbeton"
"4982","IfcPile","Tiefgründung Mikrobohrpfahl"
"4982","IfcPile","Tiefgründung Vorgefertigter Betonpfahl"
"4983","IfcPile","Tiefgründung Vorgefertigter Betonpfahl"
"4984","IfcPile","Tiefgründung Mikrobohrpfahl"
"4985","IfcPile","Tiefgründung Mikrobohrpfahl"
"4986","IfcPile","Tiefgründung Vorgefertigter Betonpfahl"
"4987","IfcPile","Bohrpfahlbeton"
"4987","IfcPile","Tiefgründung Ortbetonbohrpfahl 700"
"4987","IfcPile","Tiefgründung Vorgefertigter Betonpfahl"
"4988","IfcPile","Tiefgründung Vorgefertigter Betonpfahl"
"4989","IfcPile","Tiefgründung Ortbetonbohrpfahl 700"
"4990","IfcPile","Tiefgründung Ortbetonbohrpfahl 700"
"4991","IfcPile","Tiefgründung Vorgefertigter Betonpfahl"
"4992","IfcPile","Bohrpfahlbeton"
"4992","IfcPile","Tiefgründung Ortbetonbohrpfahl 700"
"4992","IfcPile","Tiefgründung Vorgefertigter Betonpfahl"
"4993","IfcPile","Tiefgründung Vorgefertigter Betonpfahl"
"4994","IfcPile","Tiefgründung Ortbetonbohrpfahl 700"
"4995","IfcPile","Tiefgründung Ortbetonbohrpfahl 700"
"4996","IfcPile","Tiefgründung Vorgefertigter Betonpfahl"
"4997","IfcPile","Bohrpfahlbeton"
"4997","IfcPile","Tiefgründung Ortbetonbohrpfahl 700"
"4997","IfcPile","Tiefgründung Vorgefertigter Betonpfahl"
"4998","IfcPile","Tiefgründung Vorgefertigter Betonpfahl"
"4999","IfcPile","Tiefgründung Ortbetonbohrpfahl 700"
"5000","IfcPile","Tiefgründung Ortbetonbohrpfahl 700"
"5001","IfcPile","Tiefgründung Vorgefertigter Betonpfahl"
"5002","IfcPile","Bohrpfahlbeton"
"5002","IfcPile","Tiefgründung Ortbetonbohrpfahl 700"
"5002","IfcPile","Tiefgründung Vorgefertigter Betonpfahl"
"5003","IfcPile","Tiefgründung Vorgefertigter Betonpfahl"
"5004","IfcPile","Tiefgründung Ortbetonbohrpfahl 700"
"5005","IfcPile","Tiefgründung Ortbetonbohrpfahl 700"
"5006","IfcPile","Tiefgründung Vorgefertigter Betonpfahl"
"5007","IfcPile","Bohrpfahlbeton"
"5007","IfcPile","Tiefgründung Ortbetonbohrpfahl 900"
"5007","IfcPile","Tiefgründung Vorgefertigter Betonpfahl"
"5008","IfcPile","Tiefgründung Vorgefertigter Betonpfahl"
"5009","IfcPile","Tiefgründung Ortbetonbohrpfahl 900"
"5010","IfcPile","Tiefgründung Ortbetonbohrpfahl 900"
"5011","IfcPile","Tiefgründung Vorgefertigter Betonpfahl"
"5012","IfcPile","Bohrpfahlbeton"
"5012","IfcPile","Tiefgründung Ortbetonbohrpfahl 900"
"5012","IfcPile","Tiefgründung Vorgefertigter Betonpfahl"
"5013","IfcPile","Tiefgründung Vorgefertigter Betonpfahl"
"5014","IfcPile","Tiefgründung Ortbetonbohrpfahl 900"
"5015","IfcPile","Tiefgründung Ortbetonbohrpfahl 900"
"5016","IfcPile","Tiefgründung Vorgefertigter Betonpfahl"
"5017","IfcPile","Bohrpfahlbeton"
"5017","IfcPile","Tiefgründung Ortbetonbohrpfahl 1200"
"5017","IfcPile","Tiefgründung Vorgefertigter Betonpfahl"
"5018","IfcPile","Tiefgründung Vorgefertigter Betonpfahl"
"5019","IfcPile","Tiefgründung Ortbetonbohrpfahl 1200"
"5020","IfcPile","Tiefgründung Ortbetonbohrpfahl 1200"
"5021","IfcPile","Tiefgründung Vorgefertigter Betonpfahl"
"5022","IfcPile","Bohrpfahlbeton"
"5022","IfcPile","Tiefgründung Mikrobohrpfahl"
"5022","IfcPile","Tiefgründung Vorgefertigter Betonpfahl"
"5023","IfcPile","Tiefgründung Vorgefertigter Betonpfahl"
"5024","IfcPile","Tiefgründung Mikrobohrpfahl"
"5025","IfcPile","Bohrpfahlbeton"
"5025","IfcPile","Tiefgründung Mikrobohrpfahl"
"5025","IfcPile","Tiefgründung Vorgefertigter Betonpfahl"
"5026","IfcPile","Tiefgründung Vorgefertigter Betonpfahl"
"5027","IfcPile","Tiefgründung Mikrobohrpfahl"
"5028","IfcPile","Bohrpfahlbeton"
"5028","IfcPile","Tiefgründung Mikrobohrpfahl"
"5028","IfcPile","Tiefgründung Vorgefertigter Betonpfahl"
"5029","IfcPile","Tiefgründung Mikrobohrpfahl"
"5030","IfcPile","Tiefgründung Vorgefertigter Betonpfahl"
"5031","IfcPile","Bohrpfahlbeton"
"5031","IfcPile","Tiefgründung Ortbetonbohrpfahl 700"
"5031","IfcPile","Tiefgründung Vorgefertigter Betonpfahl"
"5032","IfcPile","Tiefgründung Vorgefertigter Betonpfahl"
"5033","IfcPile","Tiefgründung Ortbetonbohrpfahl 700"
"5034","IfcPile","Bohrpfahlbeton"
"5034","IfcPile","Tiefgründung Ortbetonbohrpfahl 700"
"5034","IfcPile","Tiefgründung Vorgefertigter Betonpfahl"
"5035","IfcPile","Tiefgründung Vorgefertigter Betonpfahl"
"5036","IfcPile","Tiefgründung Ortbetonbohrpfahl 700"
"5037","IfcPile","Bohrpfahlbeton"
"5037","IfcPile","Tiefgründung Ortbetonbohrpfahl 700"
"5037","IfcPile","Tiefgründung Vorgefertigter Betonpfahl"
"5038","IfcPile","Tiefgründung Vorgefertigter Betonpfahl"
"5039","IfcPile","Tiefgründung Ortbetonbohrpfahl 700"
"5040","IfcPile","Bohrpfahlbeton"
"5040","IfcPile","Tiefgründung Ortbetonbohrpfahl 700"
"5040","IfcPile","Tiefgründung Vorgefertigter Betonpfahl"
"5041","IfcPile","Tiefgründung Ortbetonbohrpfahl 700"
"5042","IfcPile","Tiefgründung Vorgefertigter Betonpfahl"
"5043","IfcPile","Bohrpfahlbeton"
"5043","IfcPile","Tiefgründung Ortbetonbohrpfahl 900"
"5043","IfcPile","Tiefgründung Vorgefertigter Betonpfahl"
"5044","IfcPile","Tiefgründung Ortbetonbohrpfahl 900"
"5045","IfcPile","Tiefgründung Vorgefertigter Betonpfahl"
"5046","IfcPile","Bohrpfahlbeton"
"5046","IfcPile","Tiefgründung Ortbetonbohrpfahl 900"
"5046","IfcPile","Tiefgründung Vorgefertigter Betonpfahl"
"5047","IfcPile","Tiefgründung Ortbetonbohrpfahl 900"
"5048","IfcPile","Tiefgründung Vorgefertigter Betonpfahl"
"5049","IfcPile","Bohrpfahlbeton"
"5049","IfcPile","Tiefgründung Ortbetonbohrpfahl 1200"
"5049","IfcPile","Tiefgründung Vorgefertigter Betonpfahl"
"5050","IfcPile","Tiefgründung Ortbetonbohrpfahl 1200"
"5051","IfcPile","Tiefgründung Vorgefertigter Betonpfahl"
"5052","IfcPile","Bohrpfahlbeton"
"5052","IfcPile","Tiefgründung Mikrobohrpfahl"
"5052","IfcPile","Tiefgründung Vorgefertigter Betonpfahl"
"5053","IfcPile","Tiefgründung Vorgefertigter Betonpfahl"
"5054","IfcPile","Tiefgründung Mikrobohrpfahl"
"5055","IfcPile","Bohrpfahlbeton"
"5055","IfcPile","Tiefgründung Mikrobohrpfahl"
"5055","IfcPile","Tiefgründung Vorgefertigter Betonpfahl"
"5056","IfcPile","Tiefgründung Mikrobohrpfahl"
"5057","IfcPile","Tiefgründung Vorgefertigter Betonpfahl"
"5058","IfcPile","Bohrpfahlbeton"
"5058","IfcPile","Tiefgründung Mikrobohrpfahl"
"5058","IfcPile","Tiefgründung Vorgefertigter Betonpfahl"
"5059","IfcPile","Tiefgründung Vorgefertigter Betonpfahl"
"5060","IfcPile","Tiefgründung Mikrobohrpfahl"
"5061","IfcPile","Bohrpfahlbeton"
"5061","IfcPile","Tiefgründung Ortbetonbohrpfahl 700"
"5061","IfcPile","Tiefgründung Vorgefertigter Betonpfahl"
"5062","IfcPile","Tiefgründung Ortbetonbohrpfahl 700"
"5063","IfcPile","Tiefgründung Vorgefertigter Betonpfahl"
"5064","IfcPile","Bohrpfahlbeton"
"5064","IfcPile","Tiefgründung Ortbetonbohrpfahl 700"
"5064","IfcPile","Tiefgründung Vorgefertigter Betonpfahl"
"5065","IfcPile","Tiefgründung Ortbetonbohrpfahl 700"
"5066","IfcPile","Tiefgründung Vorgefertigter Betonpfahl"
"5067","IfcPile","Bohrpfahlbeton"
"5067","IfcPile","Tiefgründung Ortbetonbohrpfahl 700"
"5067","IfcPile","Tiefgründung Vorgefertigter Betonpfahl"
"5068","IfcPile","Tiefgründung Ortbetonbohrpfahl 700"
"5069","IfcPile","Tiefgründung Vorgefertigter Betonpfahl"
"5070","IfcPile","Bohrpfahlbeton"
"5070","IfcPile","Tiefgründung Ortbetonbohrpfahl 700"
"5070","IfcPile","Tiefgründung Vorgefertigter Betonpfahl"
"5071","IfcPile","Tiefgründung Vorgefertigter Betonpfahl"
"5072","IfcPile","Tiefgründung Ortbetonbohrpfahl 700"
"5073","IfcPile","Bohrpfahlbeton"
"5073","IfcPile","Tiefgründung Ortbetonbohrpfahl 900"
"5073","IfcPile","Tiefgründung Vorgefertigter Betonpfahl"
"5074","IfcPile","Tiefgründung Vorgefertigter Betonpfahl"
"5075","IfcPile","Tiefgründung Ortbetonbohrpfahl 900"
"5076","IfcPile","Bohrpfahlbeton"
"5076","IfcPile","Tiefgründung Ortbetonbohrpfahl 900"
"5076","IfcPile","Tiefgründung Vorgefertigter Betonpfahl"
"5077","IfcPile","Tiefgründung Vorgefertigter Betonpfahl"
"5078","IfcPile","Tiefgründung Ortbetonbohrpfahl 900"
"5079","IfcPile","Bohrpfahlbeton"
"5079","IfcPile","Tiefgründung Ortbetonbohrpfahl 1200"
"5079","IfcPile","Tiefgründung Vorgefertigter Betonpfahl"
"5080","IfcPile","Tiefgründung Vorgefertigter Betonpfahl"
"5081","IfcPile","Tiefgründung Ortbetonbohrpfahl 1200"
"5082","IfcPile","Bohrpfahlbeton"
"5082","IfcPile","Tiefgründung Mikrobohrpfahl"
"5082","IfcPile","Tiefgründung Vorgefertigter Betonpfahl"
"5083","IfcPile","Tiefgründung Mikrobohrpfahl"
"5084","IfcPile","Tiefgründung Vorgefertigter Betonpfahl"
"5085","IfcPile","Bohrpfahlbeton"
"5085","IfcPile","Tiefgründung Mikrobohrpfahl"
"5085","IfcPile","Tiefgründung Vorgefertigter Betonpfahl"
"5086","IfcPile","Tiefgründung Mikrobohrpfahl"
"5087","IfcPile","Tiefgründung Vorgefertigter Betonpfahl"
"5088","IfcPile","Bohrpfahlbeton"
"5088","IfcPile","Tiefgründung Mikrobohrpfahl"
"5088","IfcPile","Tiefgründung Vorgefertigter Betonpfahl"
"5089","IfcPile","Tiefgründung Mikrobohrpfahl"
"5090","IfcPile","Tiefgründung Vorgefertigter Betonpfahl"
"5091","IfcPile","Bohrpfahlbeton"
"5091","IfcPile","Tiefgründung Ortbetonbohrpfahl 700"
"5091","IfcPile","Tiefgründung Vorgefertigter Betonpfahl"
"5092","IfcPile","Tiefgründung Ortbetonbohrpfahl 700"
"5093","IfcPile","Tiefgründung Vorgefertigter Betonpfahl"
"5094","IfcPile","Bohrpfahlbeton"
"5094","IfcPile","Tiefgründung Ortbetonbohrpfahl 700"
"5094","IfcPile","Tiefgründung Vorgefertigter Betonpfahl"
"5095","IfcPile","Tiefgründung Vorgefertigter Betonpfahl"
"5096","IfcPile","Tiefgründung Ortbetonbohrpfahl 700"
"5097","IfcPile","Bohrpfahlbeton"
"5097","IfcPile","Tiefgründung Ortbetonbohrpfahl 700"
"5097","IfcPile","Tiefgründung Vorgefertigter Betonpfahl"
"5098","IfcPile","Tiefgründung Vorgefertigter Betonpfahl"
"5099","IfcPile","Tiefgründung Ortbetonbohrpfahl 700"
"5100","IfcPile","Bohrpfahlbeton"
"5100","IfcPile","Tiefgründung Ortbetonbohrpfahl 700"
"5100","IfcPile","Tiefgründung Vorgefertigter Betonpfahl"
"5101","IfcPile","Tiefgründung Ortbetonbohrpfahl 700"
"5102","IfcPile","Tiefgründung Vorgefertigter Betonpfahl"
"5103","IfcPile","Bohrpfahlbeton"
"5103","IfcPile","Tiefgründung Ortbetonbohrpfahl 900"
"5103","IfcPile","Tiefgründung Vorgefertigter Betonpfahl"
"5104","IfcPile","Tiefgründung Vorgefertigter Betonpfahl"
"5105","IfcPile","Tiefgründung Ortbetonbohrpfahl 900"
"5106","IfcPile","Bohrpfahlbeton"
"5106","IfcPile","Tiefgründung Ortbetonbohrpfahl 900"
"5106","IfcPile","Tiefgründung Vorgefertigter Betonpfahl"
"5107","IfcPile","Tiefgründung Vorgefertigter Betonpfahl"
"5108","IfcPile","Tiefgründung Ortbetonbohrpfahl 900"
"5109","IfcPile","Bohrpfahlbeton"
"5109","IfcPile","Tiefgründung Ortbetonbohrpfahl 1200"
"5109","IfcPile","Tiefgründung Vorgefertigter Betonpfahl"
"5110","IfcPile","Tiefgründung Ortbetonbohrpfahl 1200"
"5111","IfcPile","Tiefgründung Vorgefertigter Betonpfahl"
"5112","IfcPile","Bohrpfahlbeton"
"5112","IfcPile","Tiefgründung Mikrobohrpfahl"
"5112","IfcPile","Tiefgründung Vorgefertigter Betonpfahl"
"5113","IfcPile","Tiefgründung Mikrobohrpfahl"
"5114","IfcPile","Tiefgründung Vorgefertigter Betonpfahl"
"5115","IfcPile","Bohrpfahlbeton"
"5115","IfcPile","Tiefgründung Mikrobohrpfahl"
"5115","IfcPile","Tiefgründung Vorgefertigter Betonpfahl"
"5116","IfcPile","Tiefgründung Vorgefertigter Betonpfahl"
"5117","IfcPile","Tiefgründung Mikrobohrpfahl"
"5118","IfcPile","Bohrpfahlbeton"
"5118","IfcPile","Tiefgründung Mikrobohrpfahl"
"5118","IfcPile","Tiefgründung Vorgefertigter Betonpfahl"
"5119","IfcPile","Tiefgründung Mikrobohrpfahl"
"5120","IfcPile","Tiefgründung Vorgefertigter Betonpfahl"
"5121","IfcPile","Bohrpfahlbeton"
"5121","IfcPile","Tiefgründung Ortbetonbohrpfahl 700"
"5121","IfcPile","Tiefgründung Vorgefertigter Betonpfahl"
"5122","IfcPile","Tiefgründung Vorgefertigter Betonpfahl"
"5123","IfcPile","Tiefgründung Ortbetonbohrpfahl 700"
"5124","IfcPile","Bohrpfahlbeton"
"5124","IfcPile","Tiefgründung Ortbetonbohrpfahl 700"
"5124","IfcPile","Tiefgründung Vorgefertigter Betonpfahl"
"5125","IfcPile","Tiefgründung Ortbetonbohrpfahl 700"
"5126","IfcPile","Tiefgründung Vorgefertigter Betonpfahl"
"5127","IfcPile","Bohrpfahlbeton"
"5127","IfcPile","Tiefgründung Ortbetonbohrpfahl 700"
"5127","IfcPile","Tiefgründung Vorgefertigter Betonpfahl"
"5128","IfcPile","Tiefgründung Ortbetonbohrpfahl 700"
"5129","IfcPile","Tiefgründung Vorgefertigter Betonpfahl"
"5130","IfcPile","Bohrpfahlbeton"
"5130","IfcPile","Tiefgründung Ortbetonbohrpfahl 700"
"5130","IfcPile","Tiefgründung Vorgefertigter Betonpfahl"
"5131","IfcPile","Tiefgründung Vorgefertigter Betonpfahl"
"5132","IfcPile","Tiefgründung Ortbetonbohrpfahl 700"
"5133","IfcPile","Bohrpfahlbeton"
"5133","IfcPile","Tiefgründung Ortbetonbohrpfahl 900"
"5133","IfcPile","Tiefgründung Vorgefertigter Betonpfahl"
"5134","IfcPile","Tiefgründung Vorgefertigter Betonpfahl"
"5135","IfcPile","Tiefgründung Ortbetonbohrpfahl 900"
"5136","IfcPile","Bohrpfahlbeton"
"5136","IfcPile","Tiefgründung Ortbetonbohrpfahl 900"
"5136","IfcPile","Tiefgründung Vorgefertigter Betonpfahl"
"5137","IfcPile","Tiefgründung Vorgefertigter Betonpfahl"
"5138","IfcPile","Tiefgründung Ortbetonbohrpfahl 900"
"5139","IfcPile","Bohrpfahlbeton"
"5139","IfcPile","Tiefgründung Ortbetonbohrpfahl 1200"
"5139","IfcPile","Tiefgründung Vorgefertigter Betonpfahl"
"5140","IfcPile","Tiefgründung Vorgefertigter Betonpfahl"
"5141","IfcPile","Tiefgründung Ortbetonbohrpfahl 1200"
"5142","IfcPile","Bohrpfahlbeton"
"5142","IfcPile","Tiefgründung Mikrobohrpfahl"
"5142","IfcPile","Tiefgründung Vorgefertigter Betonpfahl"
"5143","IfcPile","Tiefgründung Vorgefertigter Betonpfahl"
"5144","IfcPile","Tiefgründung Mikrobohrpfahl"
"5145","IfcPile","Bohrpfahlbeton"
"5145","IfcPile","Tiefgründung Mikrobohrpfahl"
"5145","IfcPile","Tiefgründung Vorgefertigter Betonpfahl"
"5146","IfcPile","Tiefgründung Vorgefertigter Betonpfahl"
"5147","IfcPile","Tiefgründung Mikrobohrpfahl"
"5148","IfcPile","Bohrpfahlbeton"
"5148","IfcPile","Tiefgründung Mikrobohrpfahl"
"5148","IfcPile","Tiefgründung Vorgefertigter Betonpfahl"
"5149","IfcPile","Tiefgründung Vorgefertigter Betonpfahl"
"5150","IfcPile","Tiefgründung Mikrobohrpfahl"
"5151","IfcPile","Bohrpfahlbeton"
"5151","IfcPile","Tiefgründung Ortbetonbohrpfahl 700"
"5151","IfcPile","Tiefgründung Vorgefertigter Betonpfahl"
"5152","IfcPile","Tiefgründung Vorgefertigter Betonpfahl"
"5153","IfcPile","Tiefgründung Ortbetonbohrpfahl 700"
"5154","IfcPile","Bohrpfahlbeton"
"5154","IfcPile","Tiefgründung Ortbetonbohrpfahl 700"
"5154","IfcPile","Tiefgründung Vorgefertigter Betonpfahl"
"5155","IfcPile","Tiefgründung Vorgefertigter Betonpfahl"
"5156","IfcPile","Tiefgründung Ortbetonbohrpfahl 700"
"5157","IfcPile","Bohrpfahlbeton"
"5157","IfcPile","Tiefgründung Ortbetonbohrpfahl 700"
"5157","IfcPile","Tiefgründung Vorgefertigter Betonpfahl"
"5158","IfcPile","Tiefgründung Vorgefertigter Betonpfahl"
"5159","IfcPile","Tiefgründung Ortbetonbohrpfahl 700"
"5160","IfcPile","Bohrpfahlbeton"
"5160","IfcPile","Tiefgründung Ortbetonbohrpfahl 700"
"5160","IfcPile","Tiefgründung Vorgefertigter Betonpfahl"
"5161","IfcPile","Tiefgründung Vorgefertigter Betonpfahl"
"5162","IfcPile","Tiefgründung Ortbetonbohrpfahl 700"
"5163","IfcPile","Bohrpfahlbeton"
"5163","IfcPile","Tiefgründung Ortbetonbohrpfahl 900"
"5163","IfcPile","Tiefgründung Vorgefertigter Betonpfahl"
"5164","IfcPile","Tiefgründung Ortbetonbohrpfahl 900"
"5165","IfcPile","Tiefgründung Vorgefertigter Betonpfahl"
"5166","IfcPile","Bohrpfahlbeton"
"5166","IfcPile","Tiefgründung Ortbetonbohrpfahl 900"
"5166","IfcPile","Tiefgründung Vorgefertigter Betonpfahl"
"5167","IfcPile","Tiefgründung Ortbetonbohrpfahl 900"
"5168","IfcPile","Tiefgründung Vorgefertigter Betonpfahl"
"5169","IfcPile","Bohrpfahlbeton"
"5169","IfcPile","Tiefgründung Ortbetonbohrpfahl 1200"
"5169","IfcPile","Tiefgründung Vorgefertigter Betonpfahl"
"5170","IfcPile","Tiefgründung Ortbetonbohrpfahl 1200"
"5171","IfcPile","Tiefgründung Vorgefertigter Betonpfahl"
"5172","IfcPile","Tiefgründung Mikrobohrpfahl"
"5173","IfcPile","Tiefgründung Mikrobohrpfahl"
"5174","IfcPile","Tiefgründung Mikrobohrpfahl"
"5175","IfcPile","Tiefgründung Ortbetonbohrpfahl 700"
"5176","IfcPile","Tiefgründung Ortbetonbohrpfahl 700"
"5177","IfcPile","Tiefgründung Ortbetonbohrpfahl 700"
"5178","IfcPile","Tiefgründung Ortbetonbohrpfahl 900"
"5179","IfcPile","Tiefgründung Ortbetonbohrpfahl 900"
"5180","IfcPile","Tiefgründung Ortbetonbohrpfahl 1200"
"5181","IfcPile","Tiefgründung Vorgefertigter Betonpfahl"
"5182","IfcPile","Tiefgründung Mikrobohrpfahl"
"5183","IfcPile","Tiefgründung Vorgefertigter Betonpfahl"
"5184","IfcPile","Tiefgründung Ortbetonbohrpfahl 700"
"5185","IfcPile","Tiefgründung Vorgefertigter Betonpfahl"
"5186","IfcPile","Tiefgründung Vorgefertigter Betonpfahl"
"5187","IfcPile","Tiefgründung Vorgefertigter Betonpfahl"
"5188","IfcPile","Tiefgründung Mikrobohrpfahl"
"5189","IfcPile","Tiefgründung Vorgefertigter Betonpfahl"
"5190","IfcPile","Tiefgründung Vorgefertigter Betonpfahl"
"5191","IfcPile","Tiefgründung Vorgefertigter Betonpfahl"
"5192","IfcPile","Tiefgründung Ortbetonbohrpfahl 700"
"5193","IfcPile","Tiefgründung Ortbetonbohrpfahl 900"
"5194","IfcPile","Tiefgründung Vorgefertigter Betonpfahl"
"5195","IfcPile","Tiefgründung Ortbetonbohrpfahl 1200"
"5196","IfcPile","Tiefgründung Vorgefertigter Betonpfahl"
"5197","IfcPile","Tiefgründung Mikrobohrpfahl"
"5198","IfcPile","Tiefgründung Vorgefertigter Betonpfahl"
"5199","IfcPile","Tiefgründung Ortbetonbohrpfahl 700"
"5200","IfcPile","Tiefgründung Vorgefertigter Betonpfahl"
"5201","IfcPile","Tiefgründung Ortbetonbohrpfahl 1200"
"5202","IfcPile","Tiefgründung Mikrobohrpfahl"
"5203","IfcPile","Tiefgründung Mikrobohrpfahl"
"5204","IfcPile","Tiefgründung Mikrobohrpfahl"
"5205","IfcPile","Tiefgründung Ortbetonbohrpfahl 700"
"5206","IfcPile","Tiefgründung Ortbetonbohrpfahl 700"
"5207","IfcPile","Tiefgründung Ortbetonbohrpfahl 700"
"5208","IfcPile","Tiefgründung Ortbetonbohrpfahl 900"
"5209","IfcPile","Tiefgründung Ortbetonbohrpfahl 900"
"5210","IfcPile","Tiefgründung Ortbetonbohrpfahl 1200"
"5211","IfcPile","Tiefgründung Vorgefertigter Betonpfahl"
"5212","IfcPile","Tiefgründung Ortbetonbohrpfahl 700"
"5213","IfcPile","Tiefgründung Vorgefertigter Betonpfahl"
"5214","IfcPile","Tiefgründung Vorgefertigter Betonpfahl"
"5215","IfcPile","Tiefgründung Ortbetonbohrpfahl 900"
"5216","IfcPile","Tiefgründung Mikrobohrpfahl"
"5217","IfcPile","Tiefgründung Mikrobohrpfahl"
"5218","IfcPile","Tiefgründung Ortbetonbohrpfahl 700"
"5219","IfcPile","Tiefgründung Vorgefertigter Betonpfahl"
"5220","IfcPile","Tiefgründung Ortbetonbohrpfahl 700"
"5221","IfcPile","Tiefgründung Ortbetonbohrpfahl 700"
"5222","IfcPile","Tiefgründung Vorgefertigter Betonpfahl"
"5223","IfcPile","Tiefgründung Mikrobohrpfahl"
"5224","IfcPile","Tiefgründung Vorgefertigter Betonpfahl"
"5225","IfcPile","Tiefgründung Ortbetonbohrpfahl 900"
"5226","IfcPile","Tiefgründung Vorgefertigter Betonpfahl"
"5227","IfcPile","Tiefgründung Mikrobohrpfahl"
"5228","IfcPile","Tiefgründung Vorgefertigter Betonpfahl"
"5229","IfcPile","Tiefgründung Mikrobohrpfahl"
"5230","IfcPile","Tiefgründung Vorgefertigter Betonpfahl"
"5231","IfcPile","Tiefgründung Ortbetonbohrpfahl 700"
"5232","IfcPile","Tiefgründung Vorgefertigter Betonpfahl"
"5233","IfcPile","Tiefgründung Vorgefertigter Betonpfahl"
"5234","IfcPile","Tiefgründung Ortbetonbohrpfahl 700"
"5235","IfcPile","Tiefgründung Vorgefertigter Betonpfahl"
"5236","IfcPile","Tiefgründung Mikrobohrpfahl"
"5237","IfcPile","Tiefgründung Mikrobohrpfahl"
"5238","IfcPile","Tiefgründung Ortbetonbohrpfahl 700"
"5239","IfcPile","Tiefgründung Ortbetonbohrpfahl 700"
"5240","IfcPile","Tiefgründung Ortbetonbohrpfahl 700"
"5241","IfcPile","Tiefgründung Ortbetonbohrpfahl 700"
"5242","IfcPile","Tiefgründung Ortbetonbohrpfahl 900"
"5243","IfcPile","Tiefgründung Ortbetonbohrpfahl 900"
"5244","IfcPile","Tiefgründung Ortbetonbohrpfahl 1200"
"5245","IfcPile","Tiefgründung Mikrobohrpfahl"
"5246","IfcPile","Tiefgründung Vorgefertigter Betonpfahl"
"5247","IfcPile","Tiefgründung Ortbetonbohrpfahl 700"
"5248","IfcPile","Tiefgründung Vorgefertigter Betonpfahl"
"5249","IfcPile","Tiefgründung Vorgefertigter Betonpfahl"
"5250","IfcPile","Tiefgründung Vorgefertigter Betonpfahl"
"5251","IfcPile","Tiefgründung Vorgefertigter Betonpfahl"
"5252","IfcPile","Tiefgründung Ortbetonbohrpfahl 700"
"5253","IfcPile","Tiefgründung Vorgefertigter Betonpfahl"
"5254","IfcPile","Tiefgründung Ortbetonbohrpfahl 900"
"5255","IfcPile","Tiefgründung Vorgefertigter Betonpfahl"
"5256","IfcPile","Tiefgründung Ortbetonbohrpfahl 1200"
"5257","IfcPile","Tiefgründung Mikrobohrpfahl"
"5258","IfcPile","Tiefgründung Vorgefertigter Betonpfahl"
"5259","IfcPile","Tiefgründung Ortbetonbohrpfahl 700"
"5260","IfcPile","Tiefgründung Ortbetonbohrpfahl 700"
"5261","IfcPile","Tiefgründung Ortbetonbohrpfahl 700"
"5262","IfcPile","Tiefgründung Vorgefertigter Betonpfahl"
"5263","IfcPile","Tiefgründung Ortbetonbohrpfahl 1200"
"5264","IfcPile","Tiefgründung Vorgefertigter Betonpfahl"
"5265","IfcPile","Tiefgründung Vorgefertigter Betonpfahl"
"5266","IfcPile","Tiefgründung Ortbetonbohrpfahl 900"
"5267","IfcPile","Tiefgründung Vorgefertigter Betonpfahl"
"5268","IfcPile","Tiefgründung Mikrobohrpfahl"
"5269","IfcPile","Tiefgründung Ortbetonbohrpfahl 700"
"5270","IfcPile","Tiefgründung Vorgefertigter Betonpfahl"
"5271","IfcPile","Tiefgründung Ortbetonbohrpfahl 900"
"5272","IfcPile","Tiefgründung Ortbetonbohrpfahl 900"
"5273","IfcPile","Tiefgründung Vorgefertigter Betonpfahl"
"5274","IfcPile","Tiefgründung Mikrobohrpfahl"
"5275","IfcPile","Tiefgründung Mikrobohrpfahl"
"5276","IfcPile","Tiefgründung Mikrobohrpfahl"
"5277","IfcPile","Tiefgründung Ortbetonbohrpfahl 700"
"5278","IfcPile","Tiefgründung Ortbetonbohrpfahl 700"
"5279","IfcPile","Tiefgründung Ortbetonbohrpfahl 700"
"5280","IfcPile","Tiefgründung Ortbetonbohrpfahl 700"
"5281","IfcPile","Tiefgründung Ortbetonbohrpfahl 900"
"5282","IfcPile","Tiefgründung Ortbetonbohrpfahl 900"
"5283","IfcPile","Tiefgründung Ortbetonbohrpfahl 1200"
"5284","IfcPile","Tiefgründung Mikrobohrpfahl"
"5285","IfcPile","Tiefgründung Ortbetonbohrpfahl 700"
"5286","IfcPile","Tiefgründung Ortbetonbohrpfahl 900"
"5287","IfcPile","Tiefgründung Ortbetonbohrpfahl 1200"
"5288","IfcPile","Tiefgründung Vorgefertigter Betonpfahl"
"5289","IfcPile","Tiefgründung Vorgefertigter Betonpfahl"
"5290","IfcPile","Tiefgründung Ortbetonbohrpfahl 900"
"5291","IfcPile","Tiefgründung Vorgefertigter Betonpfahl"
"5292","IfcPile","Tiefgründung Vorgefertigter Betonpfahl"
"5293","IfcPile","Tiefgründung Mikrobohrpfahl"
"5294","IfcPile","Tiefgründung Vorgefertigter Betonpfahl"
"5295","IfcPile","Tiefgründung Vorgefertigter Betonpfahl"
"5296","IfcPile","Tiefgründung Ortbetonbohrpfahl 700"
"5297","IfcPile","Tiefgründung Vorgefertigter Betonpfahl"
"5298","IfcPile","Tiefgründung Ortbetonbohrpfahl 900"
"5299","IfcPile","Tiefgründung Vorgefertigter Betonpfahl"
"5300","IfcPile","Tiefgründung Mikrobohrpfahl"
"5301","IfcPile","Tiefgründung Vorgefertigter Betonpfahl"
"5302","IfcPile","Tiefgründung Ortbetonbohrpfahl 700"
"5303","IfcPile","Tiefgründung Ortbetonbohrpfahl 700"
"5304","IfcPile","Tiefgründung Vorgefertigter Betonpfahl"
"5305","IfcPile","Tiefgründung Mikrobohrpfahl"
"5306","IfcPile","Tiefgründung Vorgefertigter Betonpfahl"
"5307","IfcPile","Tiefgründung Ortbetonbohrpfahl 700"
"5308","IfcPile","Tiefgründung Vorgefertigter Betonpfahl"
"5309","IfcPile","Stahlblech blank"
"5309","IfcPile","Stahlprofil blank"
"5310","IfcPile","Stahlblech blank"
"5310","IfcPile","Stahlprofil blank"
"5311","IfcPile","Stahlblech blank"
"5311","IfcPile","Stahlprofil blank"
"5312","IfcPile","Tiefgründung Vorgefertigter Betonpfahl"
"5313","IfcPile","Tiefgründung Vorgefertigter Betonpfahl"
"5314","IfcPile","Tiefgründung Vorgefertigter Betonpfahl"
"5315","IfcPile","Tiefgründung Vorgefertigter Betonpfahl"
"5316","IfcPile","Tiefgründung Vorgefertigter Betonpfahl"
"5317","IfcPile","Tiefgründung Vorgefertigter Betonpfahl"
"5318","IfcPile","Tiefgründung Vorgefertigter Betonpfahl"
"5319","IfcPile","Tiefgründung Vorgefertigter Betonpfahl"
"5320","IfcPile","Tiefgründung Vorgefertigter Betonpfahl"
"5321","IfcPile","Tiefgründung Vorgefertigter Betonpfahl"
"5322","IfcPile","Tiefgründung Vorgefertigter Betonpfahl"
"5323","IfcPile","Tiefgründung Vorgefertigter Betonpfahl"
"5324","IfcPile","Tiefgründung Vorgefertigter Betonpfahl"
"5325","IfcPile","Tiefgründung Vorgefertigter Betonpfahl"
"5326","IfcPile","Tiefgründung Vorgefertigter Betonpfahl"
"5327","IfcPile","Tiefgründung Vorgefertigter Betonpfahl"
"5328","IfcPile","Tiefgründung Vorgefertigter Betonpfahl"
"5329","IfcPile","Tiefgründung Vorgefertigter Betonpfahl"
"5330","IfcPile","Tiefgründung Vorgefertigter Betonpfahl"
"5331","IfcPile","Tiefgründung Vorgefertigter Betonpfahl"
"5332","IfcPile","Tiefgründung Vorgefertigter Betonpfahl"
"5333","IfcPile","Tiefgründung Vorgefertigter Betonpfahl"
"5334","IfcPile","Tiefgründung Vorgefertigter Betonpfahl"
"5335","IfcPile","Tiefgründung Vorgefertigter Betonpfahl"
"5336","IfcPile","Tiefgründung Vorgefertigter Betonpfahl"
"5337","IfcPile","Tiefgründung Vorgefertigter Betonpfahl"
"5338","IfcPile","Tiefgründung Vorgefertigter Betonpfahl"
"5339","IfcPile","Tiefgründung Vorgefertigter Betonpfahl"
"5340","IfcPile","Tiefgründung Vorgefertigter Betonpfahl"
"5341","IfcPile","Tiefgründung Vorgefertigter Betonpfahl"
"5342","IfcPile","Tiefgründung Vorgefertigter Betonpfahl"
"5343","IfcPile","Tiefgründung Vorgefertigter Betonpfahl"
"5344","IfcPile","Tiefgründung Vorgefertigter Betonpfahl"
"5345","IfcPile","Tiefgründung Vorgefertigter Betonpfahl"
"5346","IfcPile","Tiefgründung Vorgefertigter Betonpfahl"
"5347","IfcPile","Tiefgründung Vorgefertigter Betonpfahl"
"5348","IfcPile","Tiefgründung Vorgefertigter Betonpfahl"
"5349","IfcPile","Tiefgründung Vorgefertigter Betonpfahl"
"5350","IfcPile","Tiefgründung Vorgefertigter Betonpfahl"
"5351","IfcPile","Tiefgründung Vorgefertigter Betonpfahl"
"5352","IfcPile","Tiefgründung Vorgefertigter Betonpfahl"
"5353","IfcPile","Tiefgründung Vorgefertigter Betonpfahl"
"5354","IfcPile","Tiefgründung Vorgefertigter Betonpfahl"
"5355","IfcPile","Tiefgründung Vorgefertigter Betonpfahl"
"5356","IfcPile","Tiefgründung Vorgefertigter Betonpfahl"
"5357","IfcPile","Tiefgründung Vorgefertigter Betonpfahl"
"5358","IfcPile","Tiefgründung Vorgefertigter Betonpfahl"
"5359","IfcPile","Tiefgründung Vorgefertigter Betonpfahl"
"5360","IfcPile","Tiefgründung Vorgefertigter Betonpfahl"
"5361","IfcPile","Tiefgründung Vorgefertigter Betonpfahl"
"5362","IfcPile","Tiefgründung Vorgefertigter Betonpfahl"
"5363","IfcPile","Tiefgründung Vorgefertigter Betonpfahl"
"5364","IfcPile","Tiefgründung Vorgefertigter Betonpfahl"
"5365","IfcPile","Tiefgründung Vorgefertigter Betonpfahl"
"5366","IfcPile","Tiefgründung Vorgefertigter Betonpfahl"
"5367","IfcPile","Tiefgründung Vorgefertigter Betonpfahl"
"5368","IfcPile","Tiefgründung Vorgefertigter Betonpfahl"
"5369","IfcPile","Tiefgründung Vorgefertigter Betonpfahl"
"5370","IfcPile","Tiefgründung Vorgefertigter Betonpfahl"
"5371","IfcPile","Tiefgründung Vorgefertigter Betonpfahl"
"5372","IfcPile","Tiefgründung Vorgefertigter Betonpfahl"
"5373","IfcPile","Tiefgründung Vorgefertigter Betonpfahl"
"5374","IfcPile","Tiefgründung Vorgefertigter Betonpfahl"
"5375","IfcPile","Tiefgründung Vorgefertigter Betonpfahl"
"5376","IfcPile","Tiefgründung Vorgefertigter Betonpfahl"
"5377","IfcPile","Tiefgründung Vorgefertigter Betonpfahl"
"5378","IfcPile","Tiefgründung Vorgefertigter Betonpfahl"
"5379","IfcPile","Tiefgründung Vorgefertigter Betonpfahl"
"5380","IfcPile","Tiefgründung Vorgefertigter Betonpfahl"
"5381","IfcPile","Tiefgründung Vorgefertigter Betonpfahl"
"5382","IfcPile","Tiefgründung Vorgefertigter Betonpfahl"
"5383","IfcPile","Tiefgründung Vorgefertigter Betonpfahl"
"5384","IfcPile","Tiefgründung Vorgefertigter Betonpfahl"
"5385","IfcPile","Tiefgründung Vorgefertigter Betonpfahl"
"5386","IfcPile","Tiefgründung Vorgefertigter Betonpfahl"
"5387","IfcPile","Tiefgründung Vorgefertigter Betonpfahl"
"5388","IfcPile","Tiefgründung Vorgefertigter Betonpfahl"
"5389","IfcPile","Tiefgründung Vorgefertigter Betonpfahl"
"5390","IfcPile","Tiefgründung Vorgefertigter Betonpfahl"
"5391","IfcPile","Tiefgründung Vorgefertigter Betonpfahl"
"5392","IfcPile","Tiefgründung Vorgefertigter Betonpfahl"
"5393","IfcPile","Tiefgründung Vorgefertigter Betonpfahl"
"5394","IfcPile","Tiefgründung Vorgefertigter Betonpfahl"
"5395","IfcPile","Tiefgründung Vorgefertigter Betonpfahl"
"5396","IfcPile","Tiefgründung Vorgefertigter Betonpfahl"
"5397","IfcPile","Tiefgründung Vorgefertigter Betonpfahl"
"5398","IfcPile","Tiefgründung Vorgefertigter Betonpfahl"
"5399","IfcPile","Tiefgründung Vorgefertigter Betonpfahl"
"5400","IfcPile","Tiefgründung Vorgefertigter Betonpfahl"
"5401","IfcPile","Tiefgründung Vorgefertigter Betonpfahl"
"5402","IfcPile","Tiefgründung Vorgefertigter Betonpfahl"
"5403","IfcPile","Tiefgründung Vorgefertigter Betonpfahl"
"5404","IfcPile","Tiefgründung Vorgefertigter Betonpfahl"
"5405","IfcPile","Tiefgründung Vorgefertigter Betonpfahl"
"5406","IfcPile","Tiefgründung Vorgefertigter Betonpfahl"
"5407","IfcPile","Tiefgründung Vorgefertigter Betonpfahl"
"5408","IfcPile","Tiefgründung Vorgefertigter Betonpfahl"
"5409","IfcPile","Tiefgründung Vorgefertigter Betonpfahl"
"5410","IfcPile","Tiefgründung Vorgefertigter Betonpfahl"
"5411","IfcPile","Tiefgründung Vorgefertigter Betonpfahl"
"5412","IfcPile","Tiefgründung Vorgefertigter Betonpfahl"
"5413","IfcPile","Tiefgründung Vorgefertigter Betonpfahl"
"5414","IfcPile","Tiefgründung Vorgefertigter Betonpfahl"
"5415","IfcPile","Tiefgründung Vorgefertigter Betonpfahl"
"5416","IfcPile","Tiefgründung Vorgefertigter Betonpfahl"
"5417","IfcPile","Tiefgründung Vorgefertigter Betonpfahl"
"5418","IfcPile","Tiefgründung Vorgefertigter Betonpfahl"
"5419","IfcPile","Tiefgründung Vorgefertigter Betonpfahl"
"5420","IfcPile","Tiefgründung Vorgefertigter Betonpfahl"
"5421","IfcPile","Tiefgründung Vorgefertigter Betonpfahl"
"5422","IfcPile","Tiefgründung Vorgefertigter Betonpfahl"
"5423","IfcPile","Tiefgründung Vorgefertigter Betonpfahl"
"5424","IfcPile","Tiefgründung Vorgefertigter Betonpfahl"
"5425","IfcPile","Tiefgründung Vorgefertigter Betonpfahl"
"5426","IfcPile","Tiefgründung Vorgefertigter Betonpfahl"
"5427","IfcPile","Tiefgründung Vorgefertigter Betonpfahl"
"5428","IfcPile","Tiefgründung Vorgefertigter Betonpfahl"
"5429","IfcPile","Tiefgründung Vorgefertigter Betonpfahl"
"5430","IfcPile","Tiefgründung Vorgefertigter Betonpfahl"
"5431","IfcPile","Tiefgründung Vorgefertigter Betonpfahl"
"5432","IfcPile","Tiefgründung Vorgefertigter Betonpfahl"
"5433","IfcPile","Tiefgründung Vorgefertigter Betonpfahl"
"5434","IfcPile","Tiefgründung Vorgefertigter Betonpfahl"
"5435","IfcPile","Tiefgründung Vorgefertigter Betonpfahl"
"5436","IfcPile","Tiefgründung Vorgefertigter Betonpfahl"
"5437","IfcPile","Tiefgründung Vorgefertigter Betonpfahl"
"5438","IfcPile","Tiefgründung Vorgefertigter Betonpfahl"
"5439","IfcPile","Tiefgründung Vorgefertigter Betonpfahl"
"5440","IfcPile","Tiefgründung Vorgefertigter Betonpfahl"
"5441","IfcPile","Tiefgründung Vorgefertigter Betonpfahl"
"5442","IfcPile","Tiefgründung Vorgefertigter Betonpfahl"
"5443","IfcPile","Tiefgründung Vorgefertigter Betonpfahl"
"5444","IfcPile","Tiefgründung Vorgefertigter Betonpfahl"
"5445","IfcPile","Tiefgründung Vorgefertigter Betonpfahl"
"5446","IfcPile","Tiefgründung Vorgefertigter Betonpfahl"
"5447","IfcPile","Tiefgründung Vorgefertigter Betonpfahl"
"5448","IfcPile","Tiefgründung Vorgefertigter Betonpfahl"
"5449","IfcPile","Tiefgründung Vorgefertigter Betonpfahl"
"5450","IfcPile","Tiefgründung Vorgefertigter Betonpfahl"
"5451","IfcPile","Tiefgründung Vorgefertigter Betonpfahl"
"5452","IfcPile","Tiefgründung Vorgefertigter Betonpfahl"
"5453","IfcPile","Tiefgründung Vorgefertigter Betonpfahl"
"5454","IfcPile","Tiefgründung Vorgefertigter Betonpfahl"
"5455","IfcPile","Tiefgründung Vorgefertigter Betonpfahl"
"5456","IfcPile","Tiefgründung Vorgefertigter Betonpfahl"
"5457","IfcPile","Tiefgründung Vorgefertigter Betonpfahl"
"5458","IfcPile","Tiefgründung Vorgefertigter Betonpfahl"
"5459","IfcPile","Tiefgründung Vorgefertigter Betonpfahl"
"5460","IfcPile","Tiefgründung Vorgefertigter Betonpfahl"
"5461","IfcPile","Tiefgründung Vorgefertigter Betonpfahl"
"5462","IfcPile","Tiefgründung Vorgefertigter Betonpfahl"
"5463","IfcPile","Tiefgründung Vorgefertigter Betonpfahl"
"5464","IfcPile","Tiefgründung Vorgefertigter Betonpfahl"
"5465","IfcPile","Tiefgründung Vorgefertigter Betonpfahl"
"5466","IfcPile","Tiefgründung Vorgefertigter Betonpfahl"
"5467","IfcPile","Tiefgründung Vorgefertigter Betonpfahl"
"5468","IfcPile","Tiefgründung Vorgefertigter Betonpfahl"
"5469","IfcPile","Tiefgründung Vorgefertigter Betonpfahl"
"5470","IfcPile","Tiefgründung Vorgefertigter Betonpfahl"
"5471","IfcPile","Tiefgründung Vorgefertigter Betonpfahl"
"5472","IfcPile","Tiefgründung Vorgefertigter Betonpfahl"
"5473","IfcPile","Tiefgründung Vorgefertigter Betonpfahl"
"5474","IfcPile","Tiefgründung Vorgefertigter Betonpfahl"
"5475","IfcPile","Tiefgründung Vorgefertigter Betonpfahl"
"5476","IfcPile","Tiefgründung Vorgefertigter Betonpfahl"
"5477","IfcPile","Tiefgründung Vorgefertigter Betonpfahl"
"5478","IfcPile","Tiefgründung Vorgefertigter Betonpfahl"
"5479","IfcPile","Tiefgründung Vorgefertigter Betonpfahl"
"5480","IfcPile","Tiefgründung Vorgefertigter Betonpfahl"
"5481","IfcPile","Tiefgründung Vorgefertigter Betonpfahl"
"5482","IfcPile","Tiefgründung Vorgefertigter Betonpfahl"
"5483","IfcPile","Tiefgründung Vorgefertigter Betonpfahl"
"5484","IfcPile","Tiefgründung Vorgefertigter Betonpfahl"
"5485","IfcPile","Tiefgründung Vorgefertigter Betonpfahl"
"5486","IfcPile","Tiefgründung Vorgefertigter Betonpfahl"
"5487","IfcPile","Tiefgründung Vorgefertigter Betonpfahl"
"5488","IfcPile","Tiefgründung Vorgefertigter Betonpfahl"
"5489","IfcPile","Tiefgründung Vorgefertigter Betonpfahl"
"5490","IfcPile","Tiefgründung Vorgefertigter Betonpfahl"
"5491","IfcPile","Tiefgründung Vorgefertigter Betonpfahl"
"5492","IfcPile","Tiefgründung Vorgefertigter Betonpfahl"
"5493","IfcPile","Tiefgründung Vorgefertigter Betonpfahl"
"5494","IfcPile","Tiefgründung Vorgefertigter Betonpfahl"
"5495","IfcPile","Tiefgründung Vorgefertigter Betonpfahl"
"5496","IfcPile","Tiefgründung Vorgefertigter Betonpfahl"
"5497","IfcPile","Tiefgründung Vorgefertigter Betonpfahl"
"5498","IfcPile","Tiefgründung Vorgefertigter Betonpfahl"
"5499","IfcPile","Tiefgründung Vorgefertigter Betonpfahl"
"5500","IfcPile","Tiefgründung Vorgefertigter Betonpfahl"
"5501","IfcPile","Tiefgründung Vorgefertigter Betonpfahl"
"5502","IfcPile","Tiefgründung Vorgefertigter Betonpfahl"
"5503","IfcPile","Tiefgründung Vorgefertigter Betonpfahl"
"5504","IfcPile","Tiefgründung Vorgefertigter Betonpfahl"
"5505","IfcPile","Tiefgründung Vorgefertigter Betonpfahl"
"5506","IfcPile","Tiefgründung Vorgefertigter Betonpfahl"
"5507","IfcPile","Tiefgründung Vorgefertigter Betonpfahl"
"5508","IfcPile","Tiefgründung Vorgefertigter Betonpfahl"
"5509","IfcPile","Tiefgründung Vorgefertigter Betonpfahl"
"5510","IfcPile","Tiefgründung Vorgefertigter Betonpfahl"
"5511","IfcPile","Tiefgründung Vorgefertigter Betonpfahl"
"5512","IfcPile","Tiefgründung Vorgefertigter Betonpfahl"
"5513","IfcPile","Tiefgründung Vorgefertigter Betonpfahl"
"5514","IfcPile","Tiefgründung Vorgefertigter Betonpfahl"
"5515","IfcPile","Tiefgründung Vorgefertigter Betonpfahl"
"5516","IfcPile","Tiefgründung Vorgefertigter Betonpfahl"
"5517","IfcPile","Tiefgründung Vorgefertigter Betonpfahl"
"5518","IfcPile","Tiefgründung Vorgefertigter Betonpfahl"
"5519","IfcPile","Stahlblech blank"
"5519","IfcPile","Stahlprofil blank"
"5520","IfcPile","Stahlblech blank"
"5520","IfcPile","Stahlprofil blank"
"5521","IfcPile","Stahlblech blank"
"5521","IfcPile","Stahlprofil blank"
"5522","IfcPile","Stahlblech blank"
"5522","IfcPile","Stahlprofil blank"
"5523","IfcPile","Stahlblech blank"
"5523","IfcPile","Stahlprofil blank"
"5524","IfcPile","Stahlblech blank"
"5524","IfcPile","Stahlprofil blank"
"5525","IfcPile","Stahlblech blank"
"5525","IfcPile","Stahlprofil blank"
"5526","IfcPile","Stahlblech blank"
"5526","IfcPile","Stahlprofil blank"
"5527","IfcPile","Tiefgründung Vorgefertigter Betonpfahl"
"5528","IfcPile","Tiefgründung Vorgefertigter Betonpfahl"
"5529","IfcPile","Tiefgründung Vorgefertigter Betonpfahl"
"5530","IfcPile","Tiefgründung Vorgefertigter Betonpfahl"
"5531","IfcPile","Tiefgründung Vorgefertigter Betonpfahl"
"5532","IfcPile","Tiefgründung Vorgefertigter Betonpfahl"
"5533","IfcPile","Tiefgründung Vorgefertigter Betonpfahl"
"5534","IfcPile","Tiefgründung Vorgefertigter Betonpfahl"
"5535","IfcPile","Tiefgründung Vorgefertigter Betonpfahl"
"5536","IfcPile","Tiefgründung Vorgefertigter Betonpfahl"
"5537","IfcPile","Tiefgründung Vorgefertigter Betonpfahl"
"5538","IfcPile","Tiefgründung Vorgefertigter Betonpfahl"
"5539","IfcPile","Tiefgründung Vorgefertigter Betonpfahl"
"5540","IfcPile","Tiefgründung Vorgefertigter Betonpfahl"
"5541","IfcPile","Tiefgründung Vorgefertigter Betonpfahl"
"5542","IfcPile","Tiefgründung Vorgefertigter Betonpfahl"
"5543","IfcPile","Tiefgründung Vorgefertigter Betonpfahl"
"5544","IfcPile","Tiefgründung Vorgefertigter Betonpfahl"
"5545","IfcPile","Tiefgründung Vorgefertigter Betonpfahl"
"5546","IfcPile","Tiefgründung Vorgefertigter Betonpfahl"
"5547","IfcPile","Tiefgründung Vorgefertigter Betonpfahl"
"5548","IfcPile","Tiefgründung Vorgefertigter Betonpfahl"
"5549","IfcPile","Tiefgründung Vorgefertigter Betonpfahl"
"5550","IfcPile","Tiefgründung Vorgefertigter Betonpfahl"
"5551","IfcPile","Tiefgründung Vorgefertigter Betonpfahl"
"5552","IfcPile","Tiefgründung Vorgefertigter Betonpfahl"
"5553","IfcPile","Tiefgründung Vorgefertigter Betonpfahl"
"5554","IfcPile","Tiefgründung Vorgefertigter Betonpfahl"
"5555","IfcPile","Tiefgründung Vorgefertigter Betonpfahl"
"5556","IfcPile","Tiefgründung Vorgefertigter Betonpfahl"
"5557","IfcPile","Tiefgründung Vorgefertigter Betonpfahl"
"5558","IfcPile","Tiefgründung Vorgefertigter Betonpfahl"
"5559","IfcPile","Tiefgründung Vorgefertigter Betonpfahl"
"5560","IfcPile","Tiefgründung Vorgefertigter Betonpfahl"
"5561","IfcPile","Tiefgründung Vorgefertigter Betonpfahl"
"5562","IfcPile","Tiefgründung Vorgefertigter Betonpfahl"
"5563","IfcPile","Tiefgründung Vorgefertigter Betonpfahl"
"5564","IfcPile","Tiefgründung Vorgefertigter Betonpfahl"
"5565","IfcPile","Tiefgründung Vorgefertigter Betonpfahl"
"5566","IfcPile","Tiefgründung Vorgefertigter Betonpfahl"
"5567","IfcPile","Tiefgründung Vorgefertigter Betonpfahl"
"5568","IfcPile","Tiefgründung Vorgefertigter Betonpfahl"
"5569","IfcPile","Tiefgründung Vorgefertigter Betonpfahl"
"5570","IfcPile","Tiefgründung Vorgefertigter Betonpfahl"
"5571","IfcPile","Tiefgründung Vorgefertigter Betonpfahl"
"5572","IfcPile","Tiefgründung Vorgefertigter Betonpfahl"
"5573","IfcPile","Tiefgründung Vorgefertigter Betonpfahl"
"5574","IfcPile","Tiefgründung Vorgefertigter Betonpfahl"
"5575","IfcPile","Tiefgründung Vorgefertigter Betonpfahl"
"5576","IfcPile","Tiefgründung Vorgefertigter Betonpfahl"
"5577","IfcPile","Tiefgründung Vorgefertigter Betonpfahl"
"5578","IfcPile","Tiefgründung Vorgefertigter Betonpfahl"
"5579","IfcPile","Tiefgründung Vorgefertigter Betonpfahl"
"5580","IfcPile","Tiefgründung Vorgefertigter Betonpfahl"
"5581","IfcPile","Tiefgründung Vorgefertigter Betonpfahl"
"5582","IfcPile","Tiefgründung Vorgefertigter Betonpfahl"
"5583","IfcPile","Tiefgründung Vorgefertigter Betonpfahl"
"5584","IfcPile","Tiefgründung Vorgefertigter Betonpfahl"
"5585","IfcPile","Tiefgründung Vorgefertigter Betonpfahl"
"5586","IfcPile","Tiefgründung Vorgefertigter Betonpfahl"
"5587","IfcPile","Tiefgründung Vorgefertigter Betonpfahl"
"5588","IfcPile","Tiefgründung Vorgefertigter Betonpfahl"
"5589","IfcPile","Tiefgründung Vorgefertigter Betonpfahl"
"5590","IfcPile","Tiefgründung Vorgefertigter Betonpfahl"
"5591","IfcPile","Tiefgründung Vorgefertigter Betonpfahl"
"5592","IfcPile","Tiefgründung Vorgefertigter Betonpfahl"
"5593","IfcPile","Tiefgründung Vorgefertigter Betonpfahl"
"5594","IfcPile","Tiefgründung Vorgefertigter Betonpfahl"
"5595","IfcPile","Tiefgründung Vorgefertigter Betonpfahl"
"5596","IfcPile","Tiefgründung Vorgefertigter Betonpfahl"
"5597","IfcPile","Tiefgründung Vorgefertigter Betonpfahl"
"5598","IfcPile","Tiefgründung Vorgefertigter Betonpfahl"
"5599","IfcPile","Tiefgründung Vorgefertigter Betonpfahl"
"5600","IfcPile","Tiefgründung Vorgefertigter Betonpfahl"
"5601","IfcPile","Tiefgründung Vorgefertigter Betonpfahl"
"5602","IfcPile","Tiefgründung Vorgefertigter Betonpfahl"
"5603","IfcPile","Tiefgründung Vorgefertigter Betonpfahl"
"5604","IfcPile","Tiefgründung Vorgefertigter Betonpfahl"
"5605","IfcPile","Tiefgründung Vorgefertigter Betonpfahl"
"5606","IfcPile","Tiefgründung Vorgefertigter Betonpfahl"
"5607","IfcPile","Tiefgründung Vorgefertigter Betonpfahl"
"5608","IfcPile","Tiefgründung Vorgefertigter Betonpfahl"
"5609","IfcPile","Tiefgründung Vorgefertigter Betonpfahl"
"5610","IfcPile","Tiefgründung Vorgefertigter Betonpfahl"
"5611","IfcPile","Tiefgründung Vorgefertigter Betonpfahl"
"5612","IfcPile","Tiefgründung Vorgefertigter Betonpfahl"
"5613","IfcPile","Tiefgründung Vorgefertigter Betonpfahl"
"5614","IfcPile","Tiefgründung Vorgefertigter Betonpfahl"
"5615","IfcPile","Tiefgründung Vorgefertigter Betonpfahl"
"5616","IfcPile","Tiefgründung Vorgefertigter Betonpfahl"
"5617","IfcPile","Tiefgründung Vorgefertigter Betonpfahl"
"5618","IfcPile","Tiefgründung Vorgefertigter Betonpfahl"
"5619","IfcPile","Tiefgründung Vorgefertigter Betonpfahl"
"5620","IfcPile","Tiefgründung Vorgefertigter Betonpfahl"
"5621","IfcPile","Tiefgründung Vorgefertigter Betonpfahl"
"5622","IfcPile","Tiefgründung Vorgefertigter Betonpfahl"
"5623","IfcPile","Tiefgründung Vorgefertigter Betonpfahl"
"5624","IfcPile","Tiefgründung Vorgefertigter Betonpfahl"
"5625","IfcPile","Tiefgründung Vorgefertigter Betonpfahl"
"5626","IfcPile","Tiefgründung Vorgefertigter Betonpfahl"
"5627","IfcPile","Tiefgründung Vorgefertigter Betonpfahl"
"5628","IfcPile","Tiefgründung Vorgefertigter Betonpfahl"
"5629","IfcPile","Tiefgründung Vorgefertigter Betonpfahl"
"5630","IfcPile","Tiefgründung Vorgefertigter Betonpfahl"
"5631","IfcPile","Tiefgründung Vorgefertigter Betonpfahl"
"5632","IfcPile","Tiefgründung Vorgefertigter Betonpfahl"
"5633","IfcPile","Tiefgründung Vorgefertigter Betonpfahl"
"5634","IfcPile","Tiefgründung Vorgefertigter Betonpfahl"
"5635","IfcPile","Tiefgründung Vorgefertigter Betonpfahl"
"5636","IfcPile","Tiefgründung Vorgefertigter Betonpfahl"
"5637","IfcPile","Tiefgründung Vorgefertigter Betonpfahl"
"5638","IfcPile","Tiefgründung Vorgefertigter Betonpfahl"
"5639","IfcPile","Tiefgründung Vorgefertigter Betonpfahl"
"5640","IfcPile","Tiefgründung Vorgefertigter Betonpfahl"
"5641","IfcPile","Tiefgründung Vorgefertigter Betonpfahl"
"5642","IfcPile","Tiefgründung Vorgefertigter Betonpfahl"
"5643","IfcPile","Tiefgründung Vorgefertigter Betonpfahl"
"5644","IfcPile","Tiefgründung Vorgefertigter Betonpfahl"
"5645","IfcPile","Tiefgründung Vorgefertigter Betonpfahl"
"5646","IfcPile","Tiefgründung Vorgefertigter Betonpfahl"
"5647","IfcPile","Tiefgründung Vorgefertigter Betonpfahl"
"5648","IfcPile","Tiefgründung Vorgefertigter Betonpfahl"
"5649","IfcPile","Tiefgründung Vorgefertigter Betonpfahl"
"5650","IfcPile","Tiefgründung Vorgefertigter Betonpfahl"
"5651","IfcPile","Tiefgründung Vorgefertigter Betonpfahl"
"5652","IfcPile","Tiefgründung Vorgefertigter Betonpfahl"
"5653","IfcPile","Tiefgründung Vorgefertigter Betonpfahl"
"5654","IfcPile","Tiefgründung Vorgefertigter Betonpfahl"
"5655","IfcPile","Tiefgründung Vorgefertigter Betonpfahl"
"5656","IfcPile","Tiefgründung Vorgefertigter Betonpfahl"
"5657","IfcPile","Tiefgründung Vorgefertigter Betonpfahl"
"5658","IfcPile","Tiefgründung Vorgefertigter Betonpfahl"
"5659","IfcPile","Tiefgründung Vorgefertigter Betonpfahl"
"5660","IfcPile","Tiefgründung Vorgefertigter Betonpfahl"
"5661","IfcPile","Tiefgründung Vorgefertigter Betonpfahl"
"5662","IfcPile","Tiefgründung Vorgefertigter Betonpfahl"
"5663","IfcPile","Tiefgründung Vorgefertigter Betonpfahl"
"5664","IfcPile","Tiefgründung Vorgefertigter Betonpfahl"
"5665","IfcPile","Tiefgründung Vorgefertigter Betonpfahl"
"5666","IfcPile","Tiefgründung Vorgefertigter Betonpfahl"
"5667","IfcPile","Tiefgründung Vorgefertigter Betonpfahl"
"5668","IfcPile","Tiefgründung Vorgefertigter Betonpfahl"
"5669","IfcPile","Tiefgründung Vorgefertigter Betonpfahl"
"5670","IfcPile","Tiefgründung Vorgefertigter Betonpfahl"
"5671","IfcPile","Tiefgründung Vorgefertigter Betonpfahl"
"5672","IfcPile","Tiefgründung Vorgefertigter Betonpfahl"
"5673","IfcPile","Tiefgründung Vorgefertigter Betonpfahl"
"5674","IfcPile","Tiefgründung Vorgefertigter Betonpfahl"
"5675","IfcPile","Tiefgründung Vorgefertigter Betonpfahl"
"5676","IfcPile","Tiefgründung Vorgefertigter Betonpfahl"
"5677","IfcPile","Tiefgründung Vorgefertigter Betonpfahl"
"5678","IfcPile","Tiefgründung Vorgefertigter Betonpfahl"
"5679","IfcPile","Tiefgründung Vorgefertigter Betonpfahl"
"5680","IfcPile","Tiefgründung Vorgefertigter Betonpfahl"
"5681","IfcPile","Tiefgründung Vorgefertigter Betonpfahl"
"5682","IfcPile","Tiefgründung Vorgefertigter Betonpfahl"
"5683","IfcPile","Tiefgründung Vorgefertigter Betonpfahl"
"5684","IfcPile","Tiefgründung Vorgefertigter Betonpfahl"
"5685","IfcPile","Tiefgründung Vorgefertigter Betonpfahl"
"5686","IfcPile","Tiefgründung Vorgefertigter Betonpfahl"
"5687","IfcPile","Tiefgründung Vorgefertigter Betonpfahl"
"5688","IfcPile","Tiefgründung Vorgefertigter Betonpfahl"
"5689","IfcPile","Tiefgründung Vorgefertigter Betonpfahl"
"5690","IfcPile","Tiefgründung Vorgefertigter Betonpfahl"
"5691","IfcPile","Tiefgründung Vorgefertigter Betonpfahl"
"5692","IfcPile","Tiefgründung Vorgefertigter Betonpfahl"
"5693","IfcPile","Tiefgründung Vorgefertigter Betonpfahl"
"5694","IfcPile","Tiefgründung Vorgefertigter Betonpfahl"
"5695","IfcPile","Tiefgründung Vorgefertigter Betonpfahl"
"5696","IfcPile","Tiefgründung Vorgefertigter Betonpfahl"
"5697","IfcPile","Tiefgründung Vorgefertigter Betonpfahl"
"5698","IfcPile","Tiefgründung Vorgefertigter Betonpfahl"
"5699","IfcPile","Tiefgründung Vorgefertigter Betonpfahl"
"5700","IfcPile","Tiefgründung Vorgefertigter Betonpfahl"
"5701","IfcPile","Tiefgründung Vorgefertigter Betonpfahl"
"5702","IfcPile","Tiefgründung Vorgefertigter Betonpfahl"
"5703","IfcPile","Tiefgründung Vorgefertigter Betonpfahl"
"5704","IfcPile","Tiefgründung Vorgefertigter Betonpfahl"
"5705","IfcPile","Tiefgründung Vorgefertigter Betonpfahl"
"5706","IfcPile","Tiefgründung Vorgefertigter Betonpfahl"
"5707","IfcPile","Tiefgründung Vorgefertigter Betonpfahl"
"5708","IfcPile","Tiefgründung Vorgefertigter Betonpfahl"
"5709","IfcPile","Tiefgründung Vorgefertigter Betonpfahl"
"5710","IfcPile","Tiefgründung Vorgefertigter Betonpfahl"
"5711","IfcPile","Tiefgründung Vorgefertigter Betonpfahl"
"5712","IfcPile","Tiefgründung Vorgefertigter Betonpfahl"
"5713","IfcPile","Tiefgründung Vorgefertigter Betonpfahl"
"5714","IfcPile","Tiefgründung Vorgefertigter Betonpfahl"
"5715","IfcPile","Tiefgründung Vorgefertigter Betonpfahl"
"5716","IfcPile","Tiefgründung Vorgefertigter Betonpfahl"
"5717","IfcPile","Tiefgründung Vorgefertigter Betonpfahl"
"5718","IfcPile","Tiefgründung Vorgefertigter Betonpfahl"
"5719","IfcPile","Tiefgründung Vorgefertigter Betonpfahl"
"5720","IfcPile","Tiefgründung Vorgefertigter Betonpfahl"
"5721","IfcPile","Tiefgründung Vorgefertigter Betonpfahl"
"5722","IfcPile","Tiefgründung Vorgefertigter Betonpfahl"
"5723","IfcPile","Tiefgründung Vorgefertigter Betonpfahl"
"5724","IfcPile","Tiefgründung Vorgefertigter Betonpfahl"
"5725","IfcPile","Tiefgründung Vorgefertigter Betonpfahl"
"5726","IfcPile","Tiefgründung Vorgefertigter Betonpfahl"
"5727","IfcPile","Tiefgründung Vorgefertigter Betonpfahl"
"5728","IfcPile","Tiefgründung Vorgefertigter Betonpfahl"
"5729","IfcPile","Tiefgründung Vorgefertigter Betonpfahl"
"5730","IfcPile","Tiefgründung Vorgefertigter Betonpfahl"
"5731","IfcPile","Tiefgründung Vorgefertigter Betonpfahl"
"5732","IfcPile","Tiefgründung Vorgefertigter Betonpfahl"
"5733","IfcPile","Tiefgründung Vorgefertigter Betonpfahl"
"5734","IfcPile","Tiefgründung Vorgefertigter Betonpfahl"
"5735","IfcPile","Tiefgründung Vorgefertigter Betonpfahl"
"5736","IfcPile","Tiefgründung Vorgefertigter Betonpfahl"
"5737","IfcPile","Tiefgründung Vorgefertigter Betonpfahl"
"5738","IfcPile","Bohrpfahlbeton"
"5738","IfcPile","Tiefgründung Mikrobohrpfahl"
"5738","IfcPile","Tiefgründung Vorgefertigter Betonpfahl"
"5739","IfcPile","Tiefgründung Vorgefertigter Betonpfahl"
"5740","IfcPile","Tiefbaubeton"
"5740","IfcPile","Tiefgründung Ortbetonverdrängungspfahl 560/480"
"5741","IfcPile","Tiefbaubeton"
"5741","IfcPile","Tiefgründung Ortbetonverdrängungspfahl 560/480"
"5742","IfcPile","Tiefgründung Vorgefertigter Betonpfahl"
"5743","IfcPile","Bohrpfahlbeton"
"5743","IfcPile","Tiefgründung Mikrobohrpfahl"
"5743","IfcPile","Tiefgründung Vorgefertigter Betonpfahl"
"5744","IfcPile","Tiefgründung Vorgefertigter Betonpfahl"
"5745","IfcPile","Tiefbaubeton"
"5745","IfcPile","Tiefgründung Ortbetonverdrängungspfahl 560/480"
"5746","IfcPile","Tiefbaubeton"
"5746","IfcPile","Tiefgründung Ortbetonverdrängungspfahl 560/480"
"5747","IfcPile","Tiefgründung Vorgefertigter Betonpfahl"
"5748","IfcPile","Bohrpfahlbeton"
"5748","IfcPile","Tiefgründung Mikrobohrpfahl"
"5748","IfcPile","Tiefgründung Vorgefertigter Betonpfahl"
"5749","IfcPile","Tiefgründung Vorgefertigter Betonpfahl"
"5750","IfcPile","Tiefbaubeton"
"5750","IfcPile","Tiefgründung Ortbetonverdrängungspfahl 560/480"
"5751","IfcPile","Tiefbaubeton"
"5751","IfcPile","Tiefgründung Ortbetonverdrängungspfahl 560/480"
"5752","IfcPile","Tiefgründung Vorgefertigter Betonpfahl"
"5753","IfcPile","Bohrpfahlbeton"
"5753","IfcPile","Tiefgründung Ortbetonbohrpfahl 700"
"5753","IfcPile","Tiefgründung Vorgefertigter Betonpfahl"
"5754","IfcPile","Tiefgründung Vorgefertigter Betonpfahl"
"5755","IfcPile","Tiefbaubeton"
"5755","IfcPile","Tiefgründung Ortbetonverdrängungspfahl 560/480"
"5756","IfcPile","Tiefbaubeton"
"5756","IfcPile","Tiefgründung Ortbetonverdrängungspfahl 560/480"
"5757","IfcPile","Tiefgründung Vorgefertigter Betonpfahl"
"5758","IfcPile","Bohrpfahlbeton"
"5758","IfcPile","Tiefgründung Ortbetonbohrpfahl 700"
"5758","IfcPile","Tiefgründung Vorgefertigter Betonpfahl"
"5759","IfcPile","Tiefgründung Vorgefertigter Betonpfahl"
"5760","IfcPile","Tiefbaubeton"
"5760","IfcPile","Tiefgründung Ortbetonverdrängungspfahl 560/480"
"5761","IfcPile","Tiefbaubeton"
"5761","IfcPile","Tiefgründung Ortbetonverdrängungspfahl 560/480"
"5762","IfcPile","Tiefgründung Vorgefertigter Betonpfahl"
"5763","IfcPile","Bohrpfahlbeton"
"5763","IfcPile","Tiefgründung Ortbetonbohrpfahl 700"
"5763","IfcPile","Tiefgründung Vorgefertigter Betonpfahl"
"5764","IfcPile","Tiefgründung Vorgefertigter Betonpfahl"
"5765","IfcPile","Tiefbaubeton"
"5765","IfcPile","Tiefgründung Ortbetonverdrängungspfahl 660/580"
"5766","IfcPile","Tiefbaubeton"
"5766","IfcPile","Tiefgründung Ortbetonverdrängungspfahl 660/580"
"5767","IfcPile","Tiefgründung Vorgefertigter Betonpfahl"
"5768","IfcPile","Bohrpfahlbeton"
"5768","IfcPile","Tiefgründung Ortbetonbohrpfahl 700"
"5768","IfcPile","Tiefgründung Vorgefertigter Betonpfahl"
"5769","IfcPile","Tiefgründung Vorgefertigter Betonpfahl"
"5770","IfcPile","Tiefbaubeton"
"5770","IfcPile","Tiefgründung Ortbetonverdrängungspfahl 660/580"
"5771","IfcPile","Tiefbaubeton"
"5771","IfcPile","Tiefgründung Ortbetonverdrängungspfahl 660/580"
"5772","IfcPile","Tiefgründung Vorgefertigter Betonpfahl"
"5773","IfcPile","Bohrpfahlbeton"
"5773","IfcPile","Tiefgründung Ortbetonbohrpfahl 900"
"5773","IfcPile","Tiefgründung Vorgefertigter Betonpfahl"
"5774","IfcPile","Tiefgründung Vorgefertigter Betonpfahl"
"5775","IfcPile","Tiefbaubeton"
"5775","IfcPile","Tiefgründung Ortbetonverdrängungspfahl 660/580"
"5776","IfcPile","Tiefbaubeton"
"5776","IfcPile","Tiefgründung Ortbetonverdrängungspfahl 660/580"
"5777","IfcPile","Tiefgründung Vorgefertigter Betonpfahl"
"5778","IfcPile","Bohrpfahlbeton"
"5778","IfcPile","Tiefgründung Ortbetonbohrpfahl 900"
"5778","IfcPile","Tiefgründung Vorgefertigter Betonpfahl"
"5779","IfcPile","Tiefgründung Vorgefertigter Betonpfahl"
"5780","IfcPile","Tiefbaubeton"
"5780","IfcPile","Tiefgründung Ortbetonverdrängungspfahl 660/580"
"5781","IfcPile","Tiefgründung Vorgefertigter Betonpfahl"
"5782","IfcPile","Bohrpfahlbeton"
"5782","IfcPile","Tiefgründung Ortbetonbohrpfahl 1200"
"5782","IfcPile","Tiefgründung Vorgefertigter Betonpfahl"
"5783","IfcPile","Tiefgründung Vorgefertigter Betonpfahl"
"5784","IfcPile","Tiefbaubeton"
"5784","IfcPile","Tiefgründung Ortbetonverdrängungspfahl 660/580"
"5785","IfcPile","Tiefbaubeton"
"5785","IfcPile","Tiefgründung Ortbetonverdrängungspfahl 660/580"
"5786","IfcPile","Tiefgründung Vorgefertigter Betonpfahl"
"5787","IfcPile","Bohrpfahlbeton"
"5787","IfcPile","Tiefgründung Mikrobohrpfahl"
"5787","IfcPile","Tiefgründung Vorgefertigter Betonpfahl"
"5788","IfcPile","Tiefgründung Vorgefertigter Betonpfahl"
"5789","IfcPile","Tiefbaubeton"
"5789","IfcPile","Tiefgründung Ortbetonverdrängungspfahl 560/480"
"5790","IfcPile","Bohrpfahlbeton"
"5790","IfcPile","Tiefgründung Mikrobohrpfahl"
"5790","IfcPile","Tiefgründung Vorgefertigter Betonpfahl"
"5791","IfcPile","Tiefbaubeton"
"5791","IfcPile","Tiefgründung Ortbetonverdrängungspfahl 560/480"
"5792","IfcPile","Tiefgründung Vorgefertigter Betonpfahl"
"5793","IfcPile","Bohrpfahlbeton"
"5793","IfcPile","Tiefgründung Mikrobohrpfahl"
"5793","IfcPile","Tiefgründung Vorgefertigter Betonpfahl"
"5794","IfcPile","Tiefbaubeton"
"5794","IfcPile","Tiefgründung Ortbetonverdrängungspfahl 560/480"
"5795","IfcPile","Tiefgründung Vorgefertigter Betonpfahl"
"5796","IfcPile","Bohrpfahlbeton"
"5796","IfcPile","Tiefgründung Ortbetonbohrpfahl 700"
"5796","IfcPile","Tiefgründung Vorgefertigter Betonpfahl"
"5797","IfcPile","Tiefgründung Vorgefertigter Betonpfahl"
"5798","IfcPile","Tiefbaubeton"
"5798","IfcPile","Tiefgründung Ortbetonverdrängungspfahl 560/480"
"5799","IfcPile","Bohrpfahlbeton"
"5799","IfcPile","Tiefgründung Ortbetonbohrpfahl 700"
"5799","IfcPile","Tiefgründung Vorgefertigter Betonpfahl"
"5800","IfcPile","Tiefgründung Vorgefertigter Betonpfahl"
"5801","IfcPile","Tiefbaubeton"
"5801","IfcPile","Tiefgründung Ortbetonverdrängungspfahl 560/480"
"5802","IfcPile","Bohrpfahlbeton"
"5802","IfcPile","Tiefgründung Ortbetonbohrpfahl 700"
"5802","IfcPile","Tiefgründung Vorgefertigter Betonpfahl"
"5803","IfcPile","Tiefbaubeton"
"5803","IfcPile","Tiefgründung Ortbetonverdrängungspfahl 660/580"
"5804","IfcPile","Tiefgründung Vorgefertigter Betonpfahl"
"5805","IfcPile","Bohrpfahlbeton"
"5805","IfcPile","Tiefgründung Ortbetonbohrpfahl 700"
"5805","IfcPile","Tiefgründung Vorgefertigter Betonpfahl"
"5806","IfcPile","Tiefbaubeton"
"5806","IfcPile","Tiefgründung Ortbetonverdrängungspfahl 660/580"
"5807","IfcPile","Tiefgründung Vorgefertigter Betonpfahl"
"5808","IfcPile","Bohrpfahlbeton"
"5808","IfcPile","Tiefgründung Ortbetonbohrpfahl 900"
"5808","IfcPile","Tiefgründung Vorgefertigter Betonpfahl"
"5809","IfcPile","Tiefbaubeton"
"5809","IfcPile","Tiefgründung Ortbetonverdrängungspfahl 660/580"
"5810","IfcPile","Tiefgründung Vorgefertigter Betonpfahl"
"5811","IfcPile","Bohrpfahlbeton"
"5811","IfcPile","Tiefgründung Ortbetonbohrpfahl 900"
"5811","IfcPile","Tiefgründung Vorgefertigter Betonpfahl"
"5812","IfcPile","Tiefgründung Vorgefertigter Betonpfahl"
"5813","IfcPile","Tiefbaubeton"
"5813","IfcPile","Tiefgründung Ortbetonverdrängungspfahl 660/580"
"5814","IfcPile","Bohrpfahlbeton"
"5814","IfcPile","Tiefgründung Ortbetonbohrpfahl 1200"
"5814","IfcPile","Tiefgründung Vorgefertigter Betonpfahl"
"5815","IfcPile","Tiefgründung Vorgefertigter Betonpfahl"
"5816","IfcPile","Tiefbaubeton"
"5816","IfcPile","Tiefgründung Ortbetonverdrängungspfahl 660/580"
"5817","IfcPile","Bohrpfahlbeton"
"5817","IfcPile","Tiefgründung Mikrobohrpfahl"
"5817","IfcPile","Tiefgründung Vorgefertigter Betonpfahl"
"5818","IfcPile","Tiefbaubeton"
"5818","IfcPile","Tiefgründung Ortbetonverdrängungspfahl 560/480"
"5819","IfcPile","Tiefgründung Vorgefertigter Betonpfahl"
"5820","IfcPile","Bohrpfahlbeton"
"5820","IfcPile","Tiefgründung Mikrobohrpfahl"
"5820","IfcPile","Tiefgründung Vorgefertigter Betonpfahl"
"5821","IfcPile","Tiefbaubeton"
"5821","IfcPile","Tiefgründung Ortbetonverdrängungspfahl 560/480"
"5822","IfcPile","Tiefgründung Vorgefertigter Betonpfahl"
"5823","IfcPile","Bohrpfahlbeton"
"5823","IfcPile","Tiefgründung Mikrobohrpfahl"
"5823","IfcPile","Tiefgründung Vorgefertigter Betonpfahl"
"5824","IfcPile","Tiefbaubeton"
"5824","IfcPile","Tiefgründung Ortbetonverdrängungspfahl 560/480"
"5825","IfcPile","Tiefgründung Vorgefertigter Betonpfahl"
"5826","IfcPile","Bohrpfahlbeton"
"5826","IfcPile","Tiefgründung Ortbetonbohrpfahl 700"
"5826","IfcPile","Tiefgründung Vorgefertigter Betonpfahl"
"5827","IfcPile","Tiefbaubeton"
"5827","IfcPile","Tiefgründung Ortbetonverdrängungspfahl 560/480"
"5828","IfcPile","Tiefgründung Vorgefertigter Betonpfahl"
"5829","IfcPile","Bohrpfahlbeton"
"5829","IfcPile","Tiefgründung Ortbetonbohrpfahl 700"
"5829","IfcPile","Tiefgründung Vorgefertigter Betonpfahl"
"5830","IfcPile","Tiefgründung Vorgefertigter Betonpfahl"
"5831","IfcPile","Tiefbaubeton"
"5831","IfcPile","Tiefgründung Ortbetonverdrängungspfahl 560/480"
"5832","IfcPile","Bohrpfahlbeton"
"5832","IfcPile","Tiefgründung Ortbetonbohrpfahl 700"
"5832","IfcPile","Tiefgründung Vorgefertigter Betonpfahl"
"5833","IfcPile","Tiefbaubeton"
"5833","IfcPile","Tiefgründung Ortbetonverdrängungspfahl 660/580"
"5834","IfcPile","Tiefgründung Vorgefertigter Betonpfahl"
"5835","IfcPile","Bohrpfahlbeton"
"5835","IfcPile","Tiefgründung Ortbetonbohrpfahl 700"
"5835","IfcPile","Tiefgründung Vorgefertigter Betonpfahl"
"5836","IfcPile","Tiefbaubeton"
"5836","IfcPile","Tiefgründung Ortbetonverdrängungspfahl 660/580"
"5837","IfcPile","Tiefgründung Vorgefertigter Betonpfahl"
"5838","IfcPile","Bohrpfahlbeton"
"5838","IfcPile","Tiefgründung Ortbetonbohrpfahl 900"
"5838","IfcPile","Tiefgründung Vorgefertigter Betonpfahl"
"5839","IfcPile","Tiefgründung Vorgefertigter Betonpfahl"
"5840","IfcPile","Tiefbaubeton"
"5840","IfcPile","Tiefgründung Ortbetonverdrängungspfahl 660/580"
"5841","IfcPile","Bohrpfahlbeton"
"5841","IfcPile","Tiefgründung Ortbetonbohrpfahl 900"
"5841","IfcPile","Tiefgründung Vorgefertigter Betonpfahl"
"5842","IfcPile","Tiefbaubeton"
"5842","IfcPile","Tiefgründung Ortbetonverdrängungspfahl 660/580"
"5843","IfcPile","Tiefgründung Vorgefertigter Betonpfahl"
"5844","IfcPile","Bohrpfahlbeton"
"5844","IfcPile","Tiefgründung Ortbetonbohrpfahl 1200"
"5844","IfcPile","Tiefgründung Vorgefertigter Betonpfahl"
"5845","IfcPile","Tiefbaubeton"
"5845","IfcPile","Tiefgründung Ortbetonverdrängungspfahl 660/580"
"5846","IfcPile","Tiefgründung Vorgefertigter Betonpfahl"
"5847","IfcPile","Bohrpfahlbeton"
"5847","IfcPile","Tiefgründung Mikrobohrpfahl"
"5847","IfcPile","Tiefgründung Vorgefertigter Betonpfahl"
"5848","IfcPile","Tiefgründung Vorgefertigter Betonpfahl"
"5849","IfcPile","Tiefbaubeton"
"5849","IfcPile","Tiefgründung Ortbetonverdrängungspfahl 560/480"
"5850","IfcPile","Bohrpfahlbeton"
"5850","IfcPile","Tiefgründung Mikrobohrpfahl"
"5850","IfcPile","Tiefgründung Vorgefertigter Betonpfahl"
"5851","IfcPile","Tiefbaubeton"
"5851","IfcPile","Tiefgründung Ortbetonverdrängungspfahl 560/480"
"5852","IfcPile","Tiefgründung Vorgefertigter Betonpfahl"
"5853","IfcPile","Bohrpfahlbeton"
"5853","IfcPile","Tiefgründung Mikrobohrpfahl"
"5853","IfcPile","Tiefgründung Vorgefertigter Betonpfahl"
"5854","IfcPile","Tiefgründung Vorgefertigter Betonpfahl"
"5855","IfcPile","Tiefbaubeton"
"5855","IfcPile","Tiefgründung Ortbetonverdrängungspfahl 560/480"
"5856","IfcPile","Bohrpfahlbeton"
"5856","IfcPile","Tiefgründung Ortbetonbohrpfahl 700"
"5856","IfcPile","Tiefgründung Vorgefertigter Betonpfahl"
"5857","IfcPile","Tiefgründung Vorgefertigter Betonpfahl"
"5858","IfcPile","Tiefbaubeton"
"5858","IfcPile","Tiefgründung Ortbetonverdrängungspfahl 560/480"
"5859","IfcPile","Bohrpfahlbeton"
"5859","IfcPile","Tiefgründung Ortbetonbohrpfahl 700"
"5859","IfcPile","Tiefgründung Vorgefertigter Betonpfahl"
"5860","IfcPile","Tiefbaubeton"
"5860","IfcPile","Tiefgründung Ortbetonverdrängungspfahl 560/480"
"5861","IfcPile","Tiefgründung Vorgefertigter Betonpfahl"
"5862","IfcPile","Bohrpfahlbeton"
"5862","IfcPile","Tiefgründung Ortbetonbohrpfahl 700"
"5862","IfcPile","Tiefgründung Vorgefertigter Betonpfahl"
"5863","IfcPile","Tiefgründung Vorgefertigter Betonpfahl"
"5864","IfcPile","Tiefbaubeton"
"5864","IfcPile","Tiefgründung Ortbetonverdrängungspfahl 660/580"
"5865","IfcPile","Bohrpfahlbeton"
"5865","IfcPile","Tiefgründung Ortbetonbohrpfahl 700"
"5865","IfcPile","Tiefgründung Vorgefertigter Betonpfahl"
"5866","IfcPile","Tiefgründung Vorgefertigter Betonpfahl"
"5867","IfcPile","Tiefbaubeton"
"5867","IfcPile","Tiefgründung Ortbetonverdrängungspfahl 660/580"
"5868","IfcPile","Bohrpfahlbeton"
"5868","IfcPile","Tiefgründung Ortbetonbohrpfahl 900"
"5868","IfcPile","Tiefgründung Vorgefertigter Betonpfahl"
"5869","IfcPile","Tiefbaubeton"
"5869","IfcPile","Tiefgründung Ortbetonverdrängungspfahl 660/580"
"5870","IfcPile","Tiefgründung Vorgefertigter Betonpfahl"
"5871","IfcPile","Bohrpfahlbeton"
"5871","IfcPile","Tiefgründung Ortbetonbohrpfahl 900"
"5871","IfcPile","Tiefgründung Vorgefertigter Betonpfahl"
"5872","IfcPile","Tiefbaubeton"
"5872","IfcPile","Tiefgründung Ortbetonverdrängungspfahl 660/580"
"5873","IfcPile","Tiefgründung Vorgefertigter Betonpfahl"
"5874","IfcPile","Bohrpfahlbeton"
"5874","IfcPile","Tiefgründung Ortbetonbohrpfahl 1200"
"5874","IfcPile","Tiefgründung Vorgefertigter Betonpfahl"
"5875","IfcPile","Tiefbaubeton"
"5875","IfcPile","Tiefgründung Ortbetonverdrängungspfahl 660/580"
"5876","IfcPile","Tiefgründung Vorgefertigter Betonpfahl"
"5877","IfcPile","Bohrpfahlbeton"
"5877","IfcPile","Tiefgründung Mikrobohrpfahl"
"5877","IfcPile","Tiefgründung Vorgefertigter Betonpfahl"
"5878","IfcPile","Tiefbaubeton"
"5878","IfcPile","Tiefgründung Ortbetonverdrängungspfahl 560/480"
"5879","IfcPile","Tiefgründung Vorgefertigter Betonpfahl"
"5880","IfcPile","Bohrpfahlbeton"
"5880","IfcPile","Tiefgründung Mikrobohrpfahl"
"5880","IfcPile","Tiefgründung Vorgefertigter Betonpfahl"
"5881","IfcPile","Tiefgründung Vorgefertigter Betonpfahl"
"5882","IfcPile","Tiefbaubeton"
"5882","IfcPile","Tiefgründung Ortbetonverdrängungspfahl 560/480"
"5883","IfcPile","Bohrpfahlbeton"
"5883","IfcPile","Tiefgründung Mikrobohrpfahl"
"5883","IfcPile","Tiefgründung Vorgefertigter Betonpfahl"
"5884","IfcPile","Tiefgründung Vorgefertigter Betonpfahl"
"5885","IfcPile","Tiefbaubeton"
"5885","IfcPile","Tiefgründung Ortbetonverdrängungspfahl 560/480"
"5886","IfcPile","Bohrpfahlbeton"
"5886","IfcPile","Tiefgründung Ortbetonbohrpfahl 700"
"5886","IfcPile","Tiefgründung Vorgefertigter Betonpfahl"
"5887","IfcPile","Tiefbaubeton"
"5887","IfcPile","Tiefgründung Ortbetonverdrängungspfahl 560/480"
"5888","IfcPile","Tiefgründung Vorgefertigter Betonpfahl"
"5889","IfcPile","Bohrpfahlbeton"
"5889","IfcPile","Tiefgründung Ortbetonbohrpfahl 700"
"5889","IfcPile","Tiefgründung Vorgefertigter Betonpfahl"
"5890","IfcPile","Tiefbaubeton"
"5890","IfcPile","Tiefgründung Ortbetonverdrängungspfahl 560/480"
"5891","IfcPile","Tiefgründung Vorgefertigter Betonpfahl"
"5892","IfcPile","Bohrpfahlbeton"
"5892","IfcPile","Tiefgründung Ortbetonbohrpfahl 700"
"5892","IfcPile","Tiefgründung Vorgefertigter Betonpfahl"
"5893","IfcPile","Tiefgründung Vorgefertigter Betonpfahl"
"5894","IfcPile","Tiefbaubeton"
"5894","IfcPile","Tiefgründung Ortbetonverdrängungspfahl 660/580"
"5895","IfcPile","Bohrpfahlbeton"
"5895","IfcPile","Tiefgründung Ortbetonbohrpfahl 700"
"5895","IfcPile","Tiefgründung Vorgefertigter Betonpfahl"
"5896","IfcPile","Tiefgründung Vorgefertigter Betonpfahl"
"5897","IfcPile","Tiefbaubeton"
"5897","IfcPile","Tiefgründung Ortbetonverdrängungspfahl 660/580"
"5898","IfcPile","Bohrpfahlbeton"
"5898","IfcPile","Tiefgründung Ortbetonbohrpfahl 900"
"5898","IfcPile","Tiefgründung Vorgefertigter Betonpfahl"
"5899","IfcPile","Tiefgründung Vorgefertigter Betonpfahl"
"5900","IfcPile","Tiefbaubeton"
"5900","IfcPile","Tiefgründung Ortbetonverdrängungspfahl 660/580"
"5901","IfcPile","Bohrpfahlbeton"
"5901","IfcPile","Tiefgründung Ortbetonbohrpfahl 900"
"5901","IfcPile","Tiefgründung Vorgefertigter Betonpfahl"
"5902","IfcPile","Tiefgründung Vorgefertigter Betonpfahl"
"5903","IfcPile","Tiefbaubeton"
"5903","IfcPile","Tiefgründung Ortbetonverdrängungspfahl 660/580"
"5904","IfcPile","Bohrpfahlbeton"
"5904","IfcPile","Tiefgründung Ortbetonbohrpfahl 1200"
"5904","IfcPile","Tiefgründung Vorgefertigter Betonpfahl"
"5905","IfcPile","Tiefgründung Vorgefertigter Betonpfahl"
"5906","IfcPile","Tiefbaubeton"
"5906","IfcPile","Tiefgründung Ortbetonverdrängungspfahl 660/580"
"5907","IfcPile","Bohrpfahlbeton"
"5907","IfcPile","Tiefgründung Mikrobohrpfahl"
"5907","IfcPile","Tiefgründung Vorgefertigter Betonpfahl"
"5908","IfcPile","Tiefbaubeton"
"5908","IfcPile","Tiefgründung Ortbetonverdrängungspfahl 560/480"
"5909","IfcPile","Tiefgründung Vorgefertigter Betonpfahl"
"5910","IfcPile","Bohrpfahlbeton"
"5910","IfcPile","Tiefgründung Mikrobohrpfahl"
"5910","IfcPile","Tiefgründung Vorgefertigter Betonpfahl"
"5911","IfcPile","Tiefbaubeton"
"5911","IfcPile","Tiefgründung Ortbetonverdrängungspfahl 560/480"
"5912","IfcPile","Tiefgründung Vorgefertigter Betonpfahl"
"5913","IfcPile","Bohrpfahlbeton"
"5913","IfcPile","Tiefgründung Mikrobohrpfahl"
"5913","IfcPile","Tiefgründung Vorgefertigter Betonpfahl"
"5914","IfcPile","Tiefbaubeton"
"5914","IfcPile","Tiefgründung Ortbetonverdrängungspfahl 560/480"
"5915","IfcPile","Tiefgründung Vorgefertigter Betonpfahl"
"5916","IfcPile","Bohrpfahlbeton"
"5916","IfcPile","Tiefgründung Ortbetonbohrpfahl 700"
"5916","IfcPile","Tiefgründung Vorgefertigter Betonpfahl"
"5917","IfcPile","Tiefgründung Vorgefertigter Betonpfahl"
"5918","IfcPile","Tiefbaubeton"
"5918","IfcPile","Tiefgründung Ortbetonverdrängungspfahl 560/480"
"5919","IfcPile","Bohrpfahlbeton"
"5919","IfcPile","Tiefgründung Ortbetonbohrpfahl 700"
"5919","IfcPile","Tiefgründung Vorgefertigter Betonpfahl"
"5920","IfcPile","Tiefgründung Vorgefertigter Betonpfahl"
"5921","IfcPile","Tiefbaubeton"
"5921","IfcPile","Tiefgründung Ortbetonverdrängungspfahl 560/480"
"5922","IfcPile","Bohrpfahlbeton"
"5922","IfcPile","Tiefgründung Ortbetonbohrpfahl 700"
"5922","IfcPile","Tiefgründung Vorgefertigter Betonpfahl"
"5923","IfcPile","Tiefbaubeton"
"5923","IfcPile","Tiefgründung Ortbetonverdrängungspfahl 660/580"
"5924","IfcPile","Tiefgründung Vorgefertigter Betonpfahl"
"5925","IfcPile","Bohrpfahlbeton"
"5925","IfcPile","Tiefgründung Ortbetonbohrpfahl 700"
"5925","IfcPile","Tiefgründung Vorgefertigter Betonpfahl"
"5926","IfcPile","Tiefgründung Vorgefertigter Betonpfahl"
"5927","IfcPile","Tiefbaubeton"
"5927","IfcPile","Tiefgründung Ortbetonverdrängungspfahl 660/580"
"5928","IfcPile","Bohrpfahlbeton"
"5928","IfcPile","Tiefgründung Ortbetonbohrpfahl 900"
"5928","IfcPile","Tiefgründung Vorgefertigter Betonpfahl"
"5929","IfcPile","Tiefgründung Vorgefertigter Betonpfahl"
"5930","IfcPile","Tiefbaubeton"
"5930","IfcPile","Tiefgründung Ortbetonverdrängungspfahl 660/580"
"5931","IfcPile","Bohrpfahlbeton"
"5931","IfcPile","Tiefgründung Ortbetonbohrpfahl 900"
"5931","IfcPile","Tiefgründung Vorgefertigter Betonpfahl"
"5932","IfcPile","Tiefbaubeton"
"5932","IfcPile","Tiefgründung Ortbetonverdrängungspfahl 660/580"
"5933","IfcPile","Tiefgründung Vorgefertigter Betonpfahl"
"5934","IfcPile","Bohrpfahlbeton"
"5934","IfcPile","Tiefgründung Ortbetonbohrpfahl 1200"
"5934","IfcPile","Tiefgründung Vorgefertigter Betonpfahl"
"5935","IfcPile","Tiefgründung Vorgefertigter Betonpfahl"
"5936","IfcPile","Tiefbaubeton"
"5936","IfcPile","Tiefgründung Ortbetonverdrängungspfahl 660/580"
"5937","IfcPile","Tiefbaubeton"
"5937","IfcPile","Tiefgründung Ortbetonverdrängungspfahl 560/480"
"5938","IfcPile","Tiefbaubeton"
"5938","IfcPile","Tiefgründung Ortbetonverdrängungspfahl 560/480"
"5939","IfcPile","Tiefbaubeton"
"5939","IfcPile","Tiefgründung Ortbetonverdrängungspfahl 560/480"
"5940","IfcPile","Tiefbaubeton"
"5940","IfcPile","Tiefgründung Ortbetonverdrängungspfahl 560/480"
"5941","IfcPile","Tiefbaubeton"
"5941","IfcPile","Tiefgründung Ortbetonverdrängungspfahl 560/480"
"5942","IfcPile","Tiefbaubeton"
"5942","IfcPile","Tiefgründung Ortbetonverdrängungspfahl 660/580"
"5943","IfcPile","Tiefbaubeton"
"5943","IfcPile","Tiefgründung Ortbetonverdrängungspfahl 660/580"
"5944","IfcPile","Tiefbaubeton"
"5944","IfcPile","Tiefgründung Ortbetonverdrängungspfahl 660/580"
"5945","IfcPile","Tiefbaubeton"
"5945","IfcPile","Tiefgründung Ortbetonverdrängungspfahl 660/580"
"5946","IfcPile","Tiefgründung Vorgefertigter Betonpfahl"
"5947","IfcPile","Tiefbaubeton"
"5947","IfcPile","Tiefgründung Ortbetonverdrängungspfahl 560/480"
"5948","IfcPile","Tiefbaubeton"
"5948","IfcPile","Tiefgründung Ortbetonverdrängungspfahl 560/480"
"5949","IfcPile","Tiefbaubeton"
"5949","IfcPile","Tiefgründung Ortbetonverdrängungspfahl 660/580"
"5950","IfcPile","Tiefgründung Vorgefertigter Betonpfahl"
"5951","IfcPile","Tiefgründung Vorgefertigter Betonpfahl"
"5952","IfcPile","Tiefbaubeton"
"5952","IfcPile","Tiefgründung Ortbetonverdrängungspfahl 560/480"
"5953","IfcPile","Tiefgründung Vorgefertigter Betonpfahl"
"5954","IfcPile","Tiefgründung Vorgefertigter Betonpfahl"
"5955","IfcPile","Tiefbaubeton"
"5955","IfcPile","Tiefgründung Ortbetonverdrängungspfahl 560/480"
"5956","IfcPile","Tiefbaubeton"
"5956","IfcPile","Tiefgründung Ortbetonverdrängungspfahl 660/580"
"5957","IfcPile","Tiefgründung Vorgefertigter Betonpfahl"
"5958","IfcPile","Tiefgründung Vorgefertigter Betonpfahl"
"5959","IfcPile","Tiefbaubeton"
"5959","IfcPile","Tiefgründung Ortbetonverdrängungspfahl 560/480"
"5960","IfcPile","Tiefbaubeton"
"5960","IfcPile","Tiefgründung Ortbetonverdrängungspfahl 560/480"
"5961","IfcPile","Tiefbaubeton"
"5961","IfcPile","Tiefgründung Ortbetonverdrängungspfahl 560/480"
"5962","IfcPile","Tiefgründung Vorgefertigter Betonpfahl"
"5963","IfcPile","Tiefgründung Vorgefertigter Betonpfahl"
"5964","IfcPile","Tiefgründung Vorgefertigter Betonpfahl"
"5965","IfcPile","Tiefbaubeton"
"5965","IfcPile","Tiefgründung Ortbetonverdrängungspfahl 660/580"
"5966","IfcPile","Tiefgründung Vorgefertigter Betonpfahl"
"5967","IfcPile","Tiefgründung Vorgefertigter Betonpfahl"
"5968","IfcPile","Tiefgründung Vorgefertigter Betonpfahl"
"5969","IfcPile","Tiefgründung Vorgefertigter Betonpfahl"
"5970","IfcPile","Tiefbaubeton"
"5970","IfcPile","Tiefgründung Ortbetonverdrängungspfahl 660/580"
"5971","IfcPile","Tiefbaubeton"
"5971","IfcPile","Tiefgründung Ortbetonverdrängungspfahl 660/580"
"5972","IfcPile","Tiefgründung Vorgefertigter Betonpfahl"
"5973","IfcPile","Tiefgründung Vorgefertigter Betonpfahl"
"5974","IfcPile","Tiefgründung Vorgefertigter Betonpfahl"
"5975","IfcPile","Tiefgründung Vorgefertigter Betonpfahl"
"5976","IfcPile","Tiefbaubeton"
"5976","IfcPile","Tiefgründung Ortbetonverdrängungspfahl 660/580"
"5977","IfcPile","Tiefbaubeton"
"5977","IfcPile","Tiefgründung Ortbetonverdrängungspfahl 560/480"
"5978","IfcPile","Tiefbaubeton"
"5978","IfcPile","Tiefgründung Ortbetonverdrängungspfahl 560/480"
"5979","IfcPile","Tiefbaubeton"
"5979","IfcPile","Tiefgründung Ortbetonverdrängungspfahl 560/480"
"5980","IfcPile","Tiefbaubeton"
"5980","IfcPile","Tiefgründung Ortbetonverdrängungspfahl 560/480"
"5981","IfcPile","Tiefbaubeton"
"5981","IfcPile","Tiefgründung Ortbetonverdrängungspfahl 560/480"
"5982","IfcPile","Tiefbaubeton"
"5982","IfcPile","Tiefgründung Ortbetonverdrängungspfahl 660/580"
"5983","IfcPile","Tiefbaubeton"
"5983","IfcPile","Tiefgründung Ortbetonverdrängungspfahl 660/580"
"5984","IfcPile","Tiefbaubeton"
"5984","IfcPile","Tiefgründung Ortbetonverdrängungspfahl 660/580"
"5985","IfcPile","Tiefbaubeton"
"5985","IfcPile","Tiefgründung Ortbetonverdrängungspfahl 660/580"
"5986","IfcPile","Tiefbaubeton"
"5986","IfcPile","Tiefgründung Ortbetonverdrängungspfahl 660/580"
"5987","IfcPile","Tiefgründung Vorgefertigter Betonpfahl"
"5988","IfcPile","Tiefgründung Vorgefertigter Betonpfahl"
"5989","IfcPile","Tiefbaubeton"
"5989","IfcPile","Tiefgründung Ortbetonverdrängungspfahl 560/480"
"5990","IfcPile","Tiefbaubeton"
"5990","IfcPile","Tiefgründung Ortbetonverdrängungspfahl 560/480"
"5991","IfcPile","Tiefbaubeton"
"5991","IfcPile","Tiefgründung Ortbetonverdrängungspfahl 660/580"
"5992","IfcPile","Tiefbaubeton"
"5992","IfcPile","Tiefgründung Ortbetonverdrängungspfahl 660/580"
"5993","IfcPile","Tiefgründung Vorgefertigter Betonpfahl"
"5994","IfcPile","Tiefbaubeton"
"5994","IfcPile","Tiefgründung Ortbetonverdrängungspfahl 660/580"
"5995","IfcPile","Tiefbaubeton"
"5995","IfcPile","Tiefgründung Ortbetonverdrängungspfahl 560/480"
"5996","IfcPile","Tiefgründung Vorgefertigter Betonpfahl"
"5997","IfcPile","Tiefgründung Vorgefertigter Betonpfahl"
"5998","IfcPile","Tiefgründung Vorgefertigter Betonpfahl"
"5999","IfcPile","Tiefbaubeton"
"5999","IfcPile","Tiefgründung Ortbetonverdrängungspfahl 660/580"
"6000","IfcPile","Tiefgründung Vorgefertigter Betonpfahl"
"6001","IfcPile","Tiefgründung Vorgefertigter Betonpfahl"
"6002","IfcPile","Tiefbaubeton"
"6002","IfcPile","Tiefgründung Ortbetonverdrängungspfahl 660/580"
"6003","IfcPile","Tiefgründung Vorgefertigter Betonpfahl"
"6004","IfcPile","Tiefbaubeton"
"6004","IfcPile","Tiefgründung Ortbetonverdrängungspfahl 660/580"
"6005","IfcPile","Tiefbaubeton"
"6005","IfcPile","Tiefgründung Ortbetonverdrängungspfahl 660/580"
"6006","IfcPile","Tiefbaubeton"
"6006","IfcPile","Tiefgründung Ortbetonverdrängungspfahl 560/480"
"6007","IfcPile","Tiefgründung Vorgefertigter Betonpfahl"
"6008","IfcPile","Tiefbaubeton"
"6008","IfcPile","Tiefgründung Ortbetonverdrängungspfahl 560/480"
"6009","IfcPile","Tiefbaubeton"
"6009","IfcPile","Tiefgründung Ortbetonverdrängungspfahl 560/480"
"6010","IfcPile","Tiefbaubeton"
"6010","IfcPile","Tiefgründung Ortbetonverdrängungspfahl 560/480"
"6011","IfcPile","Tiefbaubeton"
"6011","IfcPile","Tiefgründung Ortbetonverdrängungspfahl 560/480"
"6012","IfcPile","Tiefbaubeton"
"6012","IfcPile","Tiefgründung Ortbetonverdrängungspfahl 660/580"
"6013","IfcPile","Tiefbaubeton"
"6013","IfcPile","Tiefgründung Ortbetonverdrängungspfahl 660/580"
"6014","IfcPile","Tiefbaubeton"
"6014","IfcPile","Tiefgründung Ortbetonverdrängungspfahl 660/580"
"6015","IfcPile","Tiefbaubeton"
"6015","IfcPile","Tiefgründung Ortbetonverdrängungspfahl 660/580"
"6016","IfcPile","Tiefbaubeton"
"6016","IfcPile","Tiefgründung Ortbetonverdrängungspfahl 660/580"
"6017","IfcPile","Tiefbaubeton"
"6017","IfcPile","Tiefgründung Ortbetonverdrängungspfahl 560/480"
"6018","IfcPile","Tiefbaubeton"
"6018","IfcPile","Tiefgründung Ortbetonverdrängungspfahl 660/580"
"6019","IfcPile","Tiefgründung Vorgefertigter Betonpfahl"
"6020","IfcPile","Tiefgründung Vorgefertigter Betonpfahl"
"6021","IfcPile","Tiefbaubeton"
"6021","IfcPile","Tiefgründung Ortbetonverdrängungspfahl 560/480"
"6022","IfcPile","Tiefbaubeton"
"6022","IfcPile","Tiefgründung Ortbetonverdrängungspfahl 660/580"
"6023","IfcPile","Tiefbaubeton"
"6023","IfcPile","Tiefgründung Ortbetonverdrängungspfahl 560/480"
"6024","IfcPile","Tiefbaubeton"
"6024","IfcPile","Tiefgründung Ortbetonverdrängungspfahl 560/480"
"6025","IfcPile","Tiefgründung Vorgefertigter Betonpfahl"
"6026","IfcPile","Tiefbaubeton"
"6026","IfcPile","Tiefgründung Ortbetonverdrängungspfahl 560/480"
"6027","IfcPile","Tiefgründung Vorgefertigter Betonpfahl"
"6028","IfcPile","Tiefbaubeton"
"6028","IfcPile","Tiefgründung Ortbetonverdrängungspfahl 660/580"
"6029","IfcPile","Tiefgründung Vorgefertigter Betonpfahl"
"6030","IfcPile","Tiefgründung Vorgefertigter Betonpfahl"
"6031","IfcPile","Tiefbaubeton"
"6031","IfcPile","Tiefgründung Ortbetonverdrängungspfahl 560/480"
"6032","IfcPile","Tiefbaubeton"
"6032","IfcPile","Tiefgründung Ortbetonverdrängungspfahl 560/480"
"6033","IfcPile","Tiefbaubeton"
"6033","IfcPile","Tiefgründung Ortbetonverdrängungspfahl 660/580"
"6034","IfcPile","Tiefgründung Vorgefertigter Betonpfahl"
"6035","IfcPile","Tiefbaubeton"
"6035","IfcPile","Tiefgründung Ortbetonverdrängungspfahl 660/580"
"6036","IfcPile","Tiefgründung Vorgefertigter Betonpfahl"
"6037","IfcPile","Tiefbaubeton"
"6037","IfcPile","Tiefgründung Ortbetonverdrängungspfahl 660/580"
"6038","IfcPile","Tiefgründung Vorgefertigter Betonpfahl"
"6039","IfcPile","Tiefbaubeton"
"6039","IfcPile","Tiefgründung Ortbetonverdrängungspfahl 660/580"
"6040","IfcPile","Tiefbaubeton"
"6040","IfcPile","Tiefgründung Ortbetonverdrängungspfahl 560/480"
"6041","IfcPile","Tiefbaubeton"
"6041","IfcPile","Tiefgründung Ortbetonverdrängungspfahl 560/480"
"6042","IfcPile","Tiefbaubeton"
"6042","IfcPile","Tiefgründung Ortbetonverdrängungspfahl 560/480"
"6043","IfcPile","Tiefbaubeton"
"6043","IfcPile","Tiefgründung Ortbetonverdrängungspfahl 560/480"
"6044","IfcPile","Tiefbaubeton"
"6044","IfcPile","Tiefgründung Ortbetonverdrängungspfahl 560/480"
"6045","IfcPile","Tiefbaubeton"
"6045","IfcPile","Tiefgründung Ortbetonverdrängungspfahl 660/580"
"6046","IfcPile","Tiefbaubeton"
"6046","IfcPile","Tiefgründung Ortbetonverdrängungspfahl 660/580"
"6047","IfcPile","Tiefbaubeton"
"6047","IfcPile","Tiefgründung Ortbetonverdrängungspfahl 660/580"
"6048","IfcPile","Tiefbaubeton"
"6048","IfcPile","Tiefgründung Ortbetonverdrängungspfahl 660/580"
"6049","IfcPile","Tiefbaubeton"
"6049","IfcPile","Tiefgründung Ortbetonverdrängungspfahl 660/580"
"6050","IfcPile","Tiefgründung Vorgefertigter Betonpfahl"
"6051","IfcPile","Tiefgründung Vorgefertigter Betonpfahl"
"6052","IfcPile","Tiefgründung Vorgefertigter Betonpfahl"
"6053","IfcPile","Tiefgründung Vorgefertigter Betonpfahl"
"6054","IfcPile","Tiefbaubeton"
"6054","IfcPile","Tiefgründung Ortbetonverdrängungspfahl 560/480"
"6055","IfcPile","Tiefbaubeton"
"6055","IfcPile","Tiefgründung Ortbetonverdrängungspfahl 560/480"
"6056","IfcPile","Tiefgründung Vorgefertigter Betonpfahl"
"6057","IfcPile","Tiefbaubeton"
"6057","IfcPile","Tiefgründung Ortbetonverdrängungspfahl 660/580"
"6058","IfcPile","Tiefgründung Vorgefertigter Betonpfahl"
"6059","IfcPile","Tiefbaubeton"
"6059","IfcPile","Tiefgründung Ortbetonverdrängungspfahl 660/580"
"6060","IfcPile","Tiefgründung Vorgefertigter Betonpfahl"
"6061","IfcPile","Tiefbaubeton"
"6061","IfcPile","Tiefgründung Ortbetonverdrängungspfahl 660/580"
"6062","IfcPile","Tiefgründung Vorgefertigter Betonpfahl"
"6063","IfcPile","Tiefbaubeton"
"6063","IfcPile","Tiefgründung Ortbetonverdrängungspfahl 560/480"
"6064","IfcPile","Tiefbaubeton"
"6064","IfcPile","Tiefgründung Ortbetonverdrängungspfahl 660/580"
"6065","IfcPile","Tiefgründung Vorgefertigter Betonpfahl"
"6066","IfcPile","Tiefbaubeton"
"6066","IfcPile","Tiefgründung Ortbetonverdrängungspfahl 660/580"
"6067","IfcPile","Tiefgründung Vorgefertigter Betonpfahl"
"6068","IfcPile","Tiefbaubeton"
"6068","IfcPile","Tiefgründung Ortbetonverdrängungspfahl 560/480"
"6069","IfcPile","Tiefbaubeton"
"6069","IfcPile","Tiefgründung Ortbetonverdrängungspfahl 560/480"
"6070","IfcPile","Tiefgründung Vorgefertigter Betonpfahl"
"6071","IfcPile","Tiefbaubeton"
"6071","IfcPile","Tiefgründung Ortbetonverdrängungspfahl 560/480"
"6072","IfcPile","Tiefgründung Vorgefertigter Betonpfahl"
"6073","IfcPile","Tiefbaubeton"
"6073","IfcPile","Tiefgründung Ortbetonverdrängungspfahl 560/480"
"6074","IfcPile","Tiefgründung Vorgefertigter Betonpfahl"
"6075","IfcPile","Bohrpfahlbeton"
"6075","IfcPile","Tiefgründung Mikrobohrpfahl"
"6075","IfcPile","Tiefgründung Vorgefertigter Betonpfahl"
"6076","IfcPile","Tiefgründung Vorgefertigter Betonpfahl"
"6077","IfcPile","Tiefbaubeton"
"6077","IfcPile","Tiefgründung Ortbetonverdrängungspfahl 560/480"
"6078","IfcPile","Tiefbaubeton"
"6078","IfcPile","Tiefgründung Ortbetonverdrängungspfahl 560/480"
"6079","IfcPile","Tiefgründung Vorgefertigter Betonpfahl"
"6080","IfcPile","Bohrpfahlbeton"
"6080","IfcPile","Tiefgründung Mikrobohrpfahl"
"6080","IfcPile","Tiefgründung Vorgefertigter Betonpfahl"
"6081","IfcPile","Tiefgründung Vorgefertigter Betonpfahl"
"6082","IfcPile","Tiefbaubeton"
"6082","IfcPile","Tiefgründung Ortbetonverdrängungspfahl 560/480"
"6083","IfcPile","Tiefbaubeton"
"6083","IfcPile","Tiefgründung Ortbetonverdrängungspfahl 560/480"
"6084","IfcPile","Tiefgründung Vorgefertigter Betonpfahl"
"6085","IfcPile","Bohrpfahlbeton"
"6085","IfcPile","Tiefgründung Mikrobohrpfahl"
"6085","IfcPile","Tiefgründung Vorgefertigter Betonpfahl"
"6086","IfcPile","Tiefgründung Vorgefertigter Betonpfahl"
"6087","IfcPile","Tiefbaubeton"
"6087","IfcPile","Tiefgründung Ortbetonverdrängungspfahl 560/480"
"6088","IfcPile","Tiefbaubeton"
"6088","IfcPile","Tiefgründung Ortbetonverdrängungspfahl 560/480"
"6089","IfcPile","Tiefgründung Vorgefertigter Betonpfahl"
"6090","IfcPile","Bohrpfahlbeton"
"6090","IfcPile","Tiefgründung Ortbetonbohrpfahl 700"
"6090","IfcPile","Tiefgründung Vorgefertigter Betonpfahl"
"6091","IfcPile","Tiefgründung Vorgefertigter Betonpfahl"
"6092","IfcPile","Tiefbaubeton"
"6092","IfcPile","Tiefgründung Ortbetonverdrängungspfahl 560/480"
"6093","IfcPile","Tiefbaubeton"
"6093","IfcPile","Tiefgründung Ortbetonverdrängungspfahl 560/480"
"6094","IfcPile","Tiefgründung Vorgefertigter Betonpfahl"
"6095","IfcPile","Bohrpfahlbeton"
"6095","IfcPile","Tiefgründung Ortbetonbohrpfahl 700"
"6095","IfcPile","Tiefgründung Vorgefertigter Betonpfahl"
"6096","IfcPile","Tiefgründung Vorgefertigter Betonpfahl"
"6097","IfcPile","Tiefbaubeton"
"6097","IfcPile","Tiefgründung Ortbetonverdrängungspfahl 560/480"
"6098","IfcPile","Tiefbaubeton"
"6098","IfcPile","Tiefgründung Ortbetonverdrängungspfahl 560/480"
"6099","IfcPile","Tiefgründung Vorgefertigter Betonpfahl"
"6100","IfcPile","Bohrpfahlbeton"
"6100","IfcPile","Tiefgründung Ortbetonbohrpfahl 700"
"6100","IfcPile","Tiefgründung Vorgefertigter Betonpfahl"
"6101","IfcPile","Tiefgründung Vorgefertigter Betonpfahl"
"6102","IfcPile","Tiefbaubeton"
"6102","IfcPile","Tiefgründung Ortbetonverdrängungspfahl 660/580"
"6103","IfcPile","Tiefbaubeton"
"6103","IfcPile","Tiefgründung Ortbetonverdrängungspfahl 660/580"
"6104","IfcPile","Tiefgründung Vorgefertigter Betonpfahl"
"6105","IfcPile","Bohrpfahlbeton"
"6105","IfcPile","Tiefgründung Ortbetonbohrpfahl 700"
"6105","IfcPile","Tiefgründung Vorgefertigter Betonpfahl"
"6106","IfcPile","Tiefgründung Vorgefertigter Betonpfahl"
"6107","IfcPile","Tiefbaubeton"
"6107","IfcPile","Tiefgründung Ortbetonverdrängungspfahl 660/580"
"6108","IfcPile","Tiefbaubeton"
"6108","IfcPile","Tiefgründung Ortbetonverdrängungspfahl 660/580"
"6109","IfcPile","Tiefgründung Vorgefertigter Betonpfahl"
"6110","IfcPile","Bohrpfahlbeton"
"6110","IfcPile","Tiefgründung Ortbetonbohrpfahl 900"
"6110","IfcPile","Tiefgründung Vorgefertigter Betonpfahl"
"6111","IfcPile","Tiefgründung Vorgefertigter Betonpfahl"
"6112","IfcPile","Tiefbaubeton"
"6112","IfcPile","Tiefgründung Ortbetonverdrängungspfahl 660/580"
"6113","IfcPile","Tiefbaubeton"
"6113","IfcPile","Tiefgründung Ortbetonverdrängungspfahl 660/580"
"6114","IfcPile","Tiefgründung Vorgefertigter Betonpfahl"
"6115","IfcPile","Bohrpfahlbeton"
"6115","IfcPile","Tiefgründung Ortbetonbohrpfahl 900"
"6115","IfcPile","Tiefgründung Vorgefertigter Betonpfahl"
"6116","IfcPile","Tiefgründung Vorgefertigter Betonpfahl"
"6117","IfcPile","Tiefbaubeton"
"6117","IfcPile","Tiefgründung Ortbetonverdrängungspfahl 660/580"
"6118","IfcPile","Tiefbaubeton"
"6118","IfcPile","Tiefgründung Ortbetonverdrängungspfahl 660/580"
"6119","IfcPile","Tiefgründung Vorgefertigter Betonpfahl"
"6120","IfcPile","Bohrpfahlbeton"
"6120","IfcPile","Tiefgründung Ortbetonbohrpfahl 1200"
"6120","IfcPile","Tiefgründung Vorgefertigter Betonpfahl"
"6121","IfcPile","Tiefgründung Vorgefertigter Betonpfahl"
"6122","IfcPile","Tiefbaubeton"
"6122","IfcPile","Tiefgründung Ortbetonverdrängungspfahl 660/580"
"6123","IfcPile","Tiefbaubeton"
"6123","IfcPile","Tiefgründung Ortbetonverdrängungspfahl 660/580"
"6124","IfcPile","Tiefgründung Vorgefertigter Betonpfahl"
"6125","IfcPile","Bohrpfahlbeton"
"6125","IfcPile","Tiefgründung Mikrobohrpfahl"
"6125","IfcPile","Tiefgründung Vorgefertigter Betonpfahl"
"6126","IfcPile","Tiefgründung Vorgefertigter Betonpfahl"
"6127","IfcPile","Tiefbaubeton"
"6127","IfcPile","Tiefgründung Ortbetonverdrängungspfahl 560/480"
"6128","IfcPile","Bohrpfahlbeton"
"6128","IfcPile","Tiefgründung Mikrobohrpfahl"
"6128","IfcPile","Tiefgründung Vorgefertigter Betonpfahl"
"6129","IfcPile","Tiefgründung Vorgefertigter Betonpfahl"
"6130","IfcPile","Tiefbaubeton"
"6130","IfcPile","Tiefgründung Ortbetonverdrängungspfahl 560/480"
"6131","IfcPile","Bohrpfahlbeton"
"6131","IfcPile","Tiefgründung Mikrobohrpfahl"
"6131","IfcPile","Tiefgründung Vorgefertigter Betonpfahl"
"6132","IfcPile","Tiefgründung Vorgefertigter Betonpfahl"
"6133","IfcPile","Tiefbaubeton"
"6133","IfcPile","Tiefgründung Ortbetonverdrängungspfahl 560/480"
"6134","IfcPile","Bohrpfahlbeton"
"6134","IfcPile","Tiefgründung Ortbetonbohrpfahl 700"
"6134","IfcPile","Tiefgründung Vorgefertigter Betonpfahl"
"6135","IfcPile","Tiefbaubeton"
"6135","IfcPile","Tiefgründung Ortbetonverdrängungspfahl 560/480"
"6136","IfcPile","Tiefgründung Vorgefertigter Betonpfahl"
"6137","IfcPile","Bohrpfahlbeton"
"6137","IfcPile","Tiefgründung Ortbetonbohrpfahl 700"
"6137","IfcPile","Tiefgründung Vorgefertigter Betonpfahl"
"6138","IfcPile","Tiefgründung Vorgefertigter Betonpfahl"
"6139","IfcPile","Tiefbaubeton"
"6139","IfcPile","Tiefgründung Ortbetonverdrängungspfahl 560/480"
"6140","IfcPile","Bohrpfahlbeton"
"6140","IfcPile","Tiefgründung Ortbetonbohrpfahl 700"
"6140","IfcPile","Tiefgründung Vorgefertigter Betonpfahl"
"6141","IfcPile","Tiefbaubeton"
"6141","IfcPile","Tiefgründung Ortbetonverdrängungspfahl 660/580"
"6142","IfcPile","Tiefgründung Vorgefertigter Betonpfahl"
"6143","IfcPile","Bohrpfahlbeton"
"6143","IfcPile","Tiefgründung Ortbetonbohrpfahl 700"
"6143","IfcPile","Tiefgründung Vorgefertigter Betonpfahl"
"6144","IfcPile","Tiefbaubeton"
"6144","IfcPile","Tiefgründung Ortbetonverdrängungspfahl 660/580"
"6145","IfcPile","Tiefgründung Vorgefertigter Betonpfahl"
"6146","IfcPile","Bohrpfahlbeton"
"6146","IfcPile","Tiefgründung Ortbetonbohrpfahl 900"
"6146","IfcPile","Tiefgründung Vorgefertigter Betonpfahl"
"6147","IfcPile","Tiefgründung Vorgefertigter Betonpfahl"
"6148","IfcPile","Tiefbaubeton"
"6148","IfcPile","Tiefgründung Ortbetonverdrängungspfahl 660/580"
"6149","IfcPile","Bohrpfahlbeton"
"6149","IfcPile","Tiefgründung Ortbetonbohrpfahl 900"
"6149","IfcPile","Tiefgründung Vorgefertigter Betonpfahl"
"6150","IfcPile","Tiefbaubeton"
"6150","IfcPile","Tiefgründung Ortbetonverdrängungspfahl 660/580"
"6151","IfcPile","Tiefgründung Vorgefertigter Betonpfahl"
"6152","IfcPile","Bohrpfahlbeton"
"6152","IfcPile","Tiefgründung Ortbetonbohrpfahl 1200"
"6152","IfcPile","Tiefgründung Vorgefertigter Betonpfahl"
"6153","IfcPile","Tiefgründung Vorgefertigter Betonpfahl"
"6154","IfcPile","Tiefbaubeton"
"6154","IfcPile","Tiefgründung Ortbetonverdrängungspfahl 660/580"
"6155","IfcPile","Bohrpfahlbeton"
"6155","IfcPile","Tiefgründung Mikrobohrpfahl"
"6155","IfcPile","Tiefgründung Vorgefertigter Betonpfahl"
"6156","IfcPile","Tiefgründung Vorgefertigter Betonpfahl"
"6157","IfcPile","Tiefbaubeton"
"6157","IfcPile","Tiefgründung Ortbetonverdrängungspfahl 560/480"
"6158","IfcPile","Bohrpfahlbeton"
"6158","IfcPile","Tiefgründung Mikrobohrpfahl"
"6158","IfcPile","Tiefgründung Vorgefertigter Betonpfahl"
"6159","IfcPile","Tiefbaubeton"
"6159","IfcPile","Tiefgründung Ortbetonverdrängungspfahl 560/480"
"6160","IfcPile","Tiefgründung Vorgefertigter Betonpfahl"
"6161","IfcPile","Bohrpfahlbeton"
"6161","IfcPile","Tiefgründung Mikrobohrpfahl"
"6161","IfcPile","Tiefgründung Vorgefertigter Betonpfahl"
"6162","IfcPile","Tiefbaubeton"
"6162","IfcPile","Tiefgründung Ortbetonverdrängungspfahl 560/480"
"6163","IfcPile","Tiefgründung Vorgefertigter Betonpfahl"
"6164","IfcPile","Bohrpfahlbeton"
"6164","IfcPile","Tiefgründung Ortbetonbohrpfahl 700"
"6164","IfcPile","Tiefgründung Vorgefertigter Betonpfahl"
"6165","IfcPile","Tiefbaubeton"
"6165","IfcPile","Tiefgründung Ortbetonverdrängungspfahl 560/480"
"6166","IfcPile","Tiefgründung Vorgefertigter Betonpfahl"
"6167","IfcPile","Bohrpfahlbeton"
"6167","IfcPile","Tiefgründung Ortbetonbohrpfahl 700"
"6167","IfcPile","Tiefgründung Vorgefertigter Betonpfahl"
"6168","IfcPile","Tiefgründung Vorgefertigter Betonpfahl"
"6169","IfcPile","Tiefbaubeton"
"6169","IfcPile","Tiefgründung Ortbetonverdrängungspfahl 560/480"
"6170","IfcPile","Bohrpfahlbeton"
"6170","IfcPile","Tiefgründung Ortbetonbohrpfahl 700"
"6170","IfcPile","Tiefgründung Vorgefertigter Betonpfahl"
"6171","IfcPile","Tiefgründung Vorgefertigter Betonpfahl"
"6172","IfcPile","Tiefbaubeton"
"6172","IfcPile","Tiefgründung Ortbetonverdrängungspfahl 660/580"
"6173","IfcPile","Bohrpfahlbeton"
"6173","IfcPile","Tiefgründung Ortbetonbohrpfahl 700"
"6173","IfcPile","Tiefgründung Vorgefertigter Betonpfahl"
"6174","IfcPile","Tiefgründung Vorgefertigter Betonpfahl"
"6175","IfcPile","Tiefbaubeton"
"6175","IfcPile","Tiefgründung Ortbetonverdrängungspfahl 660/580"
"6176","IfcPile","Bohrpfahlbeton"
"6176","IfcPile","Tiefgründung Ortbetonbohrpfahl 900"
"6176","IfcPile","Tiefgründung Vorgefertigter Betonpfahl"
"6177","IfcPile","Tiefgründung Vorgefertigter Betonpfahl"
"6178","IfcPile","Tiefbaubeton"
"6178","IfcPile","Tiefgründung Ortbetonverdrängungspfahl 660/580"
"6179","IfcPile","Bohrpfahlbeton"
"6179","IfcPile","Tiefgründung Ortbetonbohrpfahl 900"
"6179","IfcPile","Tiefgründung Vorgefertigter Betonpfahl"
"6180","IfcPile","Tiefgründung Vorgefertigter Betonpfahl"
"6181","IfcPile","Tiefbaubeton"
"6181","IfcPile","Tiefgründung Ortbetonverdrängungspfahl 660/580"
"6182","IfcPile","Bohrpfahlbeton"
"6182","IfcPile","Tiefgründung Ortbetonbohrpfahl 1200"
"6182","IfcPile","Tiefgründung Vorgefertigter Betonpfahl"
"6183","IfcPile","Tiefgründung Vorgefertigter Betonpfahl"
"6184","IfcPile","Tiefbaubeton"
"6184","IfcPile","Tiefgründung Ortbetonverdrängungspfahl 660/580"
"6185","IfcPile","Bohrpfahlbeton"
"6185","IfcPile","Tiefgründung Mikrobohrpfahl"
"6185","IfcPile","Tiefgründung Vorgefertigter Betonpfahl"
"6186","IfcPile","Tiefgründung Vorgefertigter Betonpfahl"
"6187","IfcPile","Tiefbaubeton"
"6187","IfcPile","Tiefgründung Ortbetonverdrängungspfahl 560/480"
"6188","IfcPile","Bohrpfahlbeton"
"6188","IfcPile","Tiefgründung Mikrobohrpfahl"
"6188","IfcPile","Tiefgründung Vorgefertigter Betonpfahl"
"6189","IfcPile","Tiefgründung Vorgefertigter Betonpfahl"
"6190","IfcPile","Tiefbaubeton"
"6190","IfcPile","Tiefgründung Ortbetonverdrängungspfahl 560/480"
"6191","IfcPile","Bohrpfahlbeton"
"6191","IfcPile","Tiefgründung Mikrobohrpfahl"
"6191","IfcPile","Tiefgründung Vorgefertigter Betonpfahl"
"6192","IfcPile","Tiefbaubeton"
"6192","IfcPile","Tiefgründung Ortbetonverdrängungspfahl 560/480"
"6193","IfcPile","Tiefgründung Vorgefertigter Betonpfahl"
"6194","IfcPile","Bohrpfahlbeton"
"6194","IfcPile","Tiefgründung Ortbetonbohrpfahl 700"
"6194","IfcPile","Tiefgründung Vorgefertigter Betonpfahl"
"6195","IfcPile","Tiefgründung Vorgefertigter Betonpfahl"
"6196","IfcPile","Tiefbaubeton"
"6196","IfcPile","Tiefgründung Ortbetonverdrängungspfahl 560/480"
"6197","IfcPile","Bohrpfahlbeton"
"6197","IfcPile","Tiefgründung Ortbetonbohrpfahl 700"
"6197","IfcPile","Tiefgründung Vorgefertigter Betonpfahl"
"6198","IfcPile","Tiefbaubeton"
"6198","IfcPile","Tiefgründung Ortbetonverdrängungspfahl 560/480"
"6199","IfcPile","Tiefgründung Vorgefertigter Betonpfahl"
"6200","IfcPile","Bohrpfahlbeton"
"6200","IfcPile","Tiefgründung Ortbetonbohrpfahl 700"
"6200","IfcPile","Tiefgründung Vorgefertigter Betonpfahl"
"6201","IfcPile","Tiefbaubeton"
"6201","IfcPile","Tiefgründung Ortbetonverdrängungspfahl 660/580"
"6202","IfcPile","Tiefgründung Vorgefertigter Betonpfahl"
"6203","IfcPile","Bohrpfahlbeton"
"6203","IfcPile","Tiefgründung Ortbetonbohrpfahl 700"
"6203","IfcPile","Tiefgründung Vorgefertigter Betonpfahl"
"6204","IfcPile","Tiefbaubeton"
"6204","IfcPile","Tiefgründung Ortbetonverdrängungspfahl 660/580"
"6205","IfcPile","Tiefgründung Vorgefertigter Betonpfahl"
"6206","IfcPile","Bohrpfahlbeton"
"6206","IfcPile","Tiefgründung Ortbetonbohrpfahl 900"
"6206","IfcPile","Tiefgründung Vorgefertigter Betonpfahl"
"6207","IfcPile","Tiefbaubeton"
"6207","IfcPile","Tiefgründung Ortbetonverdrängungspfahl 660/580"
"6208","IfcPile","Tiefgründung Vorgefertigter Betonpfahl"
"6209","IfcPile","Bohrpfahlbeton"
"6209","IfcPile","Tiefgründung Ortbetonbohrpfahl 900"
"6209","IfcPile","Tiefgründung Vorgefertigter Betonpfahl"
"6210","IfcPile","Tiefgründung Vorgefertigter Betonpfahl"
"6211","IfcPile","Tiefbaubeton"
"6211","IfcPile","Tiefgründung Ortbetonverdrängungspfahl 660/580"
"6212","IfcPile","Bohrpfahlbeton"
"6212","IfcPile","Tiefgründung Ortbetonbohrpfahl 1200"
"6212","IfcPile","Tiefgründung Vorgefertigter Betonpfahl"
"6213","IfcPile","Tiefbaubeton"
"6213","IfcPile","Tiefgründung Ortbetonverdrängungspfahl 660/580"
"6214","IfcPile","Tiefgründung Vorgefertigter Betonpfahl"
"6215","IfcPile","Bohrpfahlbeton"
"6215","IfcPile","Tiefgründung Mikrobohrpfahl"
"6215","IfcPile","Tiefgründung Vorgefertigter Betonpfahl"
"6216","IfcPile","Tiefbaubeton"
"6216","IfcPile","Tiefgründung Ortbetonverdrängungspfahl 560/480"
"6217","IfcPile","Tiefgründung Vorgefertigter Betonpfahl"
"6218","IfcPile","Bohrpfahlbeton"
"6218","IfcPile","Tiefgründung Mikrobohrpfahl"
"6218","IfcPile","Tiefgründung Vorgefertigter Betonpfahl"
"6219","IfcPile","Tiefbaubeton"
"6219","IfcPile","Tiefgründung Ortbetonverdrängungspfahl 560/480"
"6220","IfcPile","Tiefgründung Vorgefertigter Betonpfahl"
"6221","IfcPile","Bohrpfahlbeton"
"6221","IfcPile","Tiefgründung Mikrobohrpfahl"
"6221","IfcPile","Tiefgründung Vorgefertigter Betonpfahl"
"6222","IfcPile","Tiefgründung Vorgefertigter Betonpfahl"
"6223","IfcPile","Tiefbaubeton"
"6223","IfcPile","Tiefgründung Ortbetonverdrängungspfahl 560/480"
"6224","IfcPile","Bohrpfahlbeton"
"6224","IfcPile","Tiefgründung Ortbetonbohrpfahl 700"
"6224","IfcPile","Tiefgründung Vorgefertigter Betonpfahl"
"6225","IfcPile","Tiefgründung Vorgefertigter Betonpfahl"
"6226","IfcPile","Tiefbaubeton"
"6226","IfcPile","Tiefgründung Ortbetonverdrängungspfahl 560/480"
"6227","IfcPile","Bohrpfahlbeton"
"6227","IfcPile","Tiefgründung Ortbetonbohrpfahl 700"
"6227","IfcPile","Tiefgründung Vorgefertigter Betonpfahl"
"6228","IfcPile","Tiefbaubeton"
"6228","IfcPile","Tiefgründung Ortbetonverdrängungspfahl 560/480"
"6229","IfcPile","Tiefgründung Vorgefertigter Betonpfahl"
"6230","IfcPile","Bohrpfahlbeton"
"6230","IfcPile","Tiefgründung Ortbetonbohrpfahl 700"
"6230","IfcPile","Tiefgründung Vorgefertigter Betonpfahl"
"6231","IfcPile","Tiefbaubeton"
"6231","IfcPile","Tiefgründung Ortbetonverdrängungspfahl 660/580"
"6232","IfcPile","Tiefgründung Vorgefertigter Betonpfahl"
"6233","IfcPile","Bohrpfahlbeton"
"6233","IfcPile","Tiefgründung Ortbetonbohrpfahl 700"
"6233","IfcPile","Tiefgründung Vorgefertigter Betonpfahl"
"6234","IfcPile","Tiefgründung Vorgefertigter Betonpfahl"
"6235","IfcPile","Tiefbaubeton"
"6235","IfcPile","Tiefgründung Ortbetonverdrängungspfahl 660/580"
"6236","IfcPile","Bohrpfahlbeton"
"6236","IfcPile","Tiefgründung Ortbetonbohrpfahl 900"
"6236","IfcPile","Tiefgründung Vorgefertigter Betonpfahl"
"6237","IfcPile","Tiefgründung Vorgefertigter Betonpfahl"
"6238","IfcPile","Tiefbaubeton"
"6238","IfcPile","Tiefgründung Ortbetonverdrängungspfahl 660/580"
"6239","IfcPile","Bohrpfahlbeton"
"6239","IfcPile","Tiefgründung Ortbetonbohrpfahl 900"
"6239","IfcPile","Tiefgründung Vorgefertigter Betonpfahl"
"6240","IfcPile","Tiefbaubeton"
"6240","IfcPile","Tiefgründung Ortbetonverdrängungspfahl 660/580"
"6241","IfcPile","Tiefgründung Vorgefertigter Betonpfahl"
"6242","IfcPile","Bohrpfahlbeton"
"6242","IfcPile","Tiefgründung Ortbetonbohrpfahl 1200"
"6242","IfcPile","Tiefgründung Vorgefertigter Betonpfahl"
"6243","IfcPile","Tiefgründung Vorgefertigter Betonpfahl"
"6244","IfcPile","Tiefbaubeton"
"6244","IfcPile","Tiefgründung Ortbetonverdrängungspfahl 660/580"
"6245","IfcPile","Bohrpfahlbeton"
"6245","IfcPile","Tiefgründung Mikrobohrpfahl"
"6245","IfcPile","Tiefgründung Vorgefertigter Betonpfahl"
"6246","IfcPile","Tiefgründung Vorgefertigter Betonpfahl"
"6247","IfcPile","Tiefbaubeton"
"6247","IfcPile","Tiefgründung Ortbetonverdrängungspfahl 560/480"
"6248","IfcPile","Bohrpfahlbeton"
"6248","IfcPile","Tiefgründung Mikrobohrpfahl"
"6248","IfcPile","Tiefgründung Vorgefertigter Betonpfahl"
"6249","IfcPile","Tiefgründung Vorgefertigter Betonpfahl"
"6250","IfcPile","Tiefbaubeton"
"6250","IfcPile","Tiefgründung Ortbetonverdrängungspfahl 560/480"
"6251","IfcPile","Bohrpfahlbeton"
"6251","IfcPile","Tiefgründung Mikrobohrpfahl"
"6251","IfcPile","Tiefgründung Vorgefertigter Betonpfahl"
"6252","IfcPile","Tiefgründung Vorgefertigter Betonpfahl"
"6253","IfcPile","Tiefbaubeton"
"6253","IfcPile","Tiefgründung Ortbetonverdrängungspfahl 560/480"
"6254","IfcPile","Bohrpfahlbeton"
"6254","IfcPile","Tiefgründung Ortbetonbohrpfahl 700"
"6254","IfcPile","Tiefgründung Vorgefertigter Betonpfahl"
"6255","IfcPile","Tiefgründung Vorgefertigter Betonpfahl"
"6256","IfcPile","Tiefbaubeton"
"6256","IfcPile","Tiefgründung Ortbetonverdrängungspfahl 560/480"
"6257","IfcPile","Bohrpfahlbeton"
"6257","IfcPile","Tiefgründung Ortbetonbohrpfahl 700"
"6257","IfcPile","Tiefgründung Vorgefertigter Betonpfahl"
"6258","IfcPile","Tiefbaubeton"
"6258","IfcPile","Tiefgründung Ortbetonverdrängungspfahl 560/480"
"6259","IfcPile","Tiefgründung Vorgefertigter Betonpfahl"
"6260","IfcPile","Bohrpfahlbeton"
"6260","IfcPile","Tiefgründung Ortbetonbohrpfahl 700"
"6260","IfcPile","Tiefgründung Vorgefertigter Betonpfahl"
"6261","IfcPile","Tiefgründung Vorgefertigter Betonpfahl"
"6262","IfcPile","Tiefbaubeton"
"6262","IfcPile","Tiefgründung Ortbetonverdrängungspfahl 660/580"
"6263","IfcPile","Bohrpfahlbeton"
"6263","IfcPile","Tiefgründung Ortbetonbohrpfahl 700"
"6263","IfcPile","Tiefgründung Vorgefertigter Betonpfahl"
"6264","IfcPile","Tiefgründung Vorgefertigter Betonpfahl"
"6265","IfcPile","Tiefbaubeton"
"6265","IfcPile","Tiefgründung Ortbetonverdrängungspfahl 660/580"
"6266","IfcPile","Bohrpfahlbeton"
"6266","IfcPile","Tiefgründung Ortbetonbohrpfahl 900"
"6266","IfcPile","Tiefgründung Vorgefertigter Betonpfahl"
"6267","IfcPile","Tiefbaubeton"
"6267","IfcPile","Tiefgründung Ortbetonverdrängungspfahl 660/580"
"6268","IfcPile","Tiefgründung Vorgefertigter Betonpfahl"
"6269","IfcPile","Bohrpfahlbeton"
"6269","IfcPile","Tiefgründung Ortbetonbohrpfahl 900"
"6269","IfcPile","Tiefgründung Vorgefertigter Betonpfahl"
"6270","IfcPile","Tiefbaubeton"
"6270","IfcPile","Tiefgründung Ortbetonverdrängungspfahl 660/580"
"6271","IfcPile","Tiefgründung Vorgefertigter Betonpfahl"
"6272","IfcPile","Bohrpfahlbeton"
"6272","IfcPile","Tiefgründung Ortbetonbohrpfahl 1200"
"6272","IfcPile","Tiefgründung Vorgefertigter Betonpfahl"
"6273","IfcPile","Tiefbaubeton"
"6273","IfcPile","Tiefgründung Ortbetonverdrängungspfahl 660/580"
"6274","IfcPile","Tiefgründung Vorgefertigter Betonpfahl"
"6275","IfcPile","Tiefbaubeton"
"6275","IfcPile","Tiefgründung Ortbetonverdrängungspfahl 560/480"
"6276","IfcPile","Tiefbaubeton"
"6276","IfcPile","Tiefgründung Ortbetonverdrängungspfahl 560/480"
"6277","IfcPile","Tiefbaubeton"
"6277","IfcPile","Tiefgründung Ortbetonverdrängungspfahl 560/480"
"6278","IfcPile","Tiefbaubeton"
"6278","IfcPile","Tiefgründung Ortbetonverdrängungspfahl 560/480"
"6279","IfcPile","Tiefbaubeton"
"6279","IfcPile","Tiefgründung Ortbetonverdrängungspfahl 660/580"
"6280","IfcPile","Tiefbaubeton"
"6280","IfcPile","Tiefgründung Ortbetonverdrängungspfahl 660/580"
"6281","IfcPile","Tiefbaubeton"
"6281","IfcPile","Tiefgründung Ortbetonverdrängungspfahl 660/580"
"6282","IfcPile","Tiefbaubeton"
"6282","IfcPile","Tiefgründung Ortbetonverdrängungspfahl 660/580"
"6283","IfcPile","Tiefbaubeton"
"6283","IfcPile","Tiefgründung Ortbetonverdrängungspfahl 660/580"
"6284","IfcPile","Tiefgründung Vorgefertigter Betonpfahl"
"6285","IfcPile","Tiefgründung Vorgefertigter Betonpfahl"
"6286","IfcPile","Tiefbaubeton"
"6286","IfcPile","Tiefgründung Ortbetonverdrängungspfahl 660/580"
"6287","IfcPile","Tiefbaubeton"
"6287","IfcPile","Tiefgründung Ortbetonverdrängungspfahl 660/580"
"6288","IfcPile","Tiefgründung Vorgefertigter Betonpfahl"
"6289","IfcPile","Tiefgründung Vorgefertigter Betonpfahl"
"6290","IfcPile","Tiefbaubeton"
"6290","IfcPile","Tiefgründung Ortbetonverdrängungspfahl 560/480"
"6291","IfcPile","Tiefbaubeton"
"6291","IfcPile","Tiefgründung Ortbetonverdrängungspfahl 660/580"
"6292","IfcPile","Tiefbaubeton"
"6292","IfcPile","Tiefgründung Ortbetonverdrängungspfahl 660/580"
"6293","IfcPile","Tiefbaubeton"
"6293","IfcPile","Tiefgründung Ortbetonverdrängungspfahl 660/580"
"6294","IfcPile","Tiefbaubeton"
"6294","IfcPile","Tiefgründung Ortbetonverdrängungspfahl 560/480"
"6295","IfcPile","Tiefgründung Vorgefertigter Betonpfahl"
"6296","IfcPile","Tiefgründung Vorgefertigter Betonpfahl"
"6297","IfcPile","Tiefgründung Vorgefertigter Betonpfahl"
"6298","IfcPile","Tiefbaubeton"
"6298","IfcPile","Tiefgründung Ortbetonverdrängungspfahl 560/480"
"6299","IfcPile","Tiefbaubeton"
"6299","IfcPile","Tiefgründung Ortbetonverdrängungspfahl 560/480"
"6300","IfcPile","Tiefbaubeton"
"6300","IfcPile","Tiefgründung Ortbetonverdrängungspfahl 660/580"
"6301","IfcPile","Tiefbaubeton"
"6301","IfcPile","Tiefgründung Ortbetonverdrängungspfahl 660/580"
"6302","IfcPile","Tiefbaubeton"
"6302","IfcPile","Tiefgründung Ortbetonverdrängungspfahl 660/580"
"6303","IfcPile","Tiefgründung Vorgefertigter Betonpfahl"
"6304","IfcPile","Tiefbaubeton"
"6304","IfcPile","Tiefgründung Ortbetonverdrängungspfahl 560/480"
"6305","IfcPile","Tiefgründung Vorgefertigter Betonpfahl"
"6306","IfcPile","Tiefbaubeton"
"6306","IfcPile","Tiefgründung Ortbetonverdrängungspfahl 560/480"
"6307","IfcPile","Tiefgründung Vorgefertigter Betonpfahl"
"6308","IfcPile","Tiefbaubeton"
"6308","IfcPile","Tiefgründung Ortbetonverdrängungspfahl 660/580"
"6309","IfcPile","Tiefbaubeton"
"6309","IfcPile","Tiefgründung Ortbetonverdrängungspfahl 560/480"
"6310","IfcPile","Tiefbaubeton"
"6310","IfcPile","Tiefgründung Ortbetonverdrängungspfahl 560/480"
"6311","IfcPile","Tiefbaubeton"
"6311","IfcPile","Tiefgründung Ortbetonverdrängungspfahl 560/480"
"6312","IfcPile","Tiefbaubeton"
"6312","IfcPile","Tiefgründung Ortbetonverdrängungspfahl 560/480"
"6313","IfcPile","Tiefbaubeton"
"6313","IfcPile","Tiefgründung Ortbetonverdrängungspfahl 560/480"
"6314","IfcPile","Tiefbaubeton"
"6314","IfcPile","Tiefgründung Ortbetonverdrängungspfahl 660/580"
"6315","IfcPile","Tiefbaubeton"
"6315","IfcPile","Tiefgründung Ortbetonverdrängungspfahl 660/580"
"6316","IfcPile","Tiefbaubeton"
"6316","IfcPile","Tiefgründung Ortbetonverdrängungspfahl 660/580"
"6317","IfcPile","Tiefbaubeton"
"6317","IfcPile","Tiefgründung Ortbetonverdrängungspfahl 660/580"
"6318","IfcPile","Tiefbaubeton"
"6318","IfcPile","Tiefgründung Ortbetonverdrängungspfahl 660/580"
"6319","IfcPile","Tiefgründung Vorgefertigter Betonpfahl"
"6320","IfcPile","Tiefbaubeton"
"6320","IfcPile","Tiefgründung Ortbetonverdrängungspfahl 560/480"
"6321","IfcPile","Tiefbaubeton"
"6321","IfcPile","Tiefgründung Ortbetonverdrängungspfahl 560/480"
"6322","IfcPile","Tiefgründung Vorgefertigter Betonpfahl"
"6323","IfcPile","Tiefgründung Vorgefertigter Betonpfahl"
"6324","IfcPile","Tiefbaubeton"
"6324","IfcPile","Tiefgründung Ortbetonverdrängungspfahl 660/580"
"6325","IfcPile","Tiefbaubeton"
"6325","IfcPile","Tiefgründung Ortbetonverdrängungspfahl 560/480"
"6326","IfcPile","Tiefbaubeton"
"6326","IfcPile","Tiefgründung Ortbetonverdrängungspfahl 560/480"
"6327","IfcPile","Tiefbaubeton"
"6327","IfcPile","Tiefgründung Ortbetonverdrängungspfahl 560/480"
"6328","IfcPile","Tiefgründung Vorgefertigter Betonpfahl"
"6329","IfcPile","Tiefbaubeton"
"6329","IfcPile","Tiefgründung Ortbetonverdrängungspfahl 660/580"
"6330","IfcPile","Tiefgründung Vorgefertigter Betonpfahl"
"6331","IfcPile","Tiefbaubeton"
"6331","IfcPile","Tiefgründung Ortbetonverdrängungspfahl 560/480"
"6332","IfcPile","Tiefbaubeton"
"6332","IfcPile","Tiefgründung Ortbetonverdrängungspfahl 560/480"
"6333","IfcPile","Tiefbaubeton"
"6333","IfcPile","Tiefgründung Ortbetonverdrängungspfahl 660/580"
"6334","IfcPile","Tiefbaubeton"
"6334","IfcPile","Tiefgründung Ortbetonverdrängungspfahl 660/580"
"6335","IfcPile","Tiefbaubeton"
"6335","IfcPile","Tiefgründung Ortbetonverdrängungspfahl 660/580"
"6336","IfcPile","Tiefbaubeton"
"6336","IfcPile","Tiefgründung Ortbetonverdrängungspfahl 560/480"
"6337","IfcPile","Tiefgründung Vorgefertigter Betonpfahl"
"6338","IfcPile","Tiefgründung Vorgefertigter Betonpfahl"
"6339","IfcPile","Tiefgründung Vorgefertigter Betonpfahl"
"6340","IfcPile","Tiefbaubeton"
"6340","IfcPile","Tiefgründung Ortbetonverdrängungspfahl 560/480"
"6341","IfcPile","Tiefgründung Vorgefertigter Betonpfahl"
"6342","IfcPile","Tiefgründung Vorgefertigter Betonpfahl"
"6343","IfcPile","Tiefgründung Vorgefertigter Betonpfahl"
"6344","IfcPile","Tiefbaubeton"
"6344","IfcPile","Tiefgründung Ortbetonverdrängungspfahl 660/580"
"6345","IfcPile","Tiefbaubeton"
"6345","IfcPile","Tiefgründung Ortbetonverdrängungspfahl 560/480"
"6346","IfcPile","Tiefbaubeton"
"6346","IfcPile","Tiefgründung Ortbetonverdrängungspfahl 560/480"
"6347","IfcPile","Tiefbaubeton"
"6347","IfcPile","Tiefgründung Ortbetonverdrängungspfahl 560/480"
"6348","IfcPile","Tiefbaubeton"
"6348","IfcPile","Tiefgründung Ortbetonverdrängungspfahl 560/480"
"6349","IfcPile","Tiefbaubeton"
"6349","IfcPile","Tiefgründung Ortbetonverdrängungspfahl 560/480"
"6350","IfcPile","Tiefbaubeton"
"6350","IfcPile","Tiefgründung Ortbetonverdrängungspfahl 660/580"
"6351","IfcPile","Tiefbaubeton"
"6351","IfcPile","Tiefgründung Ortbetonverdrängungspfahl 660/580"
"6352","IfcPile","Tiefbaubeton"
"6352","IfcPile","Tiefgründung Ortbetonverdrängungspfahl 660/580"
"6353","IfcPile","Tiefbaubeton"
"6353","IfcPile","Tiefgründung Ortbetonverdrängungspfahl 660/580"
"6354","IfcPile","Tiefbaubeton"
"6354","IfcPile","Tiefgründung Ortbetonverdrängungspfahl 660/580"
"6355","IfcPile","Tiefbaubeton"
"6355","IfcPile","Tiefgründung Ortbetonverdrängungspfahl 560/480"
"6356","IfcPile","Tiefbaubeton"
"6356","IfcPile","Tiefgründung Ortbetonverdrängungspfahl 560/480"
"6357","IfcPile","Tiefgründung Vorgefertigter Betonpfahl"
"6358","IfcPile","Tiefgründung Vorgefertigter Betonpfahl"
"6359","IfcPile","Tiefgründung Vorgefertigter Betonpfahl"
"6360","IfcPile","Tiefgründung Vorgefertigter Betonpfahl"
"6361","IfcPile","Tiefbaubeton"
"6361","IfcPile","Tiefgründung Ortbetonverdrängungspfahl 660/580"
"6362","IfcPile","Tiefgründung Vorgefertigter Betonpfahl"
"6363","IfcPile","Tiefgründung Vorgefertigter Betonpfahl"
"6364","IfcPile","Tiefbaubeton"
"6364","IfcPile","Tiefgründung Ortbetonverdrängungspfahl 560/480"
"6365","IfcPile","Tiefbaubeton"
"6365","IfcPile","Tiefgründung Ortbetonverdrängungspfahl 560/480"
"6366","IfcPile","Tiefbaubeton"
"6366","IfcPile","Tiefgründung Ortbetonverdrängungspfahl 660/580"
"6367","IfcPile","Tiefgründung Vorgefertigter Betonpfahl"
"6368","IfcPile","Tiefgründung Vorgefertigter Betonpfahl"
"6369","IfcPile","Tiefgründung Vorgefertigter Betonpfahl"
"6370","IfcPile","Tiefgründung Vorgefertigter Betonpfahl"
"6371","IfcPile","Tiefbaubeton"
"6371","IfcPile","Tiefgründung Ortbetonverdrängungspfahl 560/480"
"6372","IfcPile","Tiefgründung Vorgefertigter Betonpfahl"
"6373","IfcPile","Tiefgründung Vorgefertigter Betonpfahl"
"6374","IfcPile","Tiefbaubeton"
"6374","IfcPile","Tiefgründung Ortbetonverdrängungspfahl 660/580"
"6375","IfcPile","Tiefbaubeton"
"6375","IfcPile","Tiefgründung Ortbetonverdrängungspfahl 560/480"
"6376","IfcPile","Tiefbaubeton"
"6376","IfcPile","Tiefgründung Ortbetonverdrängungspfahl 560/480"
"6377","IfcPile","Tiefbaubeton"
"6377","IfcPile","Tiefgründung Ortbetonverdrängungspfahl 560/480"
"6378","IfcPile","Tiefbaubeton"
"6378","IfcPile","Tiefgründung Ortbetonverdrängungspfahl 560/480"
"6379","IfcPile","Tiefbaubeton"
"6379","IfcPile","Tiefgründung Ortbetonverdrängungspfahl 560/480"
"6380","IfcPile","Tiefbaubeton"
"6380","IfcPile","Tiefgründung Ortbetonverdrängungspfahl 660/580"
"6381","IfcPile","Tiefbaubeton"
"6381","IfcPile","Tiefgründung Ortbetonverdrängungspfahl 660/580"
"6382","IfcPile","Tiefbaubeton"
"6382","IfcPile","Tiefgründung Ortbetonverdrängungspfahl 660/580"
"6383","IfcPile","Tiefbaubeton"
"6383","IfcPile","Tiefgründung Ortbetonverdrängungspfahl 660/580"
"6384","IfcPile","Tiefbaubeton"
"6384","IfcPile","Tiefgründung Ortbetonverdrängungspfahl 660/580"
"6385","IfcPile","Tiefgründung Vorgefertigter Betonpfahl"
"6386","IfcPile","Tiefbaubeton"
"6386","IfcPile","Tiefgründung Ortbetonverdrängungspfahl 560/480"
"6387","IfcPile","Tiefgründung Vorgefertigter Betonpfahl"
"6388","IfcPile","Tiefbaubeton"
"6388","IfcPile","Tiefgründung Ortbetonverdrängungspfahl 660/580"
"6389","IfcPile","Tiefgründung Vorgefertigter Betonpfahl"
"6390","IfcPile","Tiefbaubeton"
"6390","IfcPile","Tiefgründung Ortbetonverdrängungspfahl 660/580"
"6391","IfcPile","Tiefgründung Vorgefertigter Betonpfahl"
"6392","IfcPile","Tiefbaubeton"
"6392","IfcPile","Tiefgründung Ortbetonverdrängungspfahl 560/480"
"6393","IfcPile","Tiefgründung Vorgefertigter Betonpfahl"
"6394","IfcPile","Tiefgründung Vorgefertigter Betonpfahl"
"6395","IfcPile","Tiefgründung Vorgefertigter Betonpfahl"
"6396","IfcPile","Tiefgründung Vorgefertigter Betonpfahl"
"6397","IfcPile","Tiefgründung Vorgefertigter Betonpfahl"
"6398","IfcPile","Tiefbaubeton"
"6398","IfcPile","Tiefgründung Ortbetonverdrängungspfahl 660/580"
"6399","IfcPile","Tiefbaubeton"
"6399","IfcPile","Tiefgründung Ortbetonverdrängungspfahl 560/480"
"6400","IfcPile","Tiefgründung Vorgefertigter Betonpfahl"
"6401","IfcPile","Tiefgründung Vorgefertigter Betonpfahl"
"6402","IfcPile","Tiefgründung Vorgefertigter Betonpfahl"
"6403","IfcPile","Tiefgründung Vorgefertigter Betonpfahl"
"6404","IfcPile","Tiefbaubeton"
"6404","IfcPile","Tiefgründung Ortbetonverdrängungspfahl 660/580"
"6405","IfcPile","Tiefgründung Vorgefertigter Betonpfahl"
"6406","IfcPile","Tiefbaubeton"
"6406","IfcPile","Tiefgründung Ortbetonverdrängungspfahl 560/480"
"6407","IfcPile","Tiefgründung Vorgefertigter Betonpfahl"
"6408","IfcPile","Tiefbaubeton"
"6408","IfcPile","Tiefgründung Ortbetonverdrängungspfahl 660/580"
"6409","IfcPile","Tiefgründung Vorgefertigter Betonpfahl"
"6410","IfcPile","Tiefbaubeton"
"6410","IfcPile","Tiefgründung Ortbetonverdrängungspfahl 660/580"
"6411","IfcPile","Tiefbaubeton"
"6411","IfcPile","Tiefgründung Ortbetonverdrängungspfahl 660/580"
"6412","IfcPile","Tiefgründung Vorgefertigter Betonpfahl"
"6413","IfcPile","Bohrpfahlbeton"
"6413","IfcPile","Tiefgründung Mikrobohrpfahl"
"6413","IfcPile","Tiefgründung Vorgefertigter Betonpfahl"
"6414","IfcPile","Tiefgründung Mikrobohrpfahl"
"6415","IfcPile","Tiefgründung Mikrobohrpfahl"
"6416","IfcPile","Bohrpfahlbeton"
"6416","IfcPile","Tiefgründung Mikrobohrpfahl"
"6416","IfcPile","Tiefgründung Vorgefertigter Betonpfahl"
"6417","IfcPile","Tiefgründung Mikrobohrpfahl"
"6418","IfcPile","Tiefgründung Mikrobohrpfahl"
"6419","IfcPile","Bohrpfahlbeton"
"6419","IfcPile","Tiefgründung Mikrobohrpfahl"
"6419","IfcPile","Tiefgründung Vorgefertigter Betonpfahl"
"6420","IfcPile","Tiefgründung Mikrobohrpfahl"
"6421","IfcPile","Tiefgründung Mikrobohrpfahl"
"6422","IfcPile","Bohrpfahlbeton"
"6422","IfcPile","Tiefgründung Ortbetonbohrpfahl 700"
"6422","IfcPile","Tiefgründung Vorgefertigter Betonpfahl"
"6423","IfcPile","Tiefgründung Ortbetonbohrpfahl 700"
"6424","IfcPile","Tiefgründung Ortbetonbohrpfahl 700"
"6425","IfcPile","Bohrpfahlbeton"
"6425","IfcPile","Tiefgründung Ortbetonbohrpfahl 700"
"6425","IfcPile","Tiefgründung Vorgefertigter Betonpfahl"
"6426","IfcPile","Tiefgründung Ortbetonbohrpfahl 700"
"6427","IfcPile","Tiefgründung Ortbetonbohrpfahl 700"
"6428","IfcPile","Bohrpfahlbeton"
"6428","IfcPile","Tiefgründung Ortbetonbohrpfahl 700"
"6428","IfcPile","Tiefgründung Vorgefertigter Betonpfahl"
"6429","IfcPile","Tiefgründung Ortbetonbohrpfahl 700"
"6430","IfcPile","Tiefgründung Ortbetonbohrpfahl 700"
"6431","IfcPile","Bohrpfahlbeton"
"6431","IfcPile","Tiefgründung Ortbetonbohrpfahl 700"
"6431","IfcPile","Tiefgründung Vorgefertigter Betonpfahl"
"6432","IfcPile","Tiefgründung Ortbetonbohrpfahl 700"
"6433","IfcPile","Tiefgründung Ortbetonbohrpfahl 700"
"6434","IfcPile","Bohrpfahlbeton"
"6434","IfcPile","Tiefgründung Ortbetonbohrpfahl 900"
"6434","IfcPile","Tiefgründung Vorgefertigter Betonpfahl"
"6435","IfcPile","Tiefgründung Ortbetonbohrpfahl 900"
"6436","IfcPile","Tiefgründung Ortbetonbohrpfahl 900"
"6437","IfcPile","Bohrpfahlbeton"
"6437","IfcPile","Tiefgründung Ortbetonbohrpfahl 900"
"6437","IfcPile","Tiefgründung Vorgefertigter Betonpfahl"
"6438","IfcPile","Tiefgründung Ortbetonbohrpfahl 900"
"6439","IfcPile","Tiefgründung Ortbetonbohrpfahl 900"
"6440","IfcPile","Bohrpfahlbeton"
"6440","IfcPile","Tiefgründung Ortbetonbohrpfahl 1200"
"6440","IfcPile","Tiefgründung Vorgefertigter Betonpfahl"
"6441","IfcPile","Tiefgründung Ortbetonbohrpfahl 1200"
"6442","IfcPile","Tiefgründung Ortbetonbohrpfahl 1200"
"6443","IfcPile","Bohrpfahlbeton"
"6443","IfcPile","Tiefgründung Mikrobohrpfahl"
"6443","IfcPile","Tiefgründung Vorgefertigter Betonpfahl"
"6444","IfcPile","Tiefgründung Mikrobohrpfahl"
"6445","IfcPile","Bohrpfahlbeton"
"6445","IfcPile","Tiefgründung Mikrobohrpfahl"
"6445","IfcPile","Tiefgründung Vorgefertigter Betonpfahl"
"6446","IfcPile","Tiefgründung Mikrobohrpfahl"
"6447","IfcPile","Bohrpfahlbeton"
"6447","IfcPile","Tiefgründung Mikrobohrpfahl"
"6447","IfcPile","Tiefgründung Vorgefertigter Betonpfahl"
"6448","IfcPile","Tiefgründung Mikrobohrpfahl"
"6449","IfcPile","Bohrpfahlbeton"
"6449","IfcPile","Tiefgründung Ortbetonbohrpfahl 700"
"6449","IfcPile","Tiefgründung Vorgefertigter Betonpfahl"
"6450","IfcPile","Tiefgründung Ortbetonbohrpfahl 700"
"6451","IfcPile","Bohrpfahlbeton"
"6451","IfcPile","Tiefgründung Ortbetonbohrpfahl 700"
"6451","IfcPile","Tiefgründung Vorgefertigter Betonpfahl"
"6452","IfcPile","Tiefgründung Ortbetonbohrpfahl 700"
"6453","IfcPile","Bohrpfahlbeton"
"6453","IfcPile","Tiefgründung Ortbetonbohrpfahl 700"
"6453","IfcPile","Tiefgründung Vorgefertigter Betonpfahl"
"6454","IfcPile","Tiefgründung Ortbetonbohrpfahl 700"
"6455","IfcPile","Bohrpfahlbeton"
"6455","IfcPile","Tiefgründung Ortbetonbohrpfahl 700"
"6455","IfcPile","Tiefgründung Vorgefertigter Betonpfahl"
"6456","IfcPile","Tiefgründung Ortbetonbohrpfahl 700"
"6457","IfcPile","Bohrpfahlbeton"
"6457","IfcPile","Tiefgründung Ortbetonbohrpfahl 900"
"6457","IfcPile","Tiefgründung Vorgefertigter Betonpfahl"
"6458","IfcPile","Tiefgründung Ortbetonbohrpfahl 900"
"6459","IfcPile","Bohrpfahlbeton"
"6459","IfcPile","Tiefgründung Ortbetonbohrpfahl 900"
"6459","IfcPile","Tiefgründung Vorgefertigter Betonpfahl"
"6460","IfcPile","Tiefgründung Ortbetonbohrpfahl 900"
"6461","IfcPile","Bohrpfahlbeton"
"6461","IfcPile","Tiefgründung Ortbetonbohrpfahl 1200"
"6461","IfcPile","Tiefgründung Vorgefertigter Betonpfahl"
"6462","IfcPile","Tiefgründung Ortbetonbohrpfahl 1200"
"6463","IfcPile","Bohrpfahlbeton"
"6463","IfcPile","Tiefgründung Mikrobohrpfahl"
"6463","IfcPile","Tiefgründung Vorgefertigter Betonpfahl"
"6464","IfcPile","Tiefgründung Mikrobohrpfahl"
"6465","IfcPile","Bohrpfahlbeton"
"6465","IfcPile","Tiefgründung Mikrobohrpfahl"
"6465","IfcPile","Tiefgründung Vorgefertigter Betonpfahl"
"6466","IfcPile","Tiefgründung Mikrobohrpfahl"
"6467","IfcPile","Bohrpfahlbeton"
"6467","IfcPile","Tiefgründung Mikrobohrpfahl"
"6467","IfcPile","Tiefgründung Vorgefertigter Betonpfahl"
"6468","IfcPile","Tiefgründung Mikrobohrpfahl"
"6469","IfcPile","Bohrpfahlbeton"
"6469","IfcPile","Tiefgründung Ortbetonbohrpfahl 700"
"6469","IfcPile","Tiefgründung Vorgefertigter Betonpfahl"
"6470","IfcPile","Tiefgründung Ortbetonbohrpfahl 700"
"6471","IfcPile","Bohrpfahlbeton"
"6471","IfcPile","Tiefgründung Ortbetonbohrpfahl 700"
"6471","IfcPile","Tiefgründung Vorgefertigter Betonpfahl"
"6472","IfcPile","Tiefgründung Ortbetonbohrpfahl 700"
"6473","IfcPile","Bohrpfahlbeton"
"6473","IfcPile","Tiefgründung Ortbetonbohrpfahl 700"
"6473","IfcPile","Tiefgründung Vorgefertigter Betonpfahl"
"6474","IfcPile","Tiefgründung Ortbetonbohrpfahl 700"
"6475","IfcPile","Bohrpfahlbeton"
"6475","IfcPile","Tiefgründung Ortbetonbohrpfahl 700"
"6475","IfcPile","Tiefgründung Vorgefertigter Betonpfahl"
"6476","IfcPile","Tiefgründung Ortbetonbohrpfahl 700"
"6477","IfcPile","Bohrpfahlbeton"
"6477","IfcPile","Tiefgründung Ortbetonbohrpfahl 900"
"6477","IfcPile","Tiefgründung Vorgefertigter Betonpfahl"
"6478","IfcPile","Tiefgründung Ortbetonbohrpfahl 900"
"6479","IfcPile","Bohrpfahlbeton"
"6479","IfcPile","Tiefgründung Ortbetonbohrpfahl 900"
"6479","IfcPile","Tiefgründung Vorgefertigter Betonpfahl"
"6480","IfcPile","Tiefgründung Ortbetonbohrpfahl 900"
"6481","IfcPile","Bohrpfahlbeton"
"6481","IfcPile","Tiefgründung Ortbetonbohrpfahl 1200"
"6481","IfcPile","Tiefgründung Vorgefertigter Betonpfahl"
"6482","IfcPile","Tiefgründung Ortbetonbohrpfahl 1200"
"6483","IfcPile","Bohrpfahlbeton"
"6483","IfcPile","Tiefgründung Mikrobohrpfahl"
"6483","IfcPile","Tiefgründung Vorgefertigter Betonpfahl"
"6484","IfcPile","Tiefgründung Mikrobohrpfahl"
"6485","IfcPile","Bohrpfahlbeton"
"6485","IfcPile","Tiefgründung Mikrobohrpfahl"
"6485","IfcPile","Tiefgründung Vorgefertigter Betonpfahl"
"6486","IfcPile","Tiefgründung Mikrobohrpfahl"
"6487","IfcPile","Bohrpfahlbeton"
"6487","IfcPile","Tiefgründung Mikrobohrpfahl"
"6487","IfcPile","Tiefgründung Vorgefertigter Betonpfahl"
"6488","IfcPile","Tiefgründung Mikrobohrpfahl"
"6489","IfcPile","Bohrpfahlbeton"
"6489","IfcPile","Tiefgründung Ortbetonbohrpfahl 700"
"6489","IfcPile","Tiefgründung Vorgefertigter Betonpfahl"
"6490","IfcPile","Tiefgründung Ortbetonbohrpfahl 700"
"6491","IfcPile","Bohrpfahlbeton"
"6491","IfcPile","Tiefgründung Ortbetonbohrpfahl 700"
"6491","IfcPile","Tiefgründung Vorgefertigter Betonpfahl"
"6492","IfcPile","Tiefgründung Ortbetonbohrpfahl 700"
"6493","IfcPile","Bohrpfahlbeton"
"6493","IfcPile","Tiefgründung Ortbetonbohrpfahl 700"
"6493","IfcPile","Tiefgründung Vorgefertigter Betonpfahl"
"6494","IfcPile","Tiefgründung Ortbetonbohrpfahl 700"
"6495","IfcPile","Bohrpfahlbeton"
"6495","IfcPile","Tiefgründung Ortbetonbohrpfahl 700"
"6495","IfcPile","Tiefgründung Vorgefertigter Betonpfahl"
"6496","IfcPile","Tiefgründung Ortbetonbohrpfahl 700"
"6497","IfcPile","Bohrpfahlbeton"
"6497","IfcPile","Tiefgründung Ortbetonbohrpfahl 900"
"6497","IfcPile","Tiefgründung Vorgefertigter Betonpfahl"
"6498","IfcPile","Tiefgründung Ortbetonbohrpfahl 900"
"6499","IfcPile","Bohrpfahlbeton"
"6499","IfcPile","Tiefgründung Ortbetonbohrpfahl 900"
"6499","IfcPile","Tiefgründung Vorgefertigter Betonpfahl"
"6500","IfcPile","Tiefgründung Ortbetonbohrpfahl 900"
"6501","IfcPile","Bohrpfahlbeton"
"6501","IfcPile","Tiefgründung Ortbetonbohrpfahl 1200"
"6501","IfcPile","Tiefgründung Vorgefertigter Betonpfahl"
"6502","IfcPile","Tiefgründung Ortbetonbohrpfahl 1200"
"6503","IfcPile","Bohrpfahlbeton"
"6503","IfcPile","Tiefgründung Mikrobohrpfahl"
"6503","IfcPile","Tiefgründung Vorgefertigter Betonpfahl"
"6504","IfcPile","Tiefgründung Mikrobohrpfahl"
"6505","IfcPile","Bohrpfahlbeton"
"6505","IfcPile","Tiefgründung Mikrobohrpfahl"
"6505","IfcPile","Tiefgründung Vorgefertigter Betonpfahl"
"6506","IfcPile","Tiefgründung Mikrobohrpfahl"
"6507","IfcPile","Bohrpfahlbeton"
"6507","IfcPile","Tiefgründung Mikrobohrpfahl"
"6507","IfcPile","Tiefgründung Vorgefertigter Betonpfahl"
"6508","IfcPile","Tiefgründung Mikrobohrpfahl"
"6509","IfcPile","Bohrpfahlbeton"
"6509","IfcPile","Tiefgründung Ortbetonbohrpfahl 700"
"6509","IfcPile","Tiefgründung Vorgefertigter Betonpfahl"
"6510","IfcPile","Tiefgründung Ortbetonbohrpfahl 700"
"6511","IfcPile","Bohrpfahlbeton"
"6511","IfcPile","Tiefgründung Ortbetonbohrpfahl 700"
"6511","IfcPile","Tiefgründung Vorgefertigter Betonpfahl"
"6512","IfcPile","Tiefgründung Ortbetonbohrpfahl 700"
"6513","IfcPile","Bohrpfahlbeton"
"6513","IfcPile","Tiefgründung Ortbetonbohrpfahl 700"
"6513","IfcPile","Tiefgründung Vorgefertigter Betonpfahl"
"6514","IfcPile","Tiefgründung Ortbetonbohrpfahl 700"
"6515","IfcPile","Bohrpfahlbeton"
"6515","IfcPile","Tiefgründung Ortbetonbohrpfahl 700"
"6515","IfcPile","Tiefgründung Vorgefertigter Betonpfahl"
"6516","IfcPile","Tiefgründung Ortbetonbohrpfahl 700"
"6517","IfcPile","Bohrpfahlbeton"
"6517","IfcPile","Tiefgründung Ortbetonbohrpfahl 900"
"6517","IfcPile","Tiefgründung Vorgefertigter Betonpfahl"
"6518","IfcPile","Tiefgründung Ortbetonbohrpfahl 900"
"6519","IfcPile","Bohrpfahlbeton"
"6519","IfcPile","Tiefgründung Ortbetonbohrpfahl 900"
"6519","IfcPile","Tiefgründung Vorgefertigter Betonpfahl"
"6520","IfcPile","Tiefgründung Ortbetonbohrpfahl 900"
"6521","IfcPile","Bohrpfahlbeton"
"6521","IfcPile","Tiefgründung Ortbetonbohrpfahl 1200"
"6521","IfcPile","Tiefgründung Vorgefertigter Betonpfahl"
"6522","IfcPile","Tiefgründung Ortbetonbohrpfahl 1200"
"6523","IfcPile","Bohrpfahlbeton"
"6523","IfcPile","Tiefgründung Mikrobohrpfahl"
"6523","IfcPile","Tiefgründung Vorgefertigter Betonpfahl"
"6524","IfcPile","Tiefgründung Mikrobohrpfahl"
"6525","IfcPile","Bohrpfahlbeton"
"6525","IfcPile","Tiefgründung Mikrobohrpfahl"
"6525","IfcPile","Tiefgründung Vorgefertigter Betonpfahl"
"6526","IfcPile","Tiefgründung Mikrobohrpfahl"
"6527","IfcPile","Bohrpfahlbeton"
"6527","IfcPile","Tiefgründung Mikrobohrpfahl"
"6527","IfcPile","Tiefgründung Vorgefertigter Betonpfahl"
"6528","IfcPile","Tiefgründung Mikrobohrpfahl"
"6529","IfcPile","Bohrpfahlbeton"
"6529","IfcPile","Tiefgründung Ortbetonbohrpfahl 700"
"6529","IfcPile","Tiefgründung Vorgefertigter Betonpfahl"
"6530","IfcPile","Tiefgründung Ortbetonbohrpfahl 700"
"6531","IfcPile","Bohrpfahlbeton"
"6531","IfcPile","Tiefgründung Ortbetonbohrpfahl 700"
"6531","IfcPile","Tiefgründung Vorgefertigter Betonpfahl"
"6532","IfcPile","Tiefgründung Ortbetonbohrpfahl 700"
"6533","IfcPile","Bohrpfahlbeton"
"6533","IfcPile","Tiefgründung Ortbetonbohrpfahl 700"
"6533","IfcPile","Tiefgründung Vorgefertigter Betonpfahl"
"6534","IfcPile","Tiefgründung Ortbetonbohrpfahl 700"
"6535","IfcPile","Bohrpfahlbeton"
"6535","IfcPile","Tiefgründung Ortbetonbohrpfahl 700"
"6535","IfcPile","Tiefgründung Vorgefertigter Betonpfahl"
"6536","IfcPile","Tiefgründung Ortbetonbohrpfahl 700"
"6537","IfcPile","Bohrpfahlbeton"
"6537","IfcPile","Tiefgründung Ortbetonbohrpfahl 900"
"6537","IfcPile","Tiefgründung Vorgefertigter Betonpfahl"
"6538","IfcPile","Tiefgründung Ortbetonbohrpfahl 900"
"6539","IfcPile","Bohrpfahlbeton"
"6539","IfcPile","Tiefgründung Ortbetonbohrpfahl 900"
"6539","IfcPile","Tiefgründung Vorgefertigter Betonpfahl"
"6540","IfcPile","Tiefgründung Ortbetonbohrpfahl 900"
"6541","IfcPile","Bohrpfahlbeton"
"6541","IfcPile","Tiefgründung Ortbetonbohrpfahl 1200"
"6541","IfcPile","Tiefgründung Vorgefertigter Betonpfahl"
"6542","IfcPile","Tiefgründung Ortbetonbohrpfahl 1200"
"6543","IfcPile","Tiefgründung Mikrobohrpfahl"
"6544","IfcPile","Tiefgründung Mikrobohrpfahl"
"6545","IfcPile","Tiefgründung Mikrobohrpfahl"
"6546","IfcPile","Tiefgründung Ortbetonbohrpfahl 700"
"6547","IfcPile","Tiefgründung Ortbetonbohrpfahl 700"
"6548","IfcPile","Tiefgründung Ortbetonbohrpfahl 700"
"6549","IfcPile","Tiefgründung Ortbetonbohrpfahl 700"
"6550","IfcPile","Tiefgründung Ortbetonbohrpfahl 900"
"6551","IfcPile","Tiefgründung Ortbetonbohrpfahl 900"
"6552","IfcPile","Tiefgründung Ortbetonbohrpfahl 1200"
"6553","IfcPile","Tiefgründung Mikrobohrpfahl"
"6554","IfcPile","Tiefgründung Ortbetonbohrpfahl 700"
"6555","IfcPile","Tiefgründung Ortbetonbohrpfahl 900"
"6556","IfcPile","Tiefgründung Mikrobohrpfahl"
"6557","IfcPile","Tiefgründung Ortbetonbohrpfahl 700"
"6558","IfcPile","Tiefgründung Ortbetonbohrpfahl 700"
"6559","IfcPile","Tiefgründung Ortbetonbohrpfahl 1200"
"6560","IfcPile","Tiefgründung Mikrobohrpfahl"
"6561","IfcPile","Tiefgründung Ortbetonbohrpfahl 700"
"6562","IfcPile","Tiefgründung Ortbetonbohrpfahl 900"
"6563","IfcPile","Tiefgründung Mikrobohrpfahl"
"6564","IfcPile","Tiefgründung Ortbetonbohrpfahl 900"
"6565","IfcPile","Tiefgründung Ortbetonbohrpfahl 900"
"6566","IfcPile","Tiefgründung Mikrobohrpfahl"
"6567","IfcPile","Tiefgründung Mikrobohrpfahl"
"6568","IfcPile","Tiefgründung Ortbetonbohrpfahl 700"
"6569","IfcPile","Tiefgründung Ortbetonbohrpfahl 700"
"6570","IfcPile","Tiefgründung Ortbetonbohrpfahl 700"
"6571","IfcPile","Tiefgründung Ortbetonbohrpfahl 1200"
"6572","IfcPile","Tiefgründung Mikrobohrpfahl"
"6573","IfcPile","Tiefgründung Ortbetonbohrpfahl 700"
"6574","IfcPile","Tiefgründung Ortbetonbohrpfahl 700"
"6575","IfcPile","Tiefgründung Mikrobohrpfahl"
"6576","IfcPile","Tiefgründung Ortbetonbohrpfahl 700"
"6577","IfcPile","Tiefgründung Ortbetonbohrpfahl 700"
"6578","IfcPile","Tiefgründung Mikrobohrpfahl"
"6579","IfcPile","Tiefgründung Mikrobohrpfahl"
"6580","IfcPile","Tiefgründung Ortbetonbohrpfahl 700"
"6581","IfcPile","Tiefgründung Ortbetonbohrpfahl 700"
"6582","IfcPile","Tiefgründung Ortbetonbohrpfahl 700"
"6583","IfcPile","Tiefgründung Ortbetonbohrpfahl 1200"
"6584","IfcPile","Tiefgründung Mikrobohrpfahl"
"6585","IfcPile","Tiefgründung Ortbetonbohrpfahl 700"
"6586","IfcPile","Tiefgründung Mikrobohrpfahl"
"6587","IfcPile","Tiefgründung Mikrobohrpfahl"
"6588","IfcPile","Tiefgründung Ortbetonbohrpfahl 700"
"6589","IfcPile","Tiefgründung Ortbetonbohrpfahl 700"
"6590","IfcPile","Tiefgründung Ortbetonbohrpfahl 900"
"6591","IfcPile","Tiefgründung Ortbetonbohrpfahl 900"
"6592","IfcPile","Tiefgründung Ortbetonbohrpfahl 1200"
"6593","IfcPile","Tiefgründung Mikrobohrpfahl"
"6594","IfcPile","Tiefgründung Ortbetonbohrpfahl 900"
"6595","IfcPile","Tiefgründung Ortbetonbohrpfahl 1200"
"6596","IfcPile","Tiefgründung Mikrobohrpfahl"
"6597","IfcPile","Tiefgründung Mikrobohrpfahl"
"6598","IfcPile","Tiefgründung Ortbetonbohrpfahl 1200"
"6599","IfcPile","Tiefgründung Mikrobohrpfahl"
"6600","IfcPile","Tiefgründung Ortbetonbohrpfahl 700"
"6601","IfcPile","Tiefgründung Ortbetonbohrpfahl 900"
"6602","IfcPile","Tiefgründung Ortbetonbohrpfahl 700"
"6603","IfcPile","Tiefgründung Ortbetonbohrpfahl 700"
"6604","IfcPile","Tiefgründung Ortbetonbohrpfahl 1200"
"6605","IfcPile","Tiefgründung Mikrobohrpfahl"
"6606","IfcPile","Tiefgründung Mikrobohrpfahl"
"6607","IfcPile","Tiefgründung Ortbetonbohrpfahl 700"
"6608","IfcPile","Tiefgründung Ortbetonbohrpfahl 700"
"6609","IfcPile","Tiefgründung Ortbetonbohrpfahl 700"
"6610","IfcPile","Tiefgründung Ortbetonbohrpfahl 900"
"6611","IfcPile","Tiefgründung Ortbetonbohrpfahl 900"
"6612","IfcPile","Tiefgründung Ortbetonbohrpfahl 700"
"6613","IfcPile","Tiefgründung Mikrobohrpfahl"
"6614","IfcPile","Tiefgründung Ortbetonbohrpfahl 700"
"6615","IfcPile","Tiefgründung Ortbetonbohrpfahl 700"
"6616","IfcPile","Tiefgründung Ortbetonbohrpfahl 900"
"6617","IfcPile","Tiefgründung Ortbetonbohrpfahl 900"
"6618","IfcPile","Tiefgründung Ortbetonbohrpfahl 700"
"6619","IfcPile","Tiefgründung Ortbetonbohrpfahl 900"
"6620","IfcPile","Tiefgründung Ortbetonbohrpfahl 900"
"6621","IfcPile","Tiefgründung Mikrobohrpfahl"
"6622","IfcPile","Tiefgründung Ortbetonbohrpfahl 700"
"6623","IfcPile","Bohrpfahlbeton"
"6623","IfcPile","Tiefgründung Mikrobohrpfahl"
"6623","IfcPile","Tiefgründung Vorgefertigter Betonpfahl"
"6624","IfcPile","Tiefgründung Mikrobohrpfahl"
"6625","IfcPile","Tiefgründung Mikrobohrpfahl"
"6626","IfcPile","Bohrpfahlbeton"
"6626","IfcPile","Tiefgründung Mikrobohrpfahl"
"6626","IfcPile","Tiefgründung Vorgefertigter Betonpfahl"
"6627","IfcPile","Tiefgründung Mikrobohrpfahl"
"6628","IfcPile","Tiefgründung Mikrobohrpfahl"
"6629","IfcPile","Bohrpfahlbeton"
"6629","IfcPile","Tiefgründung Mikrobohrpfahl"
"6629","IfcPile","Tiefgründung Vorgefertigter Betonpfahl"
"6630","IfcPile","Tiefgründung Mikrobohrpfahl"
"6631","IfcPile","Tiefgründung Mikrobohrpfahl"
"6632","IfcPile","Bohrpfahlbeton"
"6632","IfcPile","Tiefgründung Ortbetonbohrpfahl 700"
"6632","IfcPile","Tiefgründung Vorgefertigter Betonpfahl"
"6633","IfcPile","Tiefgründung Ortbetonbohrpfahl 700"
"6634","IfcPile","Tiefgründung Ortbetonbohrpfahl 700"
"6635","IfcPile","Bohrpfahlbeton"
"6635","IfcPile","Tiefgründung Ortbetonbohrpfahl 700"
"6635","IfcPile","Tiefgründung Vorgefertigter Betonpfahl"
"6636","IfcPile","Tiefgründung Ortbetonbohrpfahl 700"
"6637","IfcPile","Tiefgründung Ortbetonbohrpfahl 700"
"6638","IfcPile","Bohrpfahlbeton"
"6638","IfcPile","Tiefgründung Ortbetonbohrpfahl 700"
"6638","IfcPile","Tiefgründung Vorgefertigter Betonpfahl"
"6639","IfcPile","Tiefgründung Ortbetonbohrpfahl 700"
"6640","IfcPile","Tiefgründung Ortbetonbohrpfahl 700"
"6641","IfcPile","Bohrpfahlbeton"
"6641","IfcPile","Tiefgründung Ortbetonbohrpfahl 700"
"6641","IfcPile","Tiefgründung Vorgefertigter Betonpfahl"
"6642","IfcPile","Tiefgründung Ortbetonbohrpfahl 700"
"6643","IfcPile","Tiefgründung Ortbetonbohrpfahl 700"
"6644","IfcPile","Bohrpfahlbeton"
"6644","IfcPile","Tiefgründung Ortbetonbohrpfahl 900"
"6644","IfcPile","Tiefgründung Vorgefertigter Betonpfahl"
"6645","IfcPile","Tiefgründung Ortbetonbohrpfahl 900"
"6646","IfcPile","Tiefgründung Ortbetonbohrpfahl 900"
"6647","IfcPile","Bohrpfahlbeton"
"6647","IfcPile","Tiefgründung Ortbetonbohrpfahl 900"
"6647","IfcPile","Tiefgründung Vorgefertigter Betonpfahl"
"6648","IfcPile","Tiefgründung Ortbetonbohrpfahl 900"
"6649","IfcPile","Bohrpfahlbeton"
"6649","IfcPile","Tiefgründung Ortbetonbohrpfahl 1200"
"6649","IfcPile","Tiefgründung Vorgefertigter Betonpfahl"
"6650","IfcPile","Tiefgründung Ortbetonbohrpfahl 1200"
"6651","IfcPile","Tiefgründung Ortbetonbohrpfahl 1200"
"6652","IfcPile","Bohrpfahlbeton"
"6652","IfcPile","Tiefgründung Mikrobohrpfahl"
"6652","IfcPile","Tiefgründung Vorgefertigter Betonpfahl"
"6653","IfcPile","Tiefgründung Mikrobohrpfahl"
"6654","IfcPile","Bohrpfahlbeton"
"6654","IfcPile","Tiefgründung Mikrobohrpfahl"
"6654","IfcPile","Tiefgründung Vorgefertigter Betonpfahl"
"6655","IfcPile","Tiefgründung Mikrobohrpfahl"
"6656","IfcPile","Bohrpfahlbeton"
"6656","IfcPile","Tiefgründung Mikrobohrpfahl"
"6656","IfcPile","Tiefgründung Vorgefertigter Betonpfahl"
"6657","IfcPile","Tiefgründung Mikrobohrpfahl"
"6658","IfcPile","Bohrpfahlbeton"
"6658","IfcPile","Tiefgründung Ortbetonbohrpfahl 700"
"6658","IfcPile","Tiefgründung Vorgefertigter Betonpfahl"
"6659","IfcPile","Tiefgründung Ortbetonbohrpfahl 700"
"6660","IfcPile","Bohrpfahlbeton"
"6660","IfcPile","Tiefgründung Ortbetonbohrpfahl 700"
"6660","IfcPile","Tiefgründung Vorgefertigter Betonpfahl"
"6661","IfcPile","Tiefgründung Ortbetonbohrpfahl 700"
"6662","IfcPile","Bohrpfahlbeton"
"6662","IfcPile","Tiefgründung Ortbetonbohrpfahl 700"
"6662","IfcPile","Tiefgründung Vorgefertigter Betonpfahl"
"6663","IfcPile","Tiefgründung Ortbetonbohrpfahl 700"
"6664","IfcPile","Bohrpfahlbeton"
"6664","IfcPile","Tiefgründung Ortbetonbohrpfahl 700"
"6664","IfcPile","Tiefgründung Vorgefertigter Betonpfahl"
"6665","IfcPile","Tiefgründung Ortbetonbohrpfahl 700"
"6666","IfcPile","Bohrpfahlbeton"
"6666","IfcPile","Tiefgründung Ortbetonbohrpfahl 900"
"6666","IfcPile","Tiefgründung Vorgefertigter Betonpfahl"
"6667","IfcPile","Tiefgründung Ortbetonbohrpfahl 900"
"6668","IfcPile","Bohrpfahlbeton"
"6668","IfcPile","Tiefgründung Ortbetonbohrpfahl 900"
"6668","IfcPile","Tiefgründung Vorgefertigter Betonpfahl"
"6669","IfcPile","Tiefgründung Ortbetonbohrpfahl 900"
"6670","IfcPile","Bohrpfahlbeton"
"6670","IfcPile","Tiefgründung Ortbetonbohrpfahl 1200"
"6670","IfcPile","Tiefgründung Vorgefertigter Betonpfahl"
"6671","IfcPile","Tiefgründung Ortbetonbohrpfahl 1200"
"6672","IfcPile","Bohrpfahlbeton"
"6672","IfcPile","Tiefgründung Mikrobohrpfahl"
"6672","IfcPile","Tiefgründung Vorgefertigter Betonpfahl"
"6673","IfcPile","Tiefgründung Mikrobohrpfahl"
"6674","IfcPile","Bohrpfahlbeton"
"6674","IfcPile","Tiefgründung Mikrobohrpfahl"
"6674","IfcPile","Tiefgründung Vorgefertigter Betonpfahl"
"6675","IfcPile","Tiefgründung Mikrobohrpfahl"
"6676","IfcPile","Bohrpfahlbeton"
"6676","IfcPile","Tiefgründung Mikrobohrpfahl"
"6676","IfcPile","Tiefgründung Vorgefertigter Betonpfahl"
"6677","IfcPile","Tiefgründung Mikrobohrpfahl"
"6678","IfcPile","Bohrpfahlbeton"
"6678","IfcPile","Tiefgründung Ortbetonbohrpfahl 700"
"6678","IfcPile","Tiefgründung Vorgefertigter Betonpfahl"
"6679","IfcPile","Tiefgründung Ortbetonbohrpfahl 700"
"6680","IfcPile","Bohrpfahlbeton"
"6680","IfcPile","Tiefgründung Ortbetonbohrpfahl 700"
"6680","IfcPile","Tiefgründung Vorgefertigter Betonpfahl"
"6681","IfcPile","Tiefgründung Ortbetonbohrpfahl 700"
"6682","IfcPile","Bohrpfahlbeton"
"6682","IfcPile","Tiefgründung Ortbetonbohrpfahl 700"
"6682","IfcPile","Tiefgründung Vorgefertigter Betonpfahl"
"6683","IfcPile","Tiefgründung Ortbetonbohrpfahl 700"
"6684","IfcPile","Bohrpfahlbeton"
"6684","IfcPile","Tiefgründung Ortbetonbohrpfahl 700"
"6684","IfcPile","Tiefgründung Vorgefertigter Betonpfahl"
"6685","IfcPile","Tiefgründung Ortbetonbohrpfahl 700"
"6686","IfcPile","Bohrpfahlbeton"
"6686","IfcPile","Tiefgründung Ortbetonbohrpfahl 900"
"6686","IfcPile","Tiefgründung Vorgefertigter Betonpfahl"
"6687","IfcPile","Tiefgründung Ortbetonbohrpfahl 900"
"6688","IfcPile","Bohrpfahlbeton"
"6688","IfcPile","Tiefgründung Ortbetonbohrpfahl 900"
"6688","IfcPile","Tiefgründung Vorgefertigter Betonpfahl"
"6689","IfcPile","Tiefgründung Ortbetonbohrpfahl 900"
"6690","IfcPile","Bohrpfahlbeton"
"6690","IfcPile","Tiefgründung Ortbetonbohrpfahl 1200"
"6690","IfcPile","Tiefgründung Vorgefertigter Betonpfahl"
"6691","IfcPile","Tiefgründung Ortbetonbohrpfahl 1200"
"6692","IfcPile","Bohrpfahlbeton"
"6692","IfcPile","Tiefgründung Mikrobohrpfahl"
"6692","IfcPile","Tiefgründung Vorgefertigter Betonpfahl"
"6693","IfcPile","Tiefgründung Mikrobohrpfahl"
"6694","IfcPile","Bohrpfahlbeton"
"6694","IfcPile","Tiefgründung Mikrobohrpfahl"
"6694","IfcPile","Tiefgründung Vorgefertigter Betonpfahl"
"6695","IfcPile","Tiefgründung Mikrobohrpfahl"
"6696","IfcPile","Bohrpfahlbeton"
"6696","IfcPile","Tiefgründung Mikrobohrpfahl"
"6696","IfcPile","Tiefgründung Vorgefertigter Betonpfahl"
"6697","IfcPile","Tiefgründung Mikrobohrpfahl"
"6698","IfcPile","Bohrpfahlbeton"
"6698","IfcPile","Tiefgründung Ortbetonbohrpfahl 700"
"6698","IfcPile","Tiefgründung Vorgefertigter Betonpfahl"
"6699","IfcPile","Tiefgründung Ortbetonbohrpfahl 700"
"6700","IfcPile","Bohrpfahlbeton"
"6700","IfcPile","Tiefgründung Ortbetonbohrpfahl 700"
"6700","IfcPile","Tiefgründung Vorgefertigter Betonpfahl"
"6701","IfcPile","Tiefgründung Ortbetonbohrpfahl 700"
"6702","IfcPile","Bohrpfahlbeton"
"6702","IfcPile","Tiefgründung Ortbetonbohrpfahl 700"
"6702","IfcPile","Tiefgründung Vorgefertigter Betonpfahl"
"6703","IfcPile","Tiefgründung Ortbetonbohrpfahl 700"
"6704","IfcPile","Bohrpfahlbeton"
"6704","IfcPile","Tiefgründung Ortbetonbohrpfahl 700"
"6704","IfcPile","Tiefgründung Vorgefertigter Betonpfahl"
"6705","IfcPile","Tiefgründung Ortbetonbohrpfahl 700"
"6706","IfcPile","Bohrpfahlbeton"
"6706","IfcPile","Tiefgründung Ortbetonbohrpfahl 900"
"6706","IfcPile","Tiefgründung Vorgefertigter Betonpfahl"
"6707","IfcPile","Tiefgründung Ortbetonbohrpfahl 900"
"6708","IfcPile","Bohrpfahlbeton"
"6708","IfcPile","Tiefgründung Ortbetonbohrpfahl 900"
"6708","IfcPile","Tiefgründung Vorgefertigter Betonpfahl"
"6709","IfcPile","Tiefgründung Ortbetonbohrpfahl 900"
"6710","IfcPile","Bohrpfahlbeton"
"6710","IfcPile","Tiefgründung Ortbetonbohrpfahl 1200"
"6710","IfcPile","Tiefgründung Vorgefertigter Betonpfahl"
"6711","IfcPile","Tiefgründung Ortbetonbohrpfahl 1200"
"6712","IfcPile","Bohrpfahlbeton"
"6712","IfcPile","Tiefgründung Mikrobohrpfahl"
"6712","IfcPile","Tiefgründung Vorgefertigter Betonpfahl"
"6713","IfcPile","Tiefgründung Mikrobohrpfahl"
"6714","IfcPile","Bohrpfahlbeton"
"6714","IfcPile","Tiefgründung Mikrobohrpfahl"
"6714","IfcPile","Tiefgründung Vorgefertigter Betonpfahl"
"6715","IfcPile","Tiefgründung Mikrobohrpfahl"
"6716","IfcPile","Bohrpfahlbeton"
"6716","IfcPile","Tiefgründung Mikrobohrpfahl"
"6716","IfcPile","Tiefgründung Vorgefertigter Betonpfahl"
"6717","IfcPile","Tiefgründung Mikrobohrpfahl"
"6718","IfcPile","Bohrpfahlbeton"
"6718","IfcPile","Tiefgründung Ortbetonbohrpfahl 700"
"6718","IfcPile","Tiefgründung Vorgefertigter Betonpfahl"
"6719","IfcPile","Tiefgründung Ortbetonbohrpfahl 700"
"6720","IfcPile","Bohrpfahlbeton"
"6720","IfcPile","Tiefgründung Ortbetonbohrpfahl 700"
"6720","IfcPile","Tiefgründung Vorgefertigter Betonpfahl"
"6721","IfcPile","Tiefgründung Ortbetonbohrpfahl 700"
"6722","IfcPile","Bohrpfahlbeton"
"6722","IfcPile","Tiefgründung Ortbetonbohrpfahl 700"
"6722","IfcPile","Tiefgründung Vorgefertigter Betonpfahl"
"6723","IfcPile","Tiefgründung Ortbetonbohrpfahl 700"
"6724","IfcPile","Bohrpfahlbeton"
"6724","IfcPile","Tiefgründung Ortbetonbohrpfahl 700"
"6724","IfcPile","Tiefgründung Vorgefertigter Betonpfahl"
"6725","IfcPile","Tiefgründung Ortbetonbohrpfahl 700"
"6726","IfcPile","Bohrpfahlbeton"
"6726","IfcPile","Tiefgründung Ortbetonbohrpfahl 900"
"6726","IfcPile","Tiefgründung Vorgefertigter Betonpfahl"
"6727","IfcPile","Tiefgründung Ortbetonbohrpfahl 900"
"6728","IfcPile","Bohrpfahlbeton"
"6728","IfcPile","Tiefgründung Ortbetonbohrpfahl 900"
"6728","IfcPile","Tiefgründung Vorgefertigter Betonpfahl"
"6729","IfcPile","Tiefgründung Ortbetonbohrpfahl 900"
"6730","IfcPile","Bohrpfahlbeton"
"6730","IfcPile","Tiefgründung Ortbetonbohrpfahl 1200"
"6730","IfcPile","Tiefgründung Vorgefertigter Betonpfahl"
"6731","IfcPile","Tiefgründung Ortbetonbohrpfahl 1200"
"6732","IfcPile","Bohrpfahlbeton"
"6732","IfcPile","Tiefgründung Mikrobohrpfahl"
"6732","IfcPile","Tiefgründung Vorgefertigter Betonpfahl"
"6733","IfcPile","Tiefgründung Mikrobohrpfahl"
"6734","IfcPile","Bohrpfahlbeton"
"6734","IfcPile","Tiefgründung Mikrobohrpfahl"
"6734","IfcPile","Tiefgründung Vorgefertigter Betonpfahl"
"6735","IfcPile","Tiefgründung Mikrobohrpfahl"
"6736","IfcPile","Bohrpfahlbeton"
"6736","IfcPile","Tiefgründung Mikrobohrpfahl"
"6736","IfcPile","Tiefgründung Vorgefertigter Betonpfahl"
"6737","IfcPile","Tiefgründung Mikrobohrpfahl"
"6738","IfcPile","Bohrpfahlbeton"
"6738","IfcPile","Tiefgründung Ortbetonbohrpfahl 700"
"6738","IfcPile","Tiefgründung Vorgefertigter Betonpfahl"
"6739","IfcPile","Tiefgründung Ortbetonbohrpfahl 700"
"6740","IfcPile","Bohrpfahlbeton"
"6740","IfcPile","Tiefgründung Ortbetonbohrpfahl 700"
"6740","IfcPile","Tiefgründung Vorgefertigter Betonpfahl"
"6741","IfcPile","Tiefgründung Ortbetonbohrpfahl 700"
"6742","IfcPile","Bohrpfahlbeton"
"6742","IfcPile","Tiefgründung Ortbetonbohrpfahl 700"
"6742","IfcPile","Tiefgründung Vorgefertigter Betonpfahl"
"6743","IfcPile","Tiefgründung Ortbetonbohrpfahl 700"
"6744","IfcPile","Bohrpfahlbeton"
"6744","IfcPile","Tiefgründung Ortbetonbohrpfahl 700"
"6744","IfcPile","Tiefgründung Vorgefertigter Betonpfahl"
"6745","IfcPile","Tiefgründung Ortbetonbohrpfahl 700"
"6746","IfcPile","Bohrpfahlbeton"
"6746","IfcPile","Tiefgründung Ortbetonbohrpfahl 900"
"6746","IfcPile","Tiefgründung Vorgefertigter Betonpfahl"
"6747","IfcPile","Tiefgründung Ortbetonbohrpfahl 900"
"6748","IfcPile","Bohrpfahlbeton"
"6748","IfcPile","Tiefgründung Ortbetonbohrpfahl 900"
"6748","IfcPile","Tiefgründung Vorgefertigter Betonpfahl"
"6749","IfcPile","Tiefgründung Ortbetonbohrpfahl 900"
"6750","IfcPile","Bohrpfahlbeton"
"6750","IfcPile","Tiefgründung Ortbetonbohrpfahl 1200"
"6750","IfcPile","Tiefgründung Vorgefertigter Betonpfahl"
"6751","IfcPile","Tiefgründung Ortbetonbohrpfahl 1200"
"6752","IfcPile","Tiefgründung Mikrobohrpfahl"
"6753","IfcPile","Tiefgründung Mikrobohrpfahl"
"6754","IfcPile","Tiefgründung Mikrobohrpfahl"
"6755","IfcPile","Tiefgründung Ortbetonbohrpfahl 700"
"6756","IfcPile","Tiefgründung Ortbetonbohrpfahl 700"
"6757","IfcPile","Tiefgründung Ortbetonbohrpfahl 700"
"6758","IfcPile","Tiefgründung Ortbetonbohrpfahl 700"
"6759","IfcPile","Tiefgründung Ortbetonbohrpfahl 700"
"6760","IfcPile","Tiefgründung Mikrobohrpfahl"
"6761","IfcPile","Tiefgründung Ortbetonbohrpfahl 700"
"6762","IfcPile","Tiefgründung Mikrobohrpfahl"
"6763","IfcPile","Tiefgründung Mikrobohrpfahl"
"6764","IfcPile","Tiefgründung Mikrobohrpfahl"
"6765","IfcPile","Tiefgründung Ortbetonbohrpfahl 700"
"6766","IfcPile","Tiefgründung Ortbetonbohrpfahl 700"
"6767","IfcPile","Tiefgründung Ortbetonbohrpfahl 700"
"6768","IfcPile","Tiefgründung Ortbetonbohrpfahl 700"
"6769","IfcPile","Tiefgründung Ortbetonbohrpfahl 700"
"6770","IfcPile","Tiefgründung Ortbetonbohrpfahl 700"
"6771","IfcPile","Tiefgründung Mikrobohrpfahl"
"6772","IfcPile","Tiefgründung Mikrobohrpfahl"
"6773","IfcPile","Tiefgründung Ortbetonbohrpfahl 700"
"6774","IfcPile","Tiefgründung Ortbetonbohrpfahl 700"
"6775","IfcPile","Tiefgründung Ortbetonbohrpfahl 700"
"6776","IfcPile","Tiefgründung Ortbetonbohrpfahl 900"
"6777","IfcPile","Tiefgründung Ortbetonbohrpfahl 900"
"6778","IfcPile","Tiefgründung Ortbetonbohrpfahl 1200"
"6779","IfcPile","Tiefgründung Mikrobohrpfahl"
"6780","IfcPile","Tiefgründung Ortbetonbohrpfahl 700"
"6781","IfcPile","Tiefgründung Ortbetonbohrpfahl 700"
"6782","IfcPile","Tiefgründung Ortbetonbohrpfahl 900"
"6783","IfcPile","Tiefgründung Ortbetonbohrpfahl 900"
"6784","IfcPile","Tiefgründung Ortbetonbohrpfahl 900"
"6785","IfcPile","Tiefgründung Ortbetonbohrpfahl 700"
"6786","IfcPile","Tiefgründung Ortbetonbohrpfahl 700"
"6787","IfcPile","Tiefgründung Ortbetonbohrpfahl 1200"
"6788","IfcPile","Tiefgründung Mikrobohrpfahl"
"6789","IfcPile","Tiefgründung Ortbetonbohrpfahl 1200"
"6790","IfcPile","Tiefgründung Mikrobohrpfahl"
"6791","IfcPile","Tiefgründung Mikrobohrpfahl"
"6792","IfcPile","Tiefgründung Ortbetonbohrpfahl 700"
"6793","IfcPile","Tiefgründung Ortbetonbohrpfahl 700"
"6794","IfcPile","Tiefgründung Ortbetonbohrpfahl 700"
"6795","IfcPile","Tiefgründung Ortbetonbohrpfahl 900"
"6796","IfcPile","Tiefgründung Ortbetonbohrpfahl 900"
"6797","IfcPile","Tiefgründung Ortbetonbohrpfahl 1200"
"6798","IfcPile","Tiefgründung Mikrobohrpfahl"
"6799","IfcPile","Tiefgründung Ortbetonbohrpfahl 700"
"6800","IfcPile","Tiefgründung Ortbetonbohrpfahl 700"
"6801","IfcPile","Tiefgründung Ortbetonbohrpfahl 900"
"6802","IfcPile","Tiefgründung Ortbetonbohrpfahl 900"
"6803","IfcPile","Tiefgründung Mikrobohrpfahl"
"6804","IfcPile","Tiefgründung Ortbetonbohrpfahl 900"
"6805","IfcPile","Tiefgründung Ortbetonbohrpfahl 1200"
"6806","IfcPile","Tiefgründung Ortbetonbohrpfahl 700"
"6807","IfcPile","Tiefgründung Mikrobohrpfahl"
"6808","IfcPile","Tiefgründung Ortbetonbohrpfahl 700"
"6809","IfcPile","Tiefgründung Ortbetonbohrpfahl 700"
"6810","IfcPile","Tiefgründung Ortbetonbohrpfahl 900"
"6811","IfcPile","Tiefgründung Ortbetonbohrpfahl 900"
"6812","IfcPile","Tiefgründung Mikrobohrpfahl"
"6813","IfcPile","Tiefgründung Mikrobohrpfahl"
"6814","IfcPile","Tiefgründung Mikrobohrpfahl"
"6815","IfcPile","Tiefgründung Ortbetonbohrpfahl 700"
"6816","IfcPile","Tiefgründung Ortbetonbohrpfahl 700"
"6817","IfcPile","Tiefgründung Ortbetonbohrpfahl 700"
"6818","IfcPile","Tiefgründung Ortbetonbohrpfahl 900"
"6819","IfcPile","Tiefgründung Ortbetonbohrpfahl 900"
"6820","IfcPile","Tiefgründung Ortbetonbohrpfahl 1200"
"6821","IfcPile","Tiefgründung Mikrobohrpfahl"
"6822","IfcPile","Tiefgründung Ortbetonbohrpfahl 1200"
"6823","IfcPile","Tiefgründung Mikrobohrpfahl"
"6824","IfcPile","Tiefgründung Ortbetonbohrpfahl 700"
"6825","IfcPile","Tiefgründung Ortbetonbohrpfahl 700"
"6826","IfcPile","Tiefgründung Ortbetonbohrpfahl 1200"
"6827","IfcPile","Tiefgründung Ortbetonbohrpfahl 700"
"6828","IfcPile","Tiefgründung Mikrobohrpfahl"
"6829","IfcPile","Tiefgründung Mikrobohrpfahl"
"6830","IfcPile","Tiefgründung Mikrobohrpfahl"
"6831","IfcPile","Tiefgründung Ortbetonbohrpfahl 900"
"6832","IfcPile","Tiefgründung Ortbetonbohrpfahl 900"
"6833","IfcPile","Tiefgründung Mikrobohrpfahl"
"6834","IfcPile","Tiefgründung Mikrobohrpfahl"
"6834","IfcPile","Stahlblech blank"
"6834","IfcPile","Stahlprofil blank"
"6835","IfcPile","Tiefgründung Mikrobohrpfahl"
"6835","IfcPile","Stahlblech blank"
"6835","IfcPile","Stahlprofil blank"
"6836","IfcPile","Tiefgründung Mikrobohrpfahl"
"6836","IfcPile","Stahlblech blank"
"6836","IfcPile","Stahlprofil blank"
"6837","IfcPile","Tiefgründung Rüttelstopfsäule"
"6838","IfcPile","Bohrpfahlbeton"
"6838","IfcPile","Tiefgründung Mikrobohrpfahl"
"6838","IfcPile","Tiefgründung Vorgefertigter Betonpfahl"
"6839","IfcPile","Tiefgründung Vorgefertigter Betonpfahl"
"6840","IfcPile","Tiefgründung Mikrobohrpfahl"
"6841","IfcPile","Tiefgründung Mikrobohrpfahl"
"6842","IfcPile","Tiefgründung Vorgefertigter Betonpfahl"
"6843","IfcPile","Bohrpfahlbeton"
"6843","IfcPile","Tiefgründung Mikrobohrpfahl"
"6843","IfcPile","Tiefgründung Vorgefertigter Betonpfahl"
"6844","IfcPile","Tiefgründung Vorgefertigter Betonpfahl"
"6845","IfcPile","Tiefgründung Mikrobohrpfahl"
"6846","IfcPile","Tiefgründung Mikrobohrpfahl"
"6847","IfcPile","Tiefgründung Vorgefertigter Betonpfahl"
"6848","IfcPile","Bohrpfahlbeton"
"6848","IfcPile","Tiefgründung Mikrobohrpfahl"
"6848","IfcPile","Tiefgründung Vorgefertigter Betonpfahl"
"6849","IfcPile","Tiefgründung Vorgefertigter Betonpfahl"
"6850","IfcPile","Tiefgründung Mikrobohrpfahl"
"6851","IfcPile","Tiefgründung Mikrobohrpfahl"
"6852","IfcPile","Tiefgründung Vorgefertigter Betonpfahl"
"6853","IfcPile","Bohrpfahlbeton"
"6853","IfcPile","Tiefgründung Ortbetonbohrpfahl 700"
"6853","IfcPile","Tiefgründung Vorgefertigter Betonpfahl"
"6854","IfcPile","Tiefgründung Vorgefertigter Betonpfahl"
"6855","IfcPile","Tiefgründung Ortbetonbohrpfahl 700"
"6856","IfcPile","Tiefgründung Ortbetonbohrpfahl 700"
"6857","IfcPile","Tiefgründung Vorgefertigter Betonpfahl"
"6858","IfcPile","Bohrpfahlbeton"
"6858","IfcPile","Tiefgründung Ortbetonbohrpfahl 700"
"6858","IfcPile","Tiefgründung Vorgefertigter Betonpfahl"
"6859","IfcPile","Tiefgründung Vorgefertigter Betonpfahl"
"6860","IfcPile","Tiefgründung Ortbetonbohrpfahl 700"
"6861","IfcPile","Tiefgründung Ortbetonbohrpfahl 700"
"6862","IfcPile","Tiefgründung Vorgefertigter Betonpfahl"
"6863","IfcPile","Bohrpfahlbeton"
"6863","IfcPile","Tiefgründung Ortbetonbohrpfahl 700"
"6863","IfcPile","Tiefgründung Vorgefertigter Betonpfahl"
"6864","IfcPile","Tiefgründung Vorgefertigter Betonpfahl"
"6865","IfcPile","Tiefgründung Ortbetonbohrpfahl 700"
"6866","IfcPile","Tiefgründung Vorgefertigter Betonpfahl"
"6867","IfcPile","Bohrpfahlbeton"
"6867","IfcPile","Tiefgründung Ortbetonbohrpfahl 700"
"6867","IfcPile","Tiefgründung Vorgefertigter Betonpfahl"
"6868","IfcPile","Tiefgründung Vorgefertigter Betonpfahl"
"6869","IfcPile","Tiefgründung Ortbetonbohrpfahl 700"
"6870","IfcPile","Tiefgründung Ortbetonbohrpfahl 700"
"6871","IfcPile","Tiefgründung Vorgefertigter Betonpfahl"
"6872","IfcPile","Bohrpfahlbeton"
"6872","IfcPile","Tiefgründung Ortbetonbohrpfahl 900"
"6872","IfcPile","Tiefgründung Vorgefertigter Betonpfahl"
"6873","IfcPile","Tiefgründung Vorgefertigter Betonpfahl"
"6874","IfcPile","Tiefgründung Ortbetonbohrpfahl 900"
"6875","IfcPile","Tiefgründung Ortbetonbohrpfahl 900"
"6876","IfcPile","Tiefgründung Vorgefertigter Betonpfahl"
"6877","IfcPile","Bohrpfahlbeton"
"6877","IfcPile","Tiefgründung Ortbetonbohrpfahl 900"
"6877","IfcPile","Tiefgründung Vorgefertigter Betonpfahl"
"6878","IfcPile","Tiefgründung Ortbetonbohrpfahl 900"
"6879","IfcPile","Tiefgründung Ortbetonbohrpfahl 900"
"6880","IfcPile","Tiefgründung Vorgefertigter Betonpfahl"
"6881","IfcPile","Bohrpfahlbeton"
"6881","IfcPile","Tiefgründung Ortbetonbohrpfahl 1200"
"6881","IfcPile","Tiefgründung Vorgefertigter Betonpfahl"
"6882","IfcPile","Tiefgründung Vorgefertigter Betonpfahl"
"6883","IfcPile","Tiefgründung Ortbetonbohrpfahl 1200"
"6884","IfcPile","Tiefgründung Ortbetonbohrpfahl 1200"
"6885","IfcPile","Tiefgründung Vorgefertigter Betonpfahl"
"6886","IfcPile","Bohrpfahlbeton"
"6886","IfcPile","Tiefgründung Mikrobohrpfahl"
"6886","IfcPile","Tiefgründung Vorgefertigter Betonpfahl"
"6887","IfcPile","Tiefgründung Vorgefertigter Betonpfahl"
"6888","IfcPile","Tiefgründung Mikrobohrpfahl"
"6889","IfcPile","Bohrpfahlbeton"
"6889","IfcPile","Tiefgründung Mikrobohrpfahl"
"6889","IfcPile","Tiefgründung Vorgefertigter Betonpfahl"
"6890","IfcPile","Tiefgründung Mikrobohrpfahl"
"6891","IfcPile","Tiefgründung Vorgefertigter Betonpfahl"
"6892","IfcPile","Bohrpfahlbeton"
"6892","IfcPile","Tiefgründung Mikrobohrpfahl"
"6892","IfcPile","Tiefgründung Vorgefertigter Betonpfahl"
"6893","IfcPile","Tiefgründung Vorgefertigter Betonpfahl"
"6894","IfcPile","Tiefgründung Mikrobohrpfahl"
"6895","IfcPile","Bohrpfahlbeton"
"6895","IfcPile","Tiefgründung Ortbetonbohrpfahl 700"
"6895","IfcPile","Tiefgründung Vorgefertigter Betonpfahl"
"6896","IfcPile","Tiefgründung Vorgefertigter Betonpfahl"
"6897","IfcPile","Tiefgründung Ortbetonbohrpfahl 700"
"6898","IfcPile","Bohrpfahlbeton"
"6898","IfcPile","Tiefgründung Ortbetonbohrpfahl 700"
"6898","IfcPile","Tiefgründung Vorgefertigter Betonpfahl"
"6899","IfcPile","Tiefgründung Vorgefertigter Betonpfahl"
"6900","IfcPile","Tiefgründung Ortbetonbohrpfahl 700"
"6901","IfcPile","Bohrpfahlbeton"
"6901","IfcPile","Tiefgründung Ortbetonbohrpfahl 700"
"6901","IfcPile","Tiefgründung Vorgefertigter Betonpfahl"
"6902","IfcPile","Tiefgründung Ortbetonbohrpfahl 700"
"6903","IfcPile","Tiefgründung Vorgefertigter Betonpfahl"
"6904","IfcPile","Bohrpfahlbeton"
"6904","IfcPile","Tiefgründung Ortbetonbohrpfahl 700"
"6904","IfcPile","Tiefgründung Vorgefertigter Betonpfahl"
"6905","IfcPile","Tiefgründung Vorgefertigter Betonpfahl"
"6906","IfcPile","Tiefgründung Ortbetonbohrpfahl 700"
"6907","IfcPile","Bohrpfahlbeton"
"6907","IfcPile","Tiefgründung Ortbetonbohrpfahl 900"
"6907","IfcPile","Tiefgründung Vorgefertigter Betonpfahl"
"6908","IfcPile","Tiefgründung Vorgefertigter Betonpfahl"
"6909","IfcPile","Tiefgründung Ortbetonbohrpfahl 900"
"6910","IfcPile","Bohrpfahlbeton"
"6910","IfcPile","Tiefgründung Ortbetonbohrpfahl 900"
"6910","IfcPile","Tiefgründung Vorgefertigter Betonpfahl"
"6911","IfcPile","Tiefgründung Ortbetonbohrpfahl 900"
"6912","IfcPile","Tiefgründung Vorgefertigter Betonpfahl"
"6913","IfcPile","Bohrpfahlbeton"
"6913","IfcPile","Tiefgründung Ortbetonbohrpfahl 1200"
"6913","IfcPile","Tiefgründung Vorgefertigter Betonpfahl"
"6914","IfcPile","Tiefgründung Ortbetonbohrpfahl 1200"
"6915","IfcPile","Tiefgründung Vorgefertigter Betonpfahl"
"6916","IfcPile","Bohrpfahlbeton"
"6916","IfcPile","Tiefgründung Mikrobohrpfahl"
"6916","IfcPile","Tiefgründung Vorgefertigter Betonpfahl"
"6917","IfcPile","Tiefgründung Vorgefertigter Betonpfahl"
"6918","IfcPile","Tiefgründung Mikrobohrpfahl"
"6919","IfcPile","Bohrpfahlbeton"
"6919","IfcPile","Tiefgründung Mikrobohrpfahl"
"6919","IfcPile","Tiefgründung Vorgefertigter Betonpfahl"
"6920","IfcPile","Tiefgründung Mikrobohrpfahl"
"6921","IfcPile","Tiefgründung Vorgefertigter Betonpfahl"
"6922","IfcPile","Bohrpfahlbeton"
"6922","IfcPile","Tiefgründung Mikrobohrpfahl"
"6922","IfcPile","Tiefgründung Vorgefertigter Betonpfahl"
"6923","IfcPile","Tiefgründung Mikrobohrpfahl"
"6924","IfcPile","Tiefgründung Vorgefertigter Betonpfahl"
"6925","IfcPile","Bohrpfahlbeton"
"6925","IfcPile","Tiefgründung Ortbetonbohrpfahl 700"
"6925","IfcPile","Tiefgründung Vorgefertigter Betonpfahl"
"6926","IfcPile","Tiefgründung Vorgefertigter Betonpfahl"
"6927","IfcPile","Tiefgründung Ortbetonbohrpfahl 700"
"6928","IfcPile","Bohrpfahlbeton"
"6928","IfcPile","Tiefgründung Ortbetonbohrpfahl 700"
"6928","IfcPile","Tiefgründung Vorgefertigter Betonpfahl"
"6929","IfcPile","Tiefgründung Ortbetonbohrpfahl 700"
"6930","IfcPile","Tiefgründung Vorgefertigter Betonpfahl"
"6931","IfcPile","Bohrpfahlbeton"
"6931","IfcPile","Tiefgründung Ortbetonbohrpfahl 700"
"6931","IfcPile","Tiefgründung Vorgefertigter Betonpfahl"
"6932","IfcPile","Tiefgründung Ortbetonbohrpfahl 700"
"6933","IfcPile","Tiefgründung Vorgefertigter Betonpfahl"
"6934","IfcPile","Bohrpfahlbeton"
"6934","IfcPile","Tiefgründung Ortbetonbohrpfahl 700"
"6934","IfcPile","Tiefgründung Vorgefertigter Betonpfahl"
"6935","IfcPile","Tiefgründung Vorgefertigter Betonpfahl"
"6936","IfcPile","Tiefgründung Ortbetonbohrpfahl 700"
"6937","IfcPile","Bohrpfahlbeton"
"6937","IfcPile","Tiefgründung Ortbetonbohrpfahl 900"
"6937","IfcPile","Tiefgründung Vorgefertigter Betonpfahl"
"6938","IfcPile","Tiefgründung Ortbetonbohrpfahl 900"
"6939","IfcPile","Tiefgründung Vorgefertigter Betonpfahl"
"6940","IfcPile","Bohrpfahlbeton"
"6940","IfcPile","Tiefgründung Ortbetonbohrpfahl 900"
"6940","IfcPile","Tiefgründung Vorgefertigter Betonpfahl"
"6941","IfcPile","Tiefgründung Ortbetonbohrpfahl 900"
"6942","IfcPile","Tiefgründung Vorgefertigter Betonpfahl"
"6943","IfcPile","Bohrpfahlbeton"
"6943","IfcPile","Tiefgründung Ortbetonbohrpfahl 1200"
"6943","IfcPile","Tiefgründung Vorgefertigter Betonpfahl"
"6944","IfcPile","Tiefgründung Vorgefertigter Betonpfahl"
"6945","IfcPile","Tiefgründung Ortbetonbohrpfahl 1200"
"6946","IfcPile","Bohrpfahlbeton"
"6946","IfcPile","Tiefgründung Mikrobohrpfahl"
"6946","IfcPile","Tiefgründung Vorgefertigter Betonpfahl"
"6947","IfcPile","Tiefgründung Mikrobohrpfahl"
"6948","IfcPile","Tiefgründung Vorgefertigter Betonpfahl"
"6949","IfcPile","Bohrpfahlbeton"
"6949","IfcPile","Tiefgründung Mikrobohrpfahl"
"6949","IfcPile","Tiefgründung Vorgefertigter Betonpfahl"
"6950","IfcPile","Tiefgründung Vorgefertigter Betonpfahl"
"6951","IfcPile","Tiefgründung Mikrobohrpfahl"
"6952","IfcPile","Bohrpfahlbeton"
"6952","IfcPile","Tiefgründung Mikrobohrpfahl"
"6952","IfcPile","Tiefgründung Vorgefertigter Betonpfahl"
"6953","IfcPile","Tiefgründung Mikrobohrpfahl"
"6954","IfcPile","Tiefgründung Vorgefertigter Betonpfahl"
"6955","IfcPile","Bohrpfahlbeton"
"6955","IfcPile","Tiefgründung Ortbetonbohrpfahl 700"
"6955","IfcPile","Tiefgründung Vorgefertigter Betonpfahl"
"6956","IfcPile","Tiefgründung Ortbetonbohrpfahl 700"
"6957","IfcPile","Tiefgründung Vorgefertigter Betonpfahl"
"6958","IfcPile","Bohrpfahlbeton"
"6958","IfcPile","Tiefgründung Ortbetonbohrpfahl 700"
"6958","IfcPile","Tiefgründung Vorgefertigter Betonpfahl"
"6959","IfcPile","Tiefgründung Ortbetonbohrpfahl 700"
"6960","IfcPile","Tiefgründung Vorgefertigter Betonpfahl"
"6961","IfcPile","Bohrpfahlbeton"
"6961","IfcPile","Tiefgründung Ortbetonbohrpfahl 700"
"6961","IfcPile","Tiefgründung Vorgefertigter Betonpfahl"
"6962","IfcPile","Tiefgründung Vorgefertigter Betonpfahl"
"6963","IfcPile","Tiefgründung Ortbetonbohrpfahl 700"
"6964","IfcPile","Bohrpfahlbeton"
"6964","IfcPile","Tiefgründung Ortbetonbohrpfahl 700"
"6964","IfcPile","Tiefgründung Vorgefertigter Betonpfahl"
"6965","IfcPile","Tiefgründung Vorgefertigter Betonpfahl"
"6966","IfcPile","Tiefgründung Ortbetonbohrpfahl 700"
"6967","IfcPile","Bohrpfahlbeton"
"6967","IfcPile","Tiefgründung Ortbetonbohrpfahl 900"
"6967","IfcPile","Tiefgründung Vorgefertigter Betonpfahl"
"6968","IfcPile","Tiefgründung Ortbetonbohrpfahl 900"
"6969","IfcPile","Tiefgründung Vorgefertigter Betonpfahl"
"6970","IfcPile","Bohrpfahlbeton"
"6970","IfcPile","Tiefgründung Ortbetonbohrpfahl 900"
"6970","IfcPile","Tiefgründung Vorgefertigter Betonpfahl"
"6971","IfcPile","Tiefgründung Ortbetonbohrpfahl 900"
"6972","IfcPile","Tiefgründung Vorgefertigter Betonpfahl"
"6973","IfcPile","Bohrpfahlbeton"
"6973","IfcPile","Tiefgründung Ortbetonbohrpfahl 1200"
"6973","IfcPile","Tiefgründung Vorgefertigter Betonpfahl"
"6974","IfcPile","Tiefgründung Ortbetonbohrpfahl 1200"
"6975","IfcPile","Tiefgründung Vorgefertigter Betonpfahl"
"6976","IfcPile","Bohrpfahlbeton"
"6976","IfcPile","Tiefgründung Mikrobohrpfahl"
"6976","IfcPile","Tiefgründung Vorgefertigter Betonpfahl"
"6977","IfcPile","Tiefgründung Mikrobohrpfahl"
"6978","IfcPile","Tiefgründung Vorgefertigter Betonpfahl"
"6979","IfcPile","Bohrpfahlbeton"
"6979","IfcPile","Tiefgründung Mikrobohrpfahl"
"6979","IfcPile","Tiefgründung Vorgefertigter Betonpfahl"
"6980","IfcPile","Tiefgründung Vorgefertigter Betonpfahl"
"6981","IfcPile","Tiefgründung Mikrobohrpfahl"
"6982","IfcPile","Bohrpfahlbeton"
"6982","IfcPile","Tiefgründung Mikrobohrpfahl"
"6982","IfcPile","Tiefgründung Vorgefertigter Betonpfahl"
"6983","IfcPile","Tiefgründung Vorgefertigter Betonpfahl"
"6984","IfcPile","Tiefgründung Mikrobohrpfahl"
"6985","IfcPile","Bohrpfahlbeton"
"6985","IfcPile","Tiefgründung Ortbetonbohrpfahl 700"
"6985","IfcPile","Tiefgründung Vorgefertigter Betonpfahl"
"6986","IfcPile","Tiefgründung Vorgefertigter Betonpfahl"
"6987","IfcPile","Tiefgründung Ortbetonbohrpfahl 700"
"6988","IfcPile","Bohrpfahlbeton"
"6988","IfcPile","Tiefgründung Ortbetonbohrpfahl 700"
"6988","IfcPile","Tiefgründung Vorgefertigter Betonpfahl"
"6989","IfcPile","Tiefgründung Ortbetonbohrpfahl 700"
"6990","IfcPile","Tiefgründung Vorgefertigter Betonpfahl"
"6991","IfcPile","Bohrpfahlbeton"
"6991","IfcPile","Tiefgründung Ortbetonbohrpfahl 700"
"6991","IfcPile","Tiefgründung Vorgefertigter Betonpfahl"
"6992","IfcPile","Tiefgründung Vorgefertigter Betonpfahl"
"6993","IfcPile","Tiefgründung Ortbetonbohrpfahl 700"
"6994","IfcPile","Bohrpfahlbeton"
"6994","IfcPile","Tiefgründung Ortbetonbohrpfahl 700"
"6994","IfcPile","Tiefgründung Vorgefertigter Betonpfahl"
"6995","IfcPile","Tiefgründung Vorgefertigter Betonpfahl"
"6996","IfcPile","Tiefgründung Ortbetonbohrpfahl 700"
"6997","IfcPile","Bohrpfahlbeton"
"6997","IfcPile","Tiefgründung Ortbetonbohrpfahl 900"
"6997","IfcPile","Tiefgründung Vorgefertigter Betonpfahl"
"6998","IfcPile","Tiefgründung Ortbetonbohrpfahl 900"
"6999","IfcPile","Tiefgründung Vorgefertigter Betonpfahl"
"7000","IfcPile","Bohrpfahlbeton"
"7000","IfcPile","Tiefgründung Ortbetonbohrpfahl 900"
"7000","IfcPile","Tiefgründung Vorgefertigter Betonpfahl"
"7001","IfcPile","Tiefgründung Ortbetonbohrpfahl 900"
"7002","IfcPile","Tiefgründung Vorgefertigter Betonpfahl"
"7003","IfcPile","Bohrpfahlbeton"
"7003","IfcPile","Tiefgründung Ortbetonbohrpfahl 1200"
"7003","IfcPile","Tiefgründung Vorgefertigter Betonpfahl"
"7004","IfcPile","Tiefgründung Vorgefertigter Betonpfahl"
"7005","IfcPile","Tiefgründung Ortbetonbohrpfahl 1200"
"7006","IfcPile","Bohrpfahlbeton"
"7006","IfcPile","Tiefgründung Mikrobohrpfahl"
"7006","IfcPile","Tiefgründung Vorgefertigter Betonpfahl"
"7007","IfcPile","Tiefgründung Vorgefertigter Betonpfahl"
"7008","IfcPile","Tiefgründung Mikrobohrpfahl"
"7009","IfcPile","Bohrpfahlbeton"
"7009","IfcPile","Tiefgründung Mikrobohrpfahl"
"7009","IfcPile","Tiefgründung Vorgefertigter Betonpfahl"
"7010","IfcPile","Tiefgründung Vorgefertigter Betonpfahl"
"7011","IfcPile","Tiefgründung Mikrobohrpfahl"
"7012","IfcPile","Bohrpfahlbeton"
"7012","IfcPile","Tiefgründung Mikrobohrpfahl"
"7012","IfcPile","Tiefgründung Vorgefertigter Betonpfahl"
"7013","IfcPile","Tiefgründung Mikrobohrpfahl"
"7014","IfcPile","Tiefgründung Vorgefertigter Betonpfahl"
"7015","IfcPile","Bohrpfahlbeton"
"7015","IfcPile","Tiefgründung Ortbetonbohrpfahl 700"
"7015","IfcPile","Tiefgründung Vorgefertigter Betonpfahl"
"7016","IfcPile","Tiefgründung Ortbetonbohrpfahl 700"
"7017","IfcPile","Tiefgründung Vorgefertigter Betonpfahl"
"7018","IfcPile","Bohrpfahlbeton"
"7018","IfcPile","Tiefgründung Ortbetonbohrpfahl 700"
"7018","IfcPile","Tiefgründung Vorgefertigter Betonpfahl"
"7019","IfcPile","Tiefgründung Ortbetonbohrpfahl 700"
"7020","IfcPile","Tiefgründung Vorgefertigter Betonpfahl"
"7021","IfcPile","Bohrpfahlbeton"
"7021","IfcPile","Tiefgründung Ortbetonbohrpfahl 700"
"7021","IfcPile","Tiefgründung Vorgefertigter Betonpfahl"
"7022","IfcPile","Tiefgründung Ortbetonbohrpfahl 700"
"7023","IfcPile","Tiefgründung Vorgefertigter Betonpfahl"
"7024","IfcPile","Bohrpfahlbeton"
"7024","IfcPile","Tiefgründung Ortbetonbohrpfahl 700"
"7024","IfcPile","Tiefgründung Vorgefertigter Betonpfahl"
"7025","IfcPile","Tiefgründung Ortbetonbohrpfahl 700"
"7026","IfcPile","Tiefgründung Vorgefertigter Betonpfahl"
"7027","IfcPile","Bohrpfahlbeton"
"7027","IfcPile","Tiefgründung Ortbetonbohrpfahl 900"
"7027","IfcPile","Tiefgründung Vorgefertigter Betonpfahl"
"7028","IfcPile","Tiefgründung Ortbetonbohrpfahl 900"
"7029","IfcPile","Tiefgründung Vorgefertigter Betonpfahl"
"7030","IfcPile","Bohrpfahlbeton"
"7030","IfcPile","Tiefgründung Ortbetonbohrpfahl 900"
"7030","IfcPile","Tiefgründung Vorgefertigter Betonpfahl"
"7031","IfcPile","Tiefgründung Ortbetonbohrpfahl 900"
"7032","IfcPile","Tiefgründung Vorgefertigter Betonpfahl"
"7033","IfcPile","Bohrpfahlbeton"
"7033","IfcPile","Tiefgründung Ortbetonbohrpfahl 1200"
"7033","IfcPile","Tiefgründung Vorgefertigter Betonpfahl"
"7034","IfcPile","Tiefgründung Vorgefertigter Betonpfahl"
"7035","IfcPile","Tiefgründung Ortbetonbohrpfahl 1200"
"7036","IfcPile","Tiefgründung Mikrobohrpfahl"
"7037","IfcPile","Tiefgründung Mikrobohrpfahl"
"7038","IfcPile","Tiefgründung Mikrobohrpfahl"
"7039","IfcPile","Tiefgründung Ortbetonbohrpfahl 700"
"7040","IfcPile","Tiefgründung Ortbetonbohrpfahl 700"
"7041","IfcPile","Tiefgründung Ortbetonbohrpfahl 700"
"7042","IfcPile","Tiefgründung Ortbetonbohrpfahl 700"
"7043","IfcPile","Tiefgründung Ortbetonbohrpfahl 900"
"7044","IfcPile","Tiefgründung Ortbetonbohrpfahl 900"
"7045","IfcPile","Tiefgründung Ortbetonbohrpfahl 1200"
"7046","IfcPile","Tiefgründung Mikrobohrpfahl"
"7047","IfcPile","Tiefgründung Mikrobohrpfahl"
"7048","IfcPile","Tiefgründung Vorgefertigter Betonpfahl"
"7049","IfcPile","Tiefgründung Vorgefertigter Betonpfahl"
"7050","IfcPile","Tiefgründung Vorgefertigter Betonpfahl"
"7051","IfcPile","Tiefgründung Mikrobohrpfahl"
"7052","IfcPile","Tiefgründung Vorgefertigter Betonpfahl"
"7053","IfcPile","Tiefgründung Ortbetonbohrpfahl 700"
"7054","IfcPile","Tiefgründung Ortbetonbohrpfahl 700"
"7055","IfcPile","Tiefgründung Ortbetonbohrpfahl 700"
"7056","IfcPile","Tiefgründung Ortbetonbohrpfahl 900"
"7057","IfcPile","Tiefgründung Vorgefertigter Betonpfahl"
"7058","IfcPile","Tiefgründung Vorgefertigter Betonpfahl"
"7059","IfcPile","Tiefgründung Mikrobohrpfahl"
"7060","IfcPile","Tiefgründung Vorgefertigter Betonpfahl"
"7061","IfcPile","Tiefgründung Ortbetonbohrpfahl 700"
"7062","IfcPile","Tiefgründung Vorgefertigter Betonpfahl"
"7063","IfcPile","Tiefgründung Vorgefertigter Betonpfahl"
"7064","IfcPile","Tiefgründung Vorgefertigter Betonpfahl"
"7065","IfcPile","Tiefgründung Mikrobohrpfahl"
"7066","IfcPile","Tiefgründung Vorgefertigter Betonpfahl"
"7067","IfcPile","Tiefgründung Mikrobohrpfahl"
"7068","IfcPile","Tiefgründung Vorgefertigter Betonpfahl"
"7069","IfcPile","Tiefgründung Ortbetonbohrpfahl 700"
"7070","IfcPile","Tiefgründung Ortbetonbohrpfahl 900"
"7071","IfcPile","Tiefgründung Vorgefertigter Betonpfahl"
"7072","IfcPile","Tiefgründung Vorgefertigter Betonpfahl"
"7073","IfcPile","Tiefgründung Mikrobohrpfahl"
"7074","IfcPile","Tiefgründung Mikrobohrpfahl"
"7075","IfcPile","Tiefgründung Mikrobohrpfahl"
"7076","IfcPile","Tiefgründung Ortbetonbohrpfahl 700"
"7077","IfcPile","Tiefgründung Ortbetonbohrpfahl 700"
"7078","IfcPile","Tiefgründung Ortbetonbohrpfahl 700"
"7079","IfcPile","Tiefgründung Ortbetonbohrpfahl 700"
"7080","IfcPile","Tiefgründung Ortbetonbohrpfahl 900"
"7081","IfcPile","Tiefgründung Ortbetonbohrpfahl 900"
"7082","IfcPile","Tiefgründung Ortbetonbohrpfahl 1200"
"7083","IfcPile","Tiefgründung Vorgefertigter Betonpfahl"
"7084","IfcPile","Tiefgründung Vorgefertigter Betonpfahl"
"7085","IfcPile","Tiefgründung Vorgefertigter Betonpfahl"
"7086","IfcPile","Tiefgründung Ortbetonbohrpfahl 900"
"7087","IfcPile","Tiefgründung Mikrobohrpfahl"
"7088","IfcPile","Tiefgründung Vorgefertigter Betonpfahl"
"7089","IfcPile","Tiefgründung Vorgefertigter Betonpfahl"
"7090","IfcPile","Tiefgründung Ortbetonbohrpfahl 1200"
"7091","IfcPile","Tiefgründung Mikrobohrpfahl"
"7092","IfcPile","Tiefgründung Vorgefertigter Betonpfahl"
"7093","IfcPile","Tiefgründung Mikrobohrpfahl"
"7094","IfcPile","Tiefgründung Vorgefertigter Betonpfahl"
"7095","IfcPile","Tiefgründung Ortbetonbohrpfahl 700"
"7096","IfcPile","Tiefgründung Vorgefertigter Betonpfahl"
"7097","IfcPile","Tiefgründung Ortbetonbohrpfahl 900"
"7098","IfcPile","Tiefgründung Vorgefertigter Betonpfahl"
"7099","IfcPile","Tiefgründung Mikrobohrpfahl"
"7100","IfcPile","Tiefgründung Ortbetonbohrpfahl 700"
"7101","IfcPile","Tiefgründung Vorgefertigter Betonpfahl"
"7102","IfcPile","Tiefgründung Vorgefertigter Betonpfahl"
"7103","IfcPile","Tiefgründung Mikrobohrpfahl"
"7104","IfcPile","Tiefgründung Vorgefertigter Betonpfahl"
"7105","IfcPile","Tiefgründung Vorgefertigter Betonpfahl"
"7106","IfcPile","Tiefgründung Vorgefertigter Betonpfahl"
"7107","IfcPile","Tiefgründung Ortbetonbohrpfahl 900"
"7108","IfcPile","Tiefgründung Ortbetonbohrpfahl 900"
"7109","IfcPile","Tiefgründung Ortbetonbohrpfahl 1200"
"7110","IfcPile","Tiefgründung Mikrobohrpfahl"
"7111","IfcPile","Tiefgründung Mikrobohrpfahl"
"7112","IfcPile","Tiefgründung Mikrobohrpfahl"
"7113","IfcPile","Tiefgründung Ortbetonbohrpfahl 700"
"7114","IfcPile","Tiefgründung Ortbetonbohrpfahl 700"
"7115","IfcPile","Tiefgründung Ortbetonbohrpfahl 700"
"7116","IfcPile","Tiefgründung Ortbetonbohrpfahl 900"
"7117","IfcPile","Tiefgründung Ortbetonbohrpfahl 1200"
"7118","IfcPile","Tiefgründung Mikrobohrpfahl"
"7119","IfcPile","Tiefgründung Ortbetonbohrpfahl 700"
"7120","IfcPile","Tiefgründung Ortbetonbohrpfahl 900"
"7121","IfcPile","Tiefgründung Ortbetonbohrpfahl 1200"
"7122","IfcPile","Tiefgründung Vorgefertigter Betonpfahl"
"7123","IfcPile","Tiefgründung Mikrobohrpfahl"
"7124","IfcPile","Tiefgründung Vorgefertigter Betonpfahl"
"7125","IfcPile","Tiefgründung Ortbetonbohrpfahl 900"
"7126","IfcPile","Tiefgründung Vorgefertigter Betonpfahl"
"7127","IfcPile","Tiefgründung Vorgefertigter Betonpfahl"
"7128","IfcPile","Tiefgründung Vorgefertigter Betonpfahl"
"7129","IfcPile","Tiefgründung Ortbetonbohrpfahl 700"
"7130","IfcPile","Tiefgründung Ortbetonbohrpfahl 700"
"7131","IfcPile","Tiefgründung Vorgefertigter Betonpfahl"
"7132","IfcPile","Tiefgründung Ortbetonbohrpfahl 1200"
"7133","IfcPile","Tiefgründung Vorgefertigter Betonpfahl"
"7134","IfcPile","Tiefgründung Vorgefertigter Betonpfahl"
"7135","IfcPile","Tiefgründung Ortbetonbohrpfahl 700"
"7136","IfcPile","Tiefgründung Ortbetonbohrpfahl 900"
"7137","IfcPile","Tiefgründung Vorgefertigter Betonpfahl"
"7138","IfcPile","Tiefgründung Ortbetonbohrpfahl 1200"
"7139","IfcPile","Tiefgründung Mikrobohrpfahl"
"7140","IfcPile","Tiefgründung Mikrobohrpfahl"
"7141","IfcPile","Tiefgründung Ortbetonbohrpfahl 700"
"7142","IfcPile","Tiefgründung Vorgefertigter Betonpfahl"
"7143","IfcPile","Tiefgründung Ortbetonbohrpfahl 700"
"7144","IfcPile","Tiefgründung Ortbetonbohrpfahl 700"
"7145","IfcPile","Tiefgründung Vorgefertigter Betonpfahl"
"7146","IfcPile","Tiefgründung Mikrobohrpfahl"
"7147","IfcPile","Tiefgründung Mikrobohrpfahl"
"7148","IfcPile","Tiefgründung Ortbetonbohrpfahl 700"
"7149","IfcPile","Tiefgründung Ortbetonbohrpfahl 700"
"7150","IfcPile","Tiefgründung Ortbetonbohrpfahl 700"
"7151","IfcPile","Tiefgründung Ortbetonbohrpfahl 700"
"7152","IfcPile","Tiefgründung Ortbetonbohrpfahl 900"
"7153","IfcPile","Tiefgründung Ortbetonbohrpfahl 900"
"7154","IfcPile","Tiefgründung Vorgefertigter Betonpfahl"
"7155","IfcPile","Tiefgründung Ortbetonbohrpfahl 700"
"7156","IfcPile","Tiefgründung Vorgefertigter Betonpfahl"
"7157","IfcPile","Tiefgründung Ortbetonbohrpfahl 700"
"7158","IfcPile","Tiefgründung Ortbetonbohrpfahl 700"
"7159","IfcPile","Tiefgründung Vorgefertigter Betonpfahl"
"7160","IfcPile","Tiefgründung Vorgefertigter Betonpfahl"
"7161","IfcPile","Tiefgründung Vorgefertigter Betonpfahl"
"7162","IfcPile","Tiefgründung Vorgefertigter Betonpfahl"
"7163","IfcPile","Tiefgründung Ortbetonbohrpfahl 700"
"7164","IfcPile","Tiefgründung Ortbetonbohrpfahl 900"
"7165","IfcPile","Tiefgründung Vorgefertigter Betonpfahl"
"7166","IfcPile","Tiefgründung Ortbetonbohrpfahl 700"
"7167","IfcPile","Tiefgründung Vorgefertigter Betonpfahl"
"7168","IfcPile","Tiefgründung Vorgefertigter Betonpfahl"
"7169","IfcPile","Tiefgründung Ortbetonbohrpfahl 700"
"7170","IfcPile","Tiefgründung Vorgefertigter Betonpfahl"
"7171","IfcPile","Tiefgründung Vorgefertigter Betonpfahl"
"7172","IfcPile","Tiefgründung Rüttelstopfsäule"
"7173","IfcPile","Tiefgründung Mikrobohrpfahl"
"7173","IfcPile","Stahlblech blank"
"7173","IfcPile","Stahlprofil blank"
"7174","IfcPile","Tiefgründung Mikrobohrpfahl"
"7174","IfcPile","Stahlblech blank"
"7174","IfcPile","Stahlprofil blank"
"7175","IfcPile","Tiefgründung Mikrobohrpfahl"
"7175","IfcPile","Stahlblech blank"
"7175","IfcPile","Stahlprofil blank"
"7176","IfcPile","Tiefgründung Mikrobohrpfahl"
"7176","IfcPile","Stahlblech blank"
"7176","IfcPile","Stahlprofil blank"
"7177","IfcPile","Tiefgründung Mikrobohrpfahl"
"7177","IfcPile","Stahlblech blank"
"7177","IfcPile","Stahlprofil blank"
"7178","IfcPile","Tiefgründung Mikrobohrpfahl"
"7178","IfcPile","Stahlblech blank"
"7178","IfcPile","Stahlprofil blank"
"7179","IfcPile","Tiefgründung Mikrobohrpfahl"
"7179","IfcPile","Stahlblech blank"
"7179","IfcPile","Stahlprofil blank"
"7180","IfcPile","Tiefgründung Mikrobohrpfahl"
"7180","IfcPile","Stahlblech blank"
"7180","IfcPile","Stahlprofil blank"
"7181","IfcPile","Bohrpfahlbeton"
"7181","IfcPile","Tiefgründung Mikrobohrpfahl"
"7181","IfcPile","Tiefgründung Vorgefertigter Betonpfahl"
"7182","IfcPile","Tiefgründung Vorgefertigter Betonpfahl"
"7183","IfcPile","Tiefgründung Mikrobohrpfahl"
"7184","IfcPile","Tiefgründung Vorgefertigter Betonpfahl"
"7185","IfcPile","Bohrpfahlbeton"
"7185","IfcPile","Tiefgründung Mikrobohrpfahl"
"7185","IfcPile","Tiefgründung Vorgefertigter Betonpfahl"
"7186","IfcPile","Tiefgründung Vorgefertigter Betonpfahl"
"7187","IfcPile","Tiefgründung Mikrobohrpfahl"
"7188","IfcPile","Tiefgründung Mikrobohrpfahl"
"7189","IfcPile","Tiefgründung Vorgefertigter Betonpfahl"
"7190","IfcPile","Bohrpfahlbeton"
"7190","IfcPile","Tiefgründung Mikrobohrpfahl"
"7190","IfcPile","Tiefgründung Vorgefertigter Betonpfahl"
"7191","IfcPile","Tiefgründung Vorgefertigter Betonpfahl"
"7192","IfcPile","Tiefgründung Mikrobohrpfahl"
"7193","IfcPile","Tiefgründung Mikrobohrpfahl"
"7194","IfcPile","Tiefgründung Vorgefertigter Betonpfahl"
"7195","IfcPile","Bohrpfahlbeton"
"7195","IfcPile","Tiefgründung Ortbetonbohrpfahl 700"
"7195","IfcPile","Tiefgründung Vorgefertigter Betonpfahl"
"7196","IfcPile","Tiefgründung Vorgefertigter Betonpfahl"
"7197","IfcPile","Tiefgründung Ortbetonbohrpfahl 700"
"7198","IfcPile","Tiefgründung Ortbetonbohrpfahl 700"
"7199","IfcPile","Tiefgründung Vorgefertigter Betonpfahl"
"7200","IfcPile","Bohrpfahlbeton"
"7200","IfcPile","Tiefgründung Ortbetonbohrpfahl 700"
"7200","IfcPile","Tiefgründung Vorgefertigter Betonpfahl"
"7201","IfcPile","Tiefgründung Vorgefertigter Betonpfahl"
"7202","IfcPile","Tiefgründung Ortbetonbohrpfahl 700"
"7203","IfcPile","Tiefgründung Ortbetonbohrpfahl 700"
"7204","IfcPile","Tiefgründung Vorgefertigter Betonpfahl"
"7205","IfcPile","Bohrpfahlbeton"
"7205","IfcPile","Tiefgründung Ortbetonbohrpfahl 700"
"7205","IfcPile","Tiefgründung Vorgefertigter Betonpfahl"
"7206","IfcPile","Tiefgründung Vorgefertigter Betonpfahl"
"7207","IfcPile","Tiefgründung Ortbetonbohrpfahl 700"
"7208","IfcPile","Tiefgründung Ortbetonbohrpfahl 700"
"7209","IfcPile","Tiefgründung Vorgefertigter Betonpfahl"
"7210","IfcPile","Bohrpfahlbeton"
"7210","IfcPile","Tiefgründung Ortbetonbohrpfahl 700"
"7210","IfcPile","Tiefgründung Vorgefertigter Betonpfahl"
"7211","IfcPile","Tiefgründung Vorgefertigter Betonpfahl"
"7212","IfcPile","Tiefgründung Ortbetonbohrpfahl 700"
"7213","IfcPile","Tiefgründung Ortbetonbohrpfahl 700"
"7214","IfcPile","Tiefgründung Vorgefertigter Betonpfahl"
"7215","IfcPile","Bohrpfahlbeton"
"7215","IfcPile","Tiefgründung Ortbetonbohrpfahl 900"
"7215","IfcPile","Tiefgründung Vorgefertigter Betonpfahl"
"7216","IfcPile","Tiefgründung Vorgefertigter Betonpfahl"
"7217","IfcPile","Tiefgründung Ortbetonbohrpfahl 900"
"7218","IfcPile","Tiefgründung Ortbetonbohrpfahl 900"
"7219","IfcPile","Tiefgründung Vorgefertigter Betonpfahl"
"7220","IfcPile","Bohrpfahlbeton"
"7220","IfcPile","Tiefgründung Ortbetonbohrpfahl 900"
"7220","IfcPile","Tiefgründung Vorgefertigter Betonpfahl"
"7221","IfcPile","Tiefgründung Vorgefertigter Betonpfahl"
"7222","IfcPile","Tiefgründung Ortbetonbohrpfahl 900"
"7223","IfcPile","Tiefgründung Ortbetonbohrpfahl 900"
"7224","IfcPile","Tiefgründung Vorgefertigter Betonpfahl"
"7225","IfcPile","Bohrpfahlbeton"
"7225","IfcPile","Tiefgründung Ortbetonbohrpfahl 1200"
"7225","IfcPile","Tiefgründung Vorgefertigter Betonpfahl"
"7226","IfcPile","Tiefgründung Vorgefertigter Betonpfahl"
"7227","IfcPile","Tiefgründung Ortbetonbohrpfahl 1200"
"7228","IfcPile","Tiefgründung Ortbetonbohrpfahl 1200"
"7229","IfcPile","Tiefgründung Vorgefertigter Betonpfahl"
"7230","IfcPile","Bohrpfahlbeton"
"7230","IfcPile","Tiefgründung Mikrobohrpfahl"
"7230","IfcPile","Tiefgründung Vorgefertigter Betonpfahl"
"7231","IfcPile","Tiefgründung Mikrobohrpfahl"
"7232","IfcPile","Tiefgründung Vorgefertigter Betonpfahl"
"7233","IfcPile","Bohrpfahlbeton"
"7233","IfcPile","Tiefgründung Mikrobohrpfahl"
"7233","IfcPile","Tiefgründung Vorgefertigter Betonpfahl"
"7234","IfcPile","Tiefgründung Mikrobohrpfahl"
"7235","IfcPile","Tiefgründung Vorgefertigter Betonpfahl"
"7236","IfcPile","Bohrpfahlbeton"
"7236","IfcPile","Tiefgründung Mikrobohrpfahl"
"7236","IfcPile","Tiefgründung Vorgefertigter Betonpfahl"
"7237","IfcPile","Tiefgründung Vorgefertigter Betonpfahl"
"7238","IfcPile","Tiefgründung Mikrobohrpfahl"
"7239","IfcPile","Bohrpfahlbeton"
"7239","IfcPile","Tiefgründung Ortbetonbohrpfahl 700"
"7239","IfcPile","Tiefgründung Vorgefertigter Betonpfahl"
"7240","IfcPile","Tiefgründung Vorgefertigter Betonpfahl"
"7241","IfcPile","Tiefgründung Ortbetonbohrpfahl 700"
"7242","IfcPile","Bohrpfahlbeton"
"7242","IfcPile","Tiefgründung Ortbetonbohrpfahl 700"
"7242","IfcPile","Tiefgründung Vorgefertigter Betonpfahl"
"7243","IfcPile","Tiefgründung Ortbetonbohrpfahl 700"
"7244","IfcPile","Tiefgründung Vorgefertigter Betonpfahl"
"7245","IfcPile","Bohrpfahlbeton"
"7245","IfcPile","Tiefgründung Ortbetonbohrpfahl 700"
"7245","IfcPile","Tiefgründung Vorgefertigter Betonpfahl"
"7246","IfcPile","Tiefgründung Ortbetonbohrpfahl 700"
"7247","IfcPile","Tiefgründung Vorgefertigter Betonpfahl"
"7248","IfcPile","Bohrpfahlbeton"
"7248","IfcPile","Tiefgründung Ortbetonbohrpfahl 700"
"7248","IfcPile","Tiefgründung Vorgefertigter Betonpfahl"
"7249","IfcPile","Tiefgründung Vorgefertigter Betonpfahl"
"7250","IfcPile","Tiefgründung Ortbetonbohrpfahl 700"
"7251","IfcPile","Bohrpfahlbeton"
"7251","IfcPile","Tiefgründung Ortbetonbohrpfahl 900"
"7251","IfcPile","Tiefgründung Vorgefertigter Betonpfahl"
"7252","IfcPile","Tiefgründung Ortbetonbohrpfahl 900"
"7253","IfcPile","Tiefgründung Vorgefertigter Betonpfahl"
"7254","IfcPile","Bohrpfahlbeton"
"7254","IfcPile","Tiefgründung Ortbetonbohrpfahl 900"
"7254","IfcPile","Tiefgründung Vorgefertigter Betonpfahl"
"7255","IfcPile","Tiefgründung Ortbetonbohrpfahl 900"
"7256","IfcPile","Tiefgründung Vorgefertigter Betonpfahl"
"7257","IfcPile","Bohrpfahlbeton"
"7257","IfcPile","Tiefgründung Ortbetonbohrpfahl 1200"
"7257","IfcPile","Tiefgründung Vorgefertigter Betonpfahl"
"7258","IfcPile","Tiefgründung Ortbetonbohrpfahl 1200"
"7259","IfcPile","Tiefgründung Vorgefertigter Betonpfahl"
"7260","IfcPile","Bohrpfahlbeton"
"7260","IfcPile","Tiefgründung Mikrobohrpfahl"
"7260","IfcPile","Tiefgründung Vorgefertigter Betonpfahl"
"7261","IfcPile","Tiefgründung Vorgefertigter Betonpfahl"
"7262","IfcPile","Tiefgründung Mikrobohrpfahl"
"7263","IfcPile","Bohrpfahlbeton"
"7263","IfcPile","Tiefgründung Mikrobohrpfahl"
"7263","IfcPile","Tiefgründung Vorgefertigter Betonpfahl"
"7264","IfcPile","Tiefgründung Vorgefertigter Betonpfahl"
"7265","IfcPile","Tiefgründung Mikrobohrpfahl"
"7266","IfcPile","Bohrpfahlbeton"
"7266","IfcPile","Tiefgründung Mikrobohrpfahl"
"7266","IfcPile","Tiefgründung Vorgefertigter Betonpfahl"
"7267","IfcPile","Tiefgründung Mikrobohrpfahl"
"7268","IfcPile","Tiefgründung Vorgefertigter Betonpfahl"
"7269","IfcPile","Bohrpfahlbeton"
"7269","IfcPile","Tiefgründung Ortbetonbohrpfahl 700"
"7269","IfcPile","Tiefgründung Vorgefertigter Betonpfahl"
"7270","IfcPile","Tiefgründung Ortbetonbohrpfahl 700"
"7271","IfcPile","Tiefgründung Vorgefertigter Betonpfahl"
"7272","IfcPile","Bohrpfahlbeton"
"7272","IfcPile","Tiefgründung Ortbetonbohrpfahl 700"
"7272","IfcPile","Tiefgründung Vorgefertigter Betonpfahl"
"7273","IfcPile","Tiefgründung Ortbetonbohrpfahl 700"
"7274","IfcPile","Tiefgründung Vorgefertigter Betonpfahl"
"7275","IfcPile","Bohrpfahlbeton"
"7275","IfcPile","Tiefgründung Ortbetonbohrpfahl 700"
"7275","IfcPile","Tiefgründung Vorgefertigter Betonpfahl"
"7276","IfcPile","Tiefgründung Ortbetonbohrpfahl 700"
"7277","IfcPile","Tiefgründung Vorgefertigter Betonpfahl"
"7278","IfcPile","Bohrpfahlbeton"
"7278","IfcPile","Tiefgründung Ortbetonbohrpfahl 700"
"7278","IfcPile","Tiefgründung Vorgefertigter Betonpfahl"
"7279","IfcPile","Tiefgründung Vorgefertigter Betonpfahl"
"7280","IfcPile","Tiefgründung Ortbetonbohrpfahl 700"
"7281","IfcPile","Bohrpfahlbeton"
"7281","IfcPile","Tiefgründung Ortbetonbohrpfahl 900"
"7281","IfcPile","Tiefgründung Vorgefertigter Betonpfahl"
"7282","IfcPile","Tiefgründung Ortbetonbohrpfahl 900"
"7283","IfcPile","Tiefgründung Vorgefertigter Betonpfahl"
"7284","IfcPile","Bohrpfahlbeton"
"7284","IfcPile","Tiefgründung Ortbetonbohrpfahl 900"
"7284","IfcPile","Tiefgründung Vorgefertigter Betonpfahl"
"7285","IfcPile","Tiefgründung Vorgefertigter Betonpfahl"
"7286","IfcPile","Tiefgründung Ortbetonbohrpfahl 900"
"7287","IfcPile","Bohrpfahlbeton"
"7287","IfcPile","Tiefgründung Ortbetonbohrpfahl 1200"
"7287","IfcPile","Tiefgründung Vorgefertigter Betonpfahl"
"7288","IfcPile","Tiefgründung Vorgefertigter Betonpfahl"
"7289","IfcPile","Tiefgründung Ortbetonbohrpfahl 1200"
"7290","IfcPile","Bohrpfahlbeton"
"7290","IfcPile","Tiefgründung Mikrobohrpfahl"
"7290","IfcPile","Tiefgründung Vorgefertigter Betonpfahl"
"7291","IfcPile","Tiefgründung Mikrobohrpfahl"
"7292","IfcPile","Tiefgründung Vorgefertigter Betonpfahl"
"7293","IfcPile","Bohrpfahlbeton"
"7293","IfcPile","Tiefgründung Mikrobohrpfahl"
"7293","IfcPile","Tiefgründung Vorgefertigter Betonpfahl"
"7294","IfcPile","Tiefgründung Vorgefertigter Betonpfahl"
"7295","IfcPile","Tiefgründung Mikrobohrpfahl"
"7296","IfcPile","Bohrpfahlbeton"
"7296","IfcPile","Tiefgründung Mikrobohrpfahl"
"7296","IfcPile","Tiefgründung Vorgefertigter Betonpfahl"
"7297","IfcPile","Tiefgründung Vorgefertigter Betonpfahl"
"7298","IfcPile","Tiefgründung Mikrobohrpfahl"
"7299","IfcPile","Bohrpfahlbeton"
"7299","IfcPile","Tiefgründung Ortbetonbohrpfahl 700"
"7299","IfcPile","Tiefgründung Vorgefertigter Betonpfahl"
"7300","IfcPile","Tiefgründung Vorgefertigter Betonpfahl"
"7301","IfcPile","Tiefgründung Ortbetonbohrpfahl 700"
"7302","IfcPile","Bohrpfahlbeton"
"7302","IfcPile","Tiefgründung Ortbetonbohrpfahl 700"
"7302","IfcPile","Tiefgründung Vorgefertigter Betonpfahl"
"7303","IfcPile","Tiefgründung Ortbetonbohrpfahl 700"
"7304","IfcPile","Tiefgründung Vorgefertigter Betonpfahl"
"7305","IfcPile","Bohrpfahlbeton"
"7305","IfcPile","Tiefgründung Ortbetonbohrpfahl 700"
"7305","IfcPile","Tiefgründung Vorgefertigter Betonpfahl"
"7306","IfcPile","Tiefgründung Ortbetonbohrpfahl 700"
"7307","IfcPile","Tiefgründung Vorgefertigter Betonpfahl"
"7308","IfcPile","Bohrpfahlbeton"
"7308","IfcPile","Tiefgründung Ortbetonbohrpfahl 700"
"7308","IfcPile","Tiefgründung Vorgefertigter Betonpfahl"
"7309","IfcPile","Tiefgründung Ortbetonbohrpfahl 700"
"7310","IfcPile","Tiefgründung Vorgefertigter Betonpfahl"
"7311","IfcPile","Bohrpfahlbeton"
"7311","IfcPile","Tiefgründung Ortbetonbohrpfahl 900"
"7311","IfcPile","Tiefgründung Vorgefertigter Betonpfahl"
"7312","IfcPile","Tiefgründung Ortbetonbohrpfahl 900"
"7313","IfcPile","Tiefgründung Vorgefertigter Betonpfahl"
"7314","IfcPile","Bohrpfahlbeton"
"7314","IfcPile","Tiefgründung Ortbetonbohrpfahl 900"
"7314","IfcPile","Tiefgründung Vorgefertigter Betonpfahl"
"7315","IfcPile","Tiefgründung Vorgefertigter Betonpfahl"
"7316","IfcPile","Tiefgründung Ortbetonbohrpfahl 900"
"7317","IfcPile","Bohrpfahlbeton"
"7317","IfcPile","Tiefgründung Ortbetonbohrpfahl 1200"
"7317","IfcPile","Tiefgründung Vorgefertigter Betonpfahl"
"7318","IfcPile","Tiefgründung Ortbetonbohrpfahl 1200"
"7319","IfcPile","Tiefgründung Vorgefertigter Betonpfahl"
"7320","IfcPile","Bohrpfahlbeton"
"7320","IfcPile","Tiefgründung Mikrobohrpfahl"
"7320","IfcPile","Tiefgründung Vorgefertigter Betonpfahl"
"7321","IfcPile","Tiefgründung Mikrobohrpfahl"
"7322","IfcPile","Tiefgründung Vorgefertigter Betonpfahl"
"7323","IfcPile","Bohrpfahlbeton"
"7323","IfcPile","Tiefgründung Mikrobohrpfahl"
"7323","IfcPile","Tiefgründung Vorgefertigter Betonpfahl"
"7324","IfcPile","Tiefgründung Vorgefertigter Betonpfahl"
"7325","IfcPile","Tiefgründung Mikrobohrpfahl"
"7326","IfcPile","Bohrpfahlbeton"
"7326","IfcPile","Tiefgründung Mikrobohrpfahl"
"7326","IfcPile","Tiefgründung Vorgefertigter Betonpfahl"
"7327","IfcPile","Tiefgründung Vorgefertigter Betonpfahl"
"7328","IfcPile","Tiefgründung Mikrobohrpfahl"
"7329","IfcPile","Bohrpfahlbeton"
"7329","IfcPile","Tiefgründung Ortbetonbohrpfahl 700"
"7329","IfcPile","Tiefgründung Vorgefertigter Betonpfahl"
"7330","IfcPile","Tiefgründung Ortbetonbohrpfahl 700"
"7331","IfcPile","Tiefgründung Vorgefertigter Betonpfahl"
"7332","IfcPile","Bohrpfahlbeton"
"7332","IfcPile","Tiefgründung Ortbetonbohrpfahl 700"
"7332","IfcPile","Tiefgründung Vorgefertigter Betonpfahl"
"7333","IfcPile","Tiefgründung Vorgefertigter Betonpfahl"
"7334","IfcPile","Tiefgründung Ortbetonbohrpfahl 700"
"7335","IfcPile","Bohrpfahlbeton"
"7335","IfcPile","Tiefgründung Ortbetonbohrpfahl 700"
"7335","IfcPile","Tiefgründung Vorgefertigter Betonpfahl"
"7336","IfcPile","Tiefgründung Vorgefertigter Betonpfahl"
"7337","IfcPile","Tiefgründung Ortbetonbohrpfahl 700"
"7338","IfcPile","Bohrpfahlbeton"
"7338","IfcPile","Tiefgründung Ortbetonbohrpfahl 700"
"7338","IfcPile","Tiefgründung Vorgefertigter Betonpfahl"
"7339","IfcPile","Tiefgründung Ortbetonbohrpfahl 700"
"7340","IfcPile","Tiefgründung Vorgefertigter Betonpfahl"
"7341","IfcPile","Bohrpfahlbeton"
"7341","IfcPile","Tiefgründung Ortbetonbohrpfahl 900"
"7341","IfcPile","Tiefgründung Vorgefertigter Betonpfahl"
"7342","IfcPile","Tiefgründung Ortbetonbohrpfahl 900"
"7343","IfcPile","Tiefgründung Vorgefertigter Betonpfahl"
"7344","IfcPile","Bohrpfahlbeton"
"7344","IfcPile","Tiefgründung Ortbetonbohrpfahl 900"
"7344","IfcPile","Tiefgründung Vorgefertigter Betonpfahl"
"7345","IfcPile","Tiefgründung Vorgefertigter Betonpfahl"
"7346","IfcPile","Tiefgründung Ortbetonbohrpfahl 900"
"7347","IfcPile","Bohrpfahlbeton"
"7347","IfcPile","Tiefgründung Ortbetonbohrpfahl 1200"
"7347","IfcPile","Tiefgründung Vorgefertigter Betonpfahl"
"7348","IfcPile","Tiefgründung Vorgefertigter Betonpfahl"
"7349","IfcPile","Tiefgründung Ortbetonbohrpfahl 1200"
"7350","IfcPile","Bohrpfahlbeton"
"7350","IfcPile","Tiefgründung Mikrobohrpfahl"
"7350","IfcPile","Tiefgründung Vorgefertigter Betonpfahl"
"7351","IfcPile","Tiefgründung Vorgefertigter Betonpfahl"
"7352","IfcPile","Tiefgründung Mikrobohrpfahl"
"7353","IfcPile","Bohrpfahlbeton"
"7353","IfcPile","Tiefgründung Mikrobohrpfahl"
"7353","IfcPile","Tiefgründung Vorgefertigter Betonpfahl"
"7354","IfcPile","Tiefgründung Vorgefertigter Betonpfahl"
"7355","IfcPile","Tiefgründung Mikrobohrpfahl"
"7356","IfcPile","Bohrpfahlbeton"
"7356","IfcPile","Tiefgründung Mikrobohrpfahl"
"7356","IfcPile","Tiefgründung Vorgefertigter Betonpfahl"
"7357","IfcPile","Tiefgründung Mikrobohrpfahl"
"7358","IfcPile","Tiefgründung Vorgefertigter Betonpfahl"
"7359","IfcPile","Bohrpfahlbeton"
"7359","IfcPile","Tiefgründung Ortbetonbohrpfahl 700"
"7359","IfcPile","Tiefgründung Vorgefertigter Betonpfahl"
"7360","IfcPile","Tiefgründung Vorgefertigter Betonpfahl"
"7361","IfcPile","Tiefgründung Ortbetonbohrpfahl 700"
"7362","IfcPile","Bohrpfahlbeton"
"7362","IfcPile","Tiefgründung Ortbetonbohrpfahl 700"
"7362","IfcPile","Tiefgründung Vorgefertigter Betonpfahl"
"7363","IfcPile","Tiefgründung Ortbetonbohrpfahl 700"
"7364","IfcPile","Tiefgründung Vorgefertigter Betonpfahl"
"7365","IfcPile","Bohrpfahlbeton"
"7365","IfcPile","Tiefgründung Ortbetonbohrpfahl 700"
"7365","IfcPile","Tiefgründung Vorgefertigter Betonpfahl"
"7366","IfcPile","Tiefgründung Vorgefertigter Betonpfahl"
"7367","IfcPile","Tiefgründung Ortbetonbohrpfahl 700"
"7368","IfcPile","Bohrpfahlbeton"
"7368","IfcPile","Tiefgründung Ortbetonbohrpfahl 700"
"7368","IfcPile","Tiefgründung Vorgefertigter Betonpfahl"
"7369","IfcPile","Tiefgründung Ortbetonbohrpfahl 700"
"7370","IfcPile","Tiefgründung Vorgefertigter Betonpfahl"
"7371","IfcPile","Bohrpfahlbeton"
"7371","IfcPile","Tiefgründung Ortbetonbohrpfahl 900"
"7371","IfcPile","Tiefgründung Vorgefertigter Betonpfahl"
"7372","IfcPile","Tiefgründung Vorgefertigter Betonpfahl"
"7373","IfcPile","Tiefgründung Ortbetonbohrpfahl 900"
"7374","IfcPile","Bohrpfahlbeton"
"7374","IfcPile","Tiefgründung Ortbetonbohrpfahl 900"
"7374","IfcPile","Tiefgründung Vorgefertigter Betonpfahl"
"7375","IfcPile","Tiefgründung Ortbetonbohrpfahl 900"
"7376","IfcPile","Tiefgründung Vorgefertigter Betonpfahl"
"7377","IfcPile","Bohrpfahlbeton"
"7377","IfcPile","Tiefgründung Ortbetonbohrpfahl 1200"
"7377","IfcPile","Tiefgründung Vorgefertigter Betonpfahl"
"7378","IfcPile","Tiefgründung Ortbetonbohrpfahl 1200"
"7379","IfcPile","Tiefgründung Vorgefertigter Betonpfahl"
"7380","IfcPile","Tiefgründung Mikrobohrpfahl"
"7381","IfcPile","Tiefgründung Mikrobohrpfahl"
"7382","IfcPile","Tiefgründung Ortbetonbohrpfahl 700"
"7383","IfcPile","Tiefgründung Ortbetonbohrpfahl 700"
"7384","IfcPile","Tiefgründung Ortbetonbohrpfahl 700"
"7385","IfcPile","Tiefgründung Ortbetonbohrpfahl 700"
"7386","IfcPile","Tiefgründung Ortbetonbohrpfahl 900"
"7387","IfcPile","Tiefgründung Ortbetonbohrpfahl 900"
"7388","IfcPile","Tiefgründung Ortbetonbohrpfahl 1200"
"7389","IfcPile","Tiefgründung Vorgefertigter Betonpfahl"
"7390","IfcPile","Tiefgründung Vorgefertigter Betonpfahl"
"7391","IfcPile","Tiefgründung Ortbetonbohrpfahl 700"
"7392","IfcPile","Tiefgründung Ortbetonbohrpfahl 700"
"7393","IfcPile","Tiefgründung Ortbetonbohrpfahl 900"
"7394","IfcPile","Tiefgründung Vorgefertigter Betonpfahl"
"7395","IfcPile","Tiefgründung Ortbetonbohrpfahl 900"
"7396","IfcPile","Tiefgründung Vorgefertigter Betonpfahl"
"7397","IfcPile","Tiefgründung Vorgefertigter Betonpfahl"
"7398","IfcPile","Tiefgründung Vorgefertigter Betonpfahl"
"7399","IfcPile","Tiefgründung Vorgefertigter Betonpfahl"
"7400","IfcPile","Tiefgründung Vorgefertigter Betonpfahl"
"7401","IfcPile","Tiefgründung Ortbetonbohrpfahl 700"
"7402","IfcPile","Tiefgründung Vorgefertigter Betonpfahl"
"7403","IfcPile","Tiefgründung Ortbetonbohrpfahl 900"
"7404","IfcPile","Tiefgründung Mikrobohrpfahl"
"7405","IfcPile","Tiefgründung Ortbetonbohrpfahl 700"
"7406","IfcPile","Tiefgründung Ortbetonbohrpfahl 900"
"7407","IfcPile","Tiefgründung Vorgefertigter Betonpfahl"
"7408","IfcPile","Tiefgründung Ortbetonbohrpfahl 1200"
"7409","IfcPile","Tiefgründung Mikrobohrpfahl"
"7410","IfcPile","Tiefgründung Ortbetonbohrpfahl 700"
"7411","IfcPile","Tiefgründung Ortbetonbohrpfahl 900"
"7412","IfcPile","Tiefgründung Mikrobohrpfahl"
"7413","IfcPile","Tiefgründung Mikrobohrpfahl"
"7414","IfcPile","Tiefgründung Mikrobohrpfahl"
"7415","IfcPile","Tiefgründung Ortbetonbohrpfahl 700"
"7416","IfcPile","Tiefgründung Ortbetonbohrpfahl 700"
"7417","IfcPile","Tiefgründung Ortbetonbohrpfahl 700"
"7418","IfcPile","Tiefgründung Ortbetonbohrpfahl 700"
"7419","IfcPile","Tiefgründung Ortbetonbohrpfahl 900"
"7420","IfcPile","Tiefgründung Ortbetonbohrpfahl 1200"
"7421","IfcPile","Tiefgründung Mikrobohrpfahl"
"7422","IfcPile","Tiefgründung Mikrobohrpfahl"
"7423","IfcPile","Tiefgründung Ortbetonbohrpfahl 700"
"7424","IfcPile","Tiefgründung Vorgefertigter Betonpfahl"
"7425","IfcPile","Tiefgründung Mikrobohrpfahl"
"7426","IfcPile","Tiefgründung Mikrobohrpfahl"
"7427","IfcPile","Tiefgründung Vorgefertigter Betonpfahl"
"7428","IfcPile","Tiefgründung Vorgefertigter Betonpfahl"
"7429","IfcPile","Tiefgründung Ortbetonbohrpfahl 1200"
"7430","IfcPile","Tiefgründung Vorgefertigter Betonpfahl"
"7431","IfcPile","Tiefgründung Mikrobohrpfahl"
"7432","IfcPile","Tiefgründung Ortbetonbohrpfahl 700"
"7433","IfcPile","Tiefgründung Ortbetonbohrpfahl 700"
"7434","IfcPile","Tiefgründung Vorgefertigter Betonpfahl"
"7435","IfcPile","Tiefgründung Vorgefertigter Betonpfahl"
"7436","IfcPile","Tiefgründung Ortbetonbohrpfahl 900"
"7437","IfcPile","Tiefgründung Vorgefertigter Betonpfahl"
"7438","IfcPile","Tiefgründung Mikrobohrpfahl"
"7439","IfcPile","Tiefgründung Vorgefertigter Betonpfahl"
"7440","IfcPile","Tiefgründung Vorgefertigter Betonpfahl"
"7441","IfcPile","Tiefgründung Vorgefertigter Betonpfahl"
"7442","IfcPile","Tiefgründung Vorgefertigter Betonpfahl"
"7443","IfcPile","Tiefgründung Mikrobohrpfahl"
"7444","IfcPile","Tiefgründung Mikrobohrpfahl"
"7445","IfcPile","Tiefgründung Mikrobohrpfahl"
"7446","IfcPile","Tiefgründung Ortbetonbohrpfahl 700"
"7447","IfcPile","Tiefgründung Ortbetonbohrpfahl 700"
"7448","IfcPile","Tiefgründung Ortbetonbohrpfahl 700"
"7449","IfcPile","Tiefgründung Ortbetonbohrpfahl 700"
"7450","IfcPile","Tiefgründung Ortbetonbohrpfahl 900"
"7451","IfcPile","Tiefgründung Ortbetonbohrpfahl 1200"
"7452","IfcPile","Tiefgründung Vorgefertigter Betonpfahl"
"7453","IfcPile","Tiefgründung Ortbetonbohrpfahl 1200"
"7454","IfcPile","Tiefgründung Vorgefertigter Betonpfahl"
"7455","IfcPile","Tiefgründung Ortbetonbohrpfahl 700"
"7456","IfcPile","Tiefgründung Vorgefertigter Betonpfahl"
"7457","IfcPile","Tiefgründung Vorgefertigter Betonpfahl"
"7458","IfcPile","Tiefgründung Ortbetonbohrpfahl 700"
"7459","IfcPile","Tiefgründung Vorgefertigter Betonpfahl"
"7460","IfcPile","Tiefgründung Mikrobohrpfahl"
"7461","IfcPile","Tiefgründung Vorgefertigter Betonpfahl"
"7462","IfcPile","Tiefgründung Vorgefertigter Betonpfahl"
"7463","IfcPile","Tiefgründung Vorgefertigter Betonpfahl"
"7464","IfcPile","Tiefgründung Ortbetonbohrpfahl 900"
"7465","IfcPile","Tiefgründung Ortbetonbohrpfahl 1200"
"7466","IfcPile","Tiefgründung Mikrobohrpfahl"
"7467","IfcPile","Tiefgründung Vorgefertigter Betonpfahl"
"7468","IfcPile","Tiefgründung Vorgefertigter Betonpfahl"
"7469","IfcPile","Tiefgründung Vorgefertigter Betonpfahl"
"7470","IfcPile","Tiefgründung Vorgefertigter Betonpfahl"
"7471","IfcPile","Tiefgründung Ortbetonbohrpfahl 700"
"7472","IfcPile","Tiefgründung Ortbetonbohrpfahl 700"
"7473","IfcPile","Tiefgründung Vorgefertigter Betonpfahl"
"7474","IfcPile","Tiefgründung Vorgefertigter Betonpfahl"
"7475","IfcPile","Tiefgründung Ortbetonbohrpfahl 700"
"7476","IfcPile","Tiefgründung Vorgefertigter Betonpfahl"
"7477","IfcPile","Tiefgründung Ortbetonbohrpfahl 900"
"7478","IfcPile","Tiefgründung Mikrobohrpfahl"
"7479","IfcPile","Tiefgründung Mikrobohrpfahl"
"7480","IfcPile","Tiefgründung Mikrobohrpfahl"
"7481","IfcPile","Tiefgründung Ortbetonbohrpfahl 700"
"7482","IfcPile","Tiefgründung Ortbetonbohrpfahl 700"
"7483","IfcPile","Tiefgründung Ortbetonbohrpfahl 700"
"7484","IfcPile","Tiefgründung Ortbetonbohrpfahl 700"
"7485","IfcPile","Tiefgründung Ortbetonbohrpfahl 900"
"7486","IfcPile","Tiefgründung Ortbetonbohrpfahl 900"
"7487","IfcPile","Tiefgründung Ortbetonbohrpfahl 1200"
"7488","IfcPile","Tiefgründung Vorgefertigter Betonpfahl"
"7489","IfcPile","Tiefgründung Vorgefertigter Betonpfahl"
"7490","IfcPile","Tiefgründung Mikrobohrpfahl"
"7491","IfcPile","Tiefgründung Vorgefertigter Betonpfahl"
"7492","IfcPile","Tiefgründung Ortbetonbohrpfahl 700"
"7493","IfcPile","Tiefgründung Vorgefertigter Betonpfahl"
"7494","IfcPile","Tiefgründung Mikrobohrpfahl"
"7495","IfcPile","Tiefgründung Ortbetonbohrpfahl 700"
"7496","IfcPile","Tiefgründung Ortbetonbohrpfahl 700"
"7497","IfcPile","Tiefgründung Vorgefertigter Betonpfahl"
"7498","IfcPile","Tiefgründung Ortbetonbohrpfahl 900"
"7499","IfcPile","Tiefgründung Vorgefertigter Betonpfahl"
"7500","IfcPile","Tiefgründung Ortbetonbohrpfahl 900"
"7501","IfcPile","Tiefgründung Mikrobohrpfahl"
"7502","IfcPile","Tiefgründung Ortbetonbohrpfahl 700"
"7503","IfcPile","Tiefgründung Vorgefertigter Betonpfahl"
"7504","IfcPile","Tiefgründung Vorgefertigter Betonpfahl"
"7505","IfcPile","Tiefgründung Vorgefertigter Betonpfahl"
"7506","IfcPile","Tiefgründung Vorgefertigter Betonpfahl"
"7507","IfcPile","Tiefgründung Mikrobohrpfahl"
"7508","IfcPile","Tiefgründung Ortbetonbohrpfahl 700"
"7509","IfcPile","Tiefgründung Ortbetonbohrpfahl 700"
"7510","IfcPile","Tiefgründung Vorgefertigter Betonpfahl"
"7511","IfcPile","Tiefgründung Ortbetonbohrpfahl 700"
"7512","IfcPile","Tiefgründung Vorgefertigter Betonpfahl"
"7513","IfcPile","Tiefgründung Vorgefertigter Betonpfahl"
"7514","IfcPile","Tiefgründung Mikrobohrpfahl"
"7515","IfcPile","Tiefgründung Ortbetonbohrpfahl 1200"
"7516","IfcPile","Tiefgründung Vorgefertigter Betonpfahl"
"7517","IfcPipeFitting","Stahlblech blank"
"7517","IfcPipeFitting","Stahlprofil blank"
"7517","IfcPipeFitting","Gusseisen"
"7518","IfcPipeFitting","Stahlblech blank"
"7518","IfcPipeFitting","Stahlprofil blank"
"7518","IfcPipeFitting","Gusseisen"
"7519","IfcPipeFitting","Stahlblech blank"
"7519","IfcPipeFitting","Stahlprofil blank"
"7519","IfcPipeFitting","Gusseisen"
"7520","IfcPipeFitting","Polyethylen PE"
"7520","IfcPipeFitting","Polypropylen PP"
"7520","IfcPipeFitting","Polyvinylchlorid PVC"
"7521","IfcPipeFitting","Stahlblech blank"
"7521","IfcPipeFitting","Stahlprofil blank"
"7521","IfcPipeFitting","Gusseisen"
"7522","IfcPipeFitting","Stahlblech blank"
"7522","IfcPipeFitting","Stahlprofil blank"
"7522","IfcPipeFitting","Gusseisen"
"7523","IfcPipeFitting","Stahlblech blank"
"7523","IfcPipeFitting","Stahlprofil blank"
"7523","IfcPipeFitting","Gusseisen"
"7524","IfcPipeFitting","Stahlblech blank"
"7524","IfcPipeFitting","Stahlprofil blank"
"7524","IfcPipeFitting","Gusseisen"
"7525","IfcPipeFitting","Stahlblech blank"
"7525","IfcPipeFitting","Stahlprofil blank"
"7525","IfcPipeFitting","Gusseisen"
"7526","IfcPipeFitting","Stahlblech blank"
"7526","IfcPipeFitting","Stahlprofil blank"
"7526","IfcPipeFitting","Gusseisen"
"7527","IfcPipeFitting","Stahlblech blank"
"7527","IfcPipeFitting","Stahlprofil blank"
"7527","IfcPipeFitting","Gusseisen"
"7528","IfcPipeFitting","Stahlblech blank"
"7528","IfcPipeFitting","Stahlprofil blank"
"7528","IfcPipeFitting","Gusseisen"
"7529","IfcPipeFitting","Stahlblech blank"
"7529","IfcPipeFitting","Stahlprofil blank"
"7529","IfcPipeFitting","Gusseisen"
"7530","IfcPipeFitting","Stahlblech blank"
"7530","IfcPipeFitting","Stahlprofil blank"
"7530","IfcPipeFitting","Gusseisen"
"7531","IfcPipeFitting","Stahlblech blank"
"7531","IfcPipeFitting","Stahlprofil blank"
"7531","IfcPipeFitting","Gusseisen"
"7532","IfcPipeFitting","Polyethylen PE"
"7532","IfcPipeFitting","Polypropylen PP"
"7532","IfcPipeFitting","Polyvinylchlorid PVC"
"7533","IfcPipeFitting","Stahlblech blank"
"7533","IfcPipeFitting","Stahlprofil blank"
"7533","IfcPipeFitting","Gusseisen"
"7534","IfcPipeFitting","Stahlblech blank"
"7534","IfcPipeFitting","Stahlprofil blank"
"7534","IfcPipeFitting","Gusseisen"
"7535","IfcPipeFitting","Stahlblech blank"
"7535","IfcPipeFitting","Stahlprofil blank"
"7535","IfcPipeFitting","Gusseisen"
"7536","IfcPipeFitting","Stahlblech blank"
"7536","IfcPipeFitting","Stahlprofil blank"
"7536","IfcPipeFitting","Gusseisen"
"7537","IfcPipeFitting","Stahlblech blank"
"7537","IfcPipeFitting","Stahlprofil blank"
"7537","IfcPipeFitting","Gusseisen"
"7538","IfcPipeFitting","Stahlblech blank"
"7538","IfcPipeFitting","Stahlprofil blank"
"7538","IfcPipeFitting","Gusseisen"
"7539","IfcPipeFitting","Stahlblech blank"
"7539","IfcPipeFitting","Stahlprofil blank"
"7539","IfcPipeFitting","Gusseisen"
"7540","IfcPipeFitting","Stahlblech blank"
"7540","IfcPipeFitting","Stahlprofil blank"
"7540","IfcPipeFitting","Gusseisen"
"7541","IfcPipeFitting","Stahlblech blank"
"7541","IfcPipeFitting","Stahlprofil blank"
"7541","IfcPipeFitting","Gusseisen"
"7542","IfcPipeFitting","Stahlblech blank"
"7542","IfcPipeFitting","Stahlprofil blank"
"7542","IfcPipeFitting","Gusseisen"
"7543","IfcPipeFitting","Stahlblech blank"
"7543","IfcPipeFitting","Stahlprofil blank"
"7543","IfcPipeFitting","Gusseisen"
"7544","IfcPipeFitting","Polyethylen PE"
"7544","IfcPipeFitting","Polypropylen PP"
"7544","IfcPipeFitting","Polyvinylchlorid PVC"
"7545","IfcPipeFitting","Stahlblech blank"
"7545","IfcPipeFitting","Stahlprofil blank"
"7545","IfcPipeFitting","Gusseisen"
"7546","IfcPipeFitting","Stahlblech blank"
"7546","IfcPipeFitting","Stahlprofil blank"
"7546","IfcPipeFitting","Gusseisen"
"7547","IfcPipeFitting","Stahlblech blank"
"7547","IfcPipeFitting","Stahlprofil blank"
"7547","IfcPipeFitting","Gusseisen"
"7548","IfcPipeFitting","Stahlblech blank"
"7548","IfcPipeFitting","Stahlprofil blank"
"7548","IfcPipeFitting","Gusseisen"
"7549","IfcPipeFitting","Stahlblech blank"
"7549","IfcPipeFitting","Stahlprofil blank"
"7549","IfcPipeFitting","Gusseisen"
"7550","IfcPipeFitting","Stahlblech blank"
"7550","IfcPipeFitting","Stahlprofil blank"
"7550","IfcPipeFitting","Gusseisen"
"7551","IfcPipeFitting","Stahlblech blank"
"7551","IfcPipeFitting","Stahlprofil blank"
"7551","IfcPipeFitting","Gusseisen"
"7552","IfcPipeFitting","Stahlblech blank"
"7552","IfcPipeFitting","Stahlprofil blank"
"7552","IfcPipeFitting","Gusseisen"
"7553","IfcPipeFitting","Stahlblech blank"
"7553","IfcPipeFitting","Stahlprofil blank"
"7553","IfcPipeFitting","Gusseisen"
"7554","IfcPipeFitting","Stahlblech blank"
"7554","IfcPipeFitting","Stahlprofil blank"
"7554","IfcPipeFitting","Gusseisen"
"7555","IfcPipeFitting","Stahlblech blank"
"7555","IfcPipeFitting","Stahlprofil blank"
"7555","IfcPipeFitting","Gusseisen"
"7556","IfcPipeFitting","Polyethylen PE"
"7556","IfcPipeFitting","Polypropylen PP"
"7556","IfcPipeFitting","Polyvinylchlorid PVC"
"7557","IfcPipeFitting","Stahlblech blank"
"7557","IfcPipeFitting","Stahlprofil blank"
"7557","IfcPipeFitting","Gusseisen"
"7558","IfcPipeFitting","Stahlblech blank"
"7558","IfcPipeFitting","Stahlprofil blank"
"7558","IfcPipeFitting","Gusseisen"
"7559","IfcPipeFitting","Stahlblech blank"
"7559","IfcPipeFitting","Stahlprofil blank"
"7559","IfcPipeFitting","Gusseisen"
"7560","IfcPipeFitting","Stahlblech blank"
"7560","IfcPipeFitting","Stahlprofil blank"
"7560","IfcPipeFitting","Gusseisen"
"7561","IfcPipeFitting","Stahlblech blank"
"7561","IfcPipeFitting","Stahlprofil blank"
"7561","IfcPipeFitting","Gusseisen"
"7562","IfcPipeFitting","Stahlblech blank"
"7562","IfcPipeFitting","Stahlprofil blank"
"7562","IfcPipeFitting","Gusseisen"
"7563","IfcPipeFitting","Stahlblech blank"
"7563","IfcPipeFitting","Stahlprofil blank"
"7563","IfcPipeFitting","Gusseisen"
"7564","IfcPipeFitting","Stahlblech blank"
"7564","IfcPipeFitting","Stahlprofil blank"
"7564","IfcPipeFitting","Gusseisen"
"7565","IfcPipeFitting","Stahlblech blank"
"7565","IfcPipeFitting","Stahlprofil blank"
"7565","IfcPipeFitting","Gusseisen"
"7566","IfcPipeFitting","Stahlblech blank"
"7566","IfcPipeFitting","Stahlprofil blank"
"7566","IfcPipeFitting","Gusseisen"
"7567","IfcPipeFitting","Stahlblech blank"
"7567","IfcPipeFitting","Stahlprofil blank"
"7567","IfcPipeFitting","Gusseisen"
"7568","IfcPipeFitting","Polyethylen PE"
"7568","IfcPipeFitting","Polypropylen PP"
"7568","IfcPipeFitting","Polyvinylchlorid PVC"
"7569","IfcPipeFitting","Stahlblech blank"
"7569","IfcPipeFitting","Stahlprofil blank"
"7569","IfcPipeFitting","Gusseisen"
"7570","IfcPipeFitting","Stahlblech blank"
"7570","IfcPipeFitting","Stahlprofil blank"
"7570","IfcPipeFitting","Gusseisen"
"7571","IfcPipeFitting","Stahlblech blank"
"7571","IfcPipeFitting","Stahlprofil blank"
"7571","IfcPipeFitting","Gusseisen"
"7572","IfcPipeFitting","Stahlblech blank"
"7572","IfcPipeFitting","Stahlprofil blank"
"7572","IfcPipeFitting","Gusseisen"
"7573","IfcPipeFitting","Stahlblech blank"
"7573","IfcPipeFitting","Stahlprofil blank"
"7573","IfcPipeFitting","Gusseisen"
"7574","IfcPipeFitting","Stahlblech blank"
"7574","IfcPipeFitting","Stahlprofil blank"
"7574","IfcPipeFitting","Gusseisen"
"7575","IfcPipeFitting","Stahlblech blank"
"7575","IfcPipeFitting","Stahlprofil blank"
"7575","IfcPipeFitting","Gusseisen"
"7576","IfcPipeFitting","Stahlblech blank"
"7576","IfcPipeFitting","Stahlprofil blank"
"7576","IfcPipeFitting","Gusseisen"
"7577","IfcPipeFitting","Stahlblech blank"
"7577","IfcPipeFitting","Stahlprofil blank"
"7577","IfcPipeFitting","Gusseisen"
"7578","IfcPipeFitting","Stahlblech blank"
"7578","IfcPipeFitting","Stahlprofil blank"
"7578","IfcPipeFitting","Gusseisen"
"7579","IfcPipeFitting","Stahlblech blank"
"7579","IfcPipeFitting","Stahlprofil blank"
"7579","IfcPipeFitting","Gusseisen"
"7580","IfcPipeFitting","Polyethylen PE"
"7580","IfcPipeFitting","Polypropylen PP"
"7580","IfcPipeFitting","Polyvinylchlorid PVC"
"7581","IfcPipeFitting","Stahlblech blank"
"7581","IfcPipeFitting","Stahlprofil blank"
"7581","IfcPipeFitting","Gusseisen"
"7582","IfcPipeFitting","Stahlblech blank"
"7582","IfcPipeFitting","Stahlprofil blank"
"7582","IfcPipeFitting","Gusseisen"
"7583","IfcPipeFitting","Stahlblech blank"
"7583","IfcPipeFitting","Stahlprofil blank"
"7583","IfcPipeFitting","Gusseisen"
"7584","IfcPipeFitting","Stahlblech blank"
"7584","IfcPipeFitting","Stahlprofil blank"
"7584","IfcPipeFitting","Gusseisen"
"7585","IfcPipeFitting","Stahlblech blank"
"7585","IfcPipeFitting","Stahlprofil blank"
"7585","IfcPipeFitting","Gusseisen"
"7586","IfcPipeFitting","Stahlblech blank"
"7586","IfcPipeFitting","Stahlprofil blank"
"7586","IfcPipeFitting","Gusseisen"
"7587","IfcPipeFitting","Stahlblech blank"
"7587","IfcPipeFitting","Stahlprofil blank"
"7587","IfcPipeFitting","Gusseisen"
"7588","IfcPipeFitting","Stahlblech blank"
"7588","IfcPipeFitting","Stahlprofil blank"
"7588","IfcPipeFitting","Gusseisen"
"7589","IfcPipeFitting","Stahlblech blank"
"7589","IfcPipeFitting","Stahlprofil blank"
"7589","IfcPipeFitting","Gusseisen"
"7590","IfcPipeFitting","Stahlblech blank"
"7590","IfcPipeFitting","Stahlprofil blank"
"7590","IfcPipeFitting","Gusseisen"
"7591","IfcPipeFitting","Stahlblech blank"
"7591","IfcPipeFitting","Stahlprofil blank"
"7591","IfcPipeFitting","Gusseisen"
"7592","IfcPipeFitting","Polyethylen PE"
"7592","IfcPipeFitting","Polypropylen PP"
"7592","IfcPipeFitting","Polyvinylchlorid PVC"
"7593","IfcPipeFitting","Stahlblech blank"
"7593","IfcPipeFitting","Stahlprofil blank"
"7593","IfcPipeFitting","Gusseisen"
"7594","IfcPipeFitting","Stahlblech blank"
"7594","IfcPipeFitting","Stahlprofil blank"
"7594","IfcPipeFitting","Gusseisen"
"7595","IfcPipeFitting","Stahlblech blank"
"7595","IfcPipeFitting","Stahlprofil blank"
"7595","IfcPipeFitting","Gusseisen"
"7596","IfcPipeFitting","Stahlblech blank"
"7596","IfcPipeFitting","Stahlprofil blank"
"7596","IfcPipeFitting","Gusseisen"
"7597","IfcPipeFitting","Stahlblech blank"
"7597","IfcPipeFitting","Stahlprofil blank"
"7597","IfcPipeFitting","Gusseisen"
"7598","IfcPipeFitting","Stahlblech blank"
"7598","IfcPipeFitting","Stahlprofil blank"
"7598","IfcPipeFitting","Gusseisen"
"7599","IfcPipeFitting","Stahlblech blank"
"7599","IfcPipeFitting","Stahlprofil blank"
"7599","IfcPipeFitting","Gusseisen"
"7600","IfcPipeFitting","Stahlblech blank"
"7600","IfcPipeFitting","Stahlprofil blank"
"7600","IfcPipeFitting","Gusseisen"
"7601","IfcPipeFitting","Stahlblech blank"
"7601","IfcPipeFitting","Stahlprofil blank"
"7601","IfcPipeFitting","Gusseisen"
"7602","IfcPipeFitting","Stahlblech blank"
"7602","IfcPipeFitting","Stahlprofil blank"
"7602","IfcPipeFitting","Gusseisen"
"7603","IfcPipeFitting","Stahlblech blank"
"7603","IfcPipeFitting","Stahlprofil blank"
"7603","IfcPipeFitting","Gusseisen"
"7604","IfcPipeFitting","Polyethylen PE"
"7604","IfcPipeFitting","Polypropylen PP"
"7604","IfcPipeFitting","Polyvinylchlorid PVC"
"7605","IfcPipeFitting","Stahlblech blank"
"7605","IfcPipeFitting","Stahlprofil blank"
"7605","IfcPipeFitting","Gusseisen"
"7606","IfcPipeFitting","Stahlblech blank"
"7606","IfcPipeFitting","Stahlprofil blank"
"7606","IfcPipeFitting","Gusseisen"
"7607","IfcPipeFitting","Stahlblech blank"
"7607","IfcPipeFitting","Stahlprofil blank"
"7607","IfcPipeFitting","Gusseisen"
"7608","IfcPipeFitting","Stahlblech blank"
"7608","IfcPipeFitting","Stahlprofil blank"
"7608","IfcPipeFitting","Gusseisen"
"7609","IfcPipeFitting","Stahlblech blank"
"7609","IfcPipeFitting","Stahlprofil blank"
"7609","IfcPipeFitting","Gusseisen"
"7610","IfcPipeFitting","Stahlblech blank"
"7610","IfcPipeFitting","Stahlprofil blank"
"7610","IfcPipeFitting","Gusseisen"
"7611","IfcPipeFitting","Stahlblech blank"
"7611","IfcPipeFitting","Stahlprofil blank"
"7611","IfcPipeFitting","Gusseisen"
"7612","IfcPipeFitting","Stahlblech blank"
"7612","IfcPipeFitting","Stahlprofil blank"
"7612","IfcPipeFitting","Gusseisen"
"7613","IfcPipeSegment","Polyethylen PE"
"7613","IfcPipeSegment","Polypropylen PP"
"7613","IfcPipeSegment","Polyvinylchlorid PVC"
"7614","IfcPipeSegment","Polyethylen PE"
"7614","IfcPipeSegment","Polypropylen PP"
"7614","IfcPipeSegment","Polyvinylchlorid PVC"
"7615","IfcPipeSegment","Polyethylen PE"
"7615","IfcPipeSegment","Polypropylen PP"
"7615","IfcPipeSegment","Polyvinylchlorid PVC"
"7616","IfcPipeSegment","Polyethylen PE"
"7616","IfcPipeSegment","Polypropylen PP"
"7616","IfcPipeSegment","Polyvinylchlorid PVC"
"7617","IfcPipeSegment","Polyethylen PE"
"7617","IfcPipeSegment","Polypropylen PP"
"7617","IfcPipeSegment","Polyvinylchlorid PVC"
"7618","IfcPipeSegment","Polyethylen PE"
"7618","IfcPipeSegment","Polypropylen PP"
"7618","IfcPipeSegment","Polyvinylchlorid PVC"
"7619","IfcPlate","Stahlblech blank"
"7619","IfcPlate","Stahlblech verzinkt"
"7620","IfcPlate","Stahlblech blank"
"7620","IfcPlate","Stahlblech verzinkt"
"7621","IfcPlate","Stahlblech blank"
"7621","IfcPlate","Stahlblech verzinkt"
"7622","IfcPlate","Aluminiumblech blank"
"7623","IfcPlate","Stahlblech blank"
"7623","IfcPlate","Stahlblech verzinkt"
"7624","IfcPlate","Stahlblech blank"
"7624","IfcPlate","Stahlblech verzinkt"
"7625","IfcPlate","Stahlblech blank"
"7625","IfcPlate","Stahlblech verzinkt"
"7626","IfcPlate","Stahlblech blank"
"7626","IfcPlate","Stahlblech verzinkt"
"7627","IfcPlate","Stahlblech blank"
"7627","IfcPlate","Stahlblech verzinkt"
"7628","IfcPlate","Stahlblech blank"
"7628","IfcPlate","Stahlblech verzinkt"
"7629","IfcPlate","Stahlblech blank"
"7629","IfcPlate","Stahlblech verzinkt"
"7630","IfcPlate","Stahlblech blank"
"7630","IfcPlate","Stahlblech verzinkt"
"7631","IfcPlate","Stahlblech blank"
"7631","IfcPlate","Stahlblech verzinkt"
"7632","IfcPlate","Stahlblech blank"
"7632","IfcPlate","Stahlblech verzinkt"
"7633","IfcPlate","Stahlblech blank"
"7633","IfcPlate","Stahlblech verzinkt"
"7634","IfcPlate","Stahlblech blank"
"7634","IfcPlate","Stahlblech verzinkt"
"7635","IfcPlate","Stahlblech blank"
"7635","IfcPlate","Stahlblech verzinkt"
"7636","IfcPlate","Stahlblech blank"
"7636","IfcPlate","Stahlblech verzinkt"
"7637","IfcPlate","Stahlblech blank"
"7637","IfcPlate","Stahlblech verzinkt"
"7638","IfcPlate","Stahlblech blank"
"7638","IfcPlate","Stahlblech verzinkt"
"7639","IfcPlate","Stahlblech blank"
"7639","IfcPlate","Stahlblech verzinkt"
"7640","IfcPlate","Stahlblech blank"
"7640","IfcPlate","Stahlblech verzinkt"
"7641","IfcPlate","Stahlblech blank"
"7641","IfcPlate","Stahlblech verzinkt"
"7642","IfcPlate","Stahlblech blank"
"7642","IfcPlate","Stahlblech verzinkt"
"7643","IfcPlate","Stahlblech blank"
"7643","IfcPlate","Stahlblech verzinkt"
"7644","IfcPlate","Stahlblech blank"
"7644","IfcPlate","Stahlblech verzinkt"
"7645","IfcPlate","Stahlblech blank"
"7645","IfcPlate","Stahlblech verzinkt"
"7646","IfcPlate","Stahlblech blank"
"7646","IfcPlate","Stahlblech verzinkt"
"7647","IfcPlate","Stahlblech blank"
"7647","IfcPlate","Stahlblech verzinkt"
"7648","IfcPlate","Aluminiumblech blank"
"7649","IfcPlate","Stahlblech blank"
"7649","IfcPlate","Stahlblech verzinkt"
"7650","IfcPlate","Stahlblech blank"
"7650","IfcPlate","Stahlblech verzinkt"
"7651","IfcPlate","Stahlblech blank"
"7651","IfcPlate","Stahlblech verzinkt"
"7652","IfcPlate","Stahlblech blank"
"7652","IfcPlate","Stahlblech verzinkt"
"7653","IfcPlate","Stahlblech blank"
"7653","IfcPlate","Stahlblech verzinkt"
"7654","IfcPlate","Stahlblech blank"
"7654","IfcPlate","Stahlblech verzinkt"
"7655","IfcPlate","Stahlblech blank"
"7655","IfcPlate","Stahlblech verzinkt"
"7656","IfcPlate","Stahlblech blank"
"7656","IfcPlate","Stahlblech verzinkt"
"7657","IfcPlate","Stahlblech blank"
"7657","IfcPlate","Stahlblech verzinkt"
"7658","IfcPlate","Stahlblech blank"
"7658","IfcPlate","Stahlblech verzinkt"
"7659","IfcPlate","Stahlblech blank"
"7659","IfcPlate","Stahlblech verzinkt"
"7660","IfcPlate","Stahlblech blank"
"7660","IfcPlate","Stahlblech verzinkt"
"7661","IfcPlate","Stahlblech blank"
"7661","IfcPlate","Stahlblech verzinkt"
"7662","IfcPlate","Stahlblech blank"
"7662","IfcPlate","Stahlblech verzinkt"
"7663","IfcPlate","Stahlblech blank"
"7663","IfcPlate","Stahlblech verzinkt"
"7664","IfcPlate","Stahlblech blank"
"7664","IfcPlate","Stahlblech verzinkt"
"7665","IfcPlate","Stahlblech blank"
"7665","IfcPlate","Stahlblech verzinkt"
"7666","IfcPlate","Stahlblech blank"
"7666","IfcPlate","Stahlblech verzinkt"
"7667","IfcPlate","Stahlblech blank"
"7667","IfcPlate","Stahlblech verzinkt"
"7668","IfcPlate","Stahlblech blank"
"7668","IfcPlate","Stahlblech verzinkt"
"7669","IfcPlate","Stahlblech blank"
"7669","IfcPlate","Stahlblech verzinkt"
"7670","IfcPlate","Stahlblech blank"
"7670","IfcPlate","Stahlblech verzinkt"
"7671","IfcPlate","Stahlblech blank"
"7671","IfcPlate","Stahlblech verzinkt"
"7672","IfcPlate","Stahlblech blank"
"7672","IfcPlate","Stahlblech verzinkt"
"7673","IfcPlate","Stahlblech blank"
"7673","IfcPlate","Stahlblech verzinkt"
"7674","IfcPlate","Stahlblech blank"
"7674","IfcPlate","Stahlblech verzinkt"
"7675","IfcPlate","Stahlblech blank"
"7675","IfcPlate","Stahlblech verzinkt"
"7676","IfcPlate","Stahlblech blank"
"7676","IfcPlate","Stahlblech verzinkt"
"7677","IfcPlate","Stahlblech blank"
"7677","IfcPlate","Stahlblech verzinkt"
"7678","IfcPlate","Stahlblech blank"
"7678","IfcPlate","Stahlblech verzinkt"
"7679","IfcPlate","Stahlblech blank"
"7679","IfcPlate","Stahlblech verzinkt"
"7680","IfcPlate","Stahlblech blank"
"7680","IfcPlate","Stahlblech verzinkt"
"7681","IfcPlate","Stahlblech blank"
"7681","IfcPlate","Stahlblech verzinkt"
"7682","IfcPlate","Stahlblech blank"
"7682","IfcPlate","Stahlblech verzinkt"
"7683","IfcPlate","Stahlblech blank"
"7683","IfcPlate","Stahlblech verzinkt"
"7684","IfcPlate","Stahlblech blank"
"7684","IfcPlate","Stahlblech verzinkt"
"7685","IfcPlate","Aluminiumblech blank"
"7686","IfcPlate","Stahlblech blank"
"7686","IfcPlate","Stahlblech verzinkt"
"7687","IfcPlate","Stahlblech blank"
"7687","IfcPlate","Stahlblech verzinkt"
"7688","IfcPlate","Stahlblech blank"
"7688","IfcPlate","Stahlblech verzinkt"
"7689","IfcPlate","Stahlblech blank"
"7689","IfcPlate","Stahlblech verzinkt"
"7690","IfcPlate","Stahlblech blank"
"7690","IfcPlate","Stahlblech verzinkt"
"7691","IfcPlate","Stahlblech blank"
"7691","IfcPlate","Stahlblech verzinkt"
"7692","IfcPlate","Stahlblech blank"
"7692","IfcPlate","Stahlblech verzinkt"
"7693","IfcPlate","Stahlblech blank"
"7693","IfcPlate","Stahlblech verzinkt"
"7694","IfcPlate","Stahlblech blank"
"7694","IfcPlate","Stahlblech verzinkt"
"7695","IfcPlate","Stahlblech blank"
"7695","IfcPlate","Stahlblech verzinkt"
"7696","IfcPlate","Stahlblech blank"
"7696","IfcPlate","Stahlblech verzinkt"
"7697","IfcPlate","Stahlblech blank"
"7697","IfcPlate","Stahlblech verzinkt"
"7698","IfcPlate","Stahlblech blank"
"7698","IfcPlate","Stahlblech verzinkt"
"7699","IfcPlate","Stahlblech blank"
"7699","IfcPlate","Stahlblech verzinkt"
"7700","IfcPlate","Stahlblech blank"
"7700","IfcPlate","Stahlblech verzinkt"
"7701","IfcPlate","Stahlblech blank"
"7701","IfcPlate","Stahlblech verzinkt"
"7702","IfcPlate","Stahlblech blank"
"7702","IfcPlate","Stahlblech verzinkt"
"7703","IfcPlate","Stahlblech blank"
"7703","IfcPlate","Stahlblech verzinkt"
"7704","IfcPlate","Stahlblech blank"
"7704","IfcPlate","Stahlblech verzinkt"
"7705","IfcPlate","Stahlblech blank"
"7705","IfcPlate","Stahlblech verzinkt"
"7706","IfcPlate","Stahlblech blank"
"7706","IfcPlate","Stahlblech verzinkt"
"7707","IfcPlate","Stahlblech blank"
"7707","IfcPlate","Stahlblech verzinkt"
"7708","IfcPlate","Stahlblech blank"
"7708","IfcPlate","Stahlblech verzinkt"
"7709","IfcPlate","Stahlblech blank"
"7709","IfcPlate","Stahlblech verzinkt"
"7710","IfcPlate","Stahlblech blank"
"7710","IfcPlate","Stahlblech verzinkt"
"7711","IfcPlate","Stahlblech blank"
"7711","IfcPlate","Stahlblech verzinkt"
"7712","IfcPlate","Stahlblech blank"
"7712","IfcPlate","Stahlblech verzinkt"
"7713","IfcPlate","Stahlblech blank"
"7713","IfcPlate","Stahlblech verzinkt"
"7714","IfcPlate","Stahlblech blank"
"7714","IfcPlate","Stahlblech verzinkt"
"7715","IfcPlate","Stahlblech blank"
"7715","IfcPlate","Stahlblech verzinkt"
"7716","IfcPlate","Stahlblech blank"
"7716","IfcPlate","Stahlblech verzinkt"
"7717","IfcPlate","Stahlblech blank"
"7717","IfcPlate","Stahlblech verzinkt"
"7718","IfcPlate","Stahlblech blank"
"7718","IfcPlate","Stahlblech verzinkt"
"7719","IfcPlate","Stahlblech blank"
"7719","IfcPlate","Stahlblech verzinkt"
"7720","IfcPlate","Stahlblech blank"
"7720","IfcPlate","Stahlblech verzinkt"
"7721","IfcPlate","Stahlblech blank"
"7721","IfcPlate","Stahlblech verzinkt"
"7722","IfcPlate","Stahlblech blank"
"7722","IfcPlate","Stahlblech verzinkt"
"7723","IfcPlate","Stahlblech blank"
"7723","IfcPlate","Stahlblech verzinkt"
"7724","IfcPlate","Stahlblech blank"
"7724","IfcPlate","Stahlblech verzinkt"
"7725","IfcPlate","Stahlblech blank"
"7725","IfcPlate","Stahlblech verzinkt"
"7726","IfcPlate","Stahlblech blank"
"7726","IfcPlate","Stahlblech verzinkt"
"7727","IfcPlate","Stahlblech blank"
"7727","IfcPlate","Stahlblech verzinkt"
"7728","IfcPlate","Stahlblech blank"
"7728","IfcPlate","Stahlblech verzinkt"
"7729","IfcPlate","Stahlblech blank"
"7729","IfcPlate","Stahlblech verzinkt"
"7730","IfcRail","Stahlprofil blank"
"7731","IfcRail","Stahlprofil blank"
"7732","IfcRail","Stahlprofil blank"
"7733","IfcRail","Tiefbaubeton"
"7733","IfcRail","Betonfertigteil normalfest"
"7733","IfcRail","Betonfertigteil hochfest"
"7734","IfcRail","Betonfertigteil normalfest"
"7734","IfcRail","Betonfertigteil hochfest"
"7735","IfcRail","Tiefbaubeton"
"7736","IfcRail","Tiefbaubeton"
"7737","IfcRail","Betonfertigteil normalfest"
"7737","IfcRail","Betonfertigteil hochfest"
"7738","IfcRail","Tiefbaubeton"
"7738","IfcRail","Betonfertigteil normalfest"
"7739","IfcRail","Tiefbaubeton"
"7740","IfcRail","Betonfertigteil normalfest"
"7741","IfcRail","Tiefbaubeton"
"7741","IfcRail","Betonfertigteil normalfest"
"7742","IfcRail","Betonfertigteil normalfest"
"7743","IfcRail","Tiefbaubeton"
"7744","IfcRail","Tiefbaubeton"
"7744","IfcRail","Betonfertigteil normalfest"
"7745","IfcRail","Betonfertigteil normalfest"
"7746","IfcRail","Tiefbaubeton"
"7747","IfcRail","Tiefbaubeton"
"7747","IfcRail","Betonfertigteil hochfest"
"7748","IfcRail","Tiefbaubeton"
"7749","IfcRail","Betonfertigteil hochfest"
"7750","IfcRail","Tiefbaubeton"
"7750","IfcRail","Betonfertigteil hochfest"
"7751","IfcRail","Betonfertigteil hochfest"
"7752","IfcRail","Tiefbaubeton"
"7753","IfcRail","Tiefbaubeton"
"7754","IfcRail","Betonfertigteil hochfest"
"7755","IfcRail","Tiefbaubeton"
"7756","IfcRail","Tiefbaubeton"
"7757","IfcRail","Betonfertigteil normalfest"
"7758","IfcRail","Betonfertigteil normalfest"
"7759","IfcRail","Tiefbaubeton"
"7760","IfcRail","Betonfertigteil hochfest"
"7761","IfcRail","Tiefbaubeton"
"7762","IfcRail","Tiefbaubeton"
"7763","IfcRail","Betonfertigteil normalfest"
"7764","IfcRail","Tiefbaubeton"
"7765","IfcRail","Tiefbaubeton"
"7766","IfcRail","Tiefbaubeton"
"7767","IfcRail","Stahlprofil blank"
"7768","IfcRail","Stahlprofil blank"
"7769","IfcRail","Stahlprofil blank"
"7770","IfcRail","Stahlprofil blank"
"7771","IfcRail","Stahlprofil blank"
"7772","IfcRail","Stahlprofil blank"
"7773","IfcRail","Stahlprofil blank"
"7774","IfcRail","Stahlprofil blank"
"7775","IfcRail","Stahlprofil blank"
"7776","IfcRail","Tiefbaubeton"
"7776","IfcRail","Betonfertigteil normalfest"
"7776","IfcRail","Betonfertigteil hochfest"
"7777","IfcRail","Betonfertigteil normalfest"
"7777","IfcRail","Betonfertigteil hochfest"
"7778","IfcRail","Tiefbaubeton"
"7779","IfcRail","Tiefbaubeton"
"7780","IfcRail","Betonfertigteil normalfest"
"7780","IfcRail","Betonfertigteil hochfest"
"7781","IfcRail","Tiefbaubeton"
"7781","IfcRail","Betonfertigteil normalfest"
"7782","IfcRail","Betonfertigteil normalfest"
"7783","IfcRail","Tiefbaubeton"
"7784","IfcRail","Tiefbaubeton"
"7784","IfcRail","Betonfertigteil normalfest"
"7785","IfcRail","Betonfertigteil normalfest"
"7786","IfcRail","Tiefbaubeton"
"7787","IfcRail","Tiefbaubeton"
"7787","IfcRail","Betonfertigteil normalfest"
"7788","IfcRail","Betonfertigteil normalfest"
"7789","IfcRail","Tiefbaubeton"
"7790","IfcRail","Tiefbaubeton"
"7790","IfcRail","Betonfertigteil hochfest"
"7791","IfcRail","Tiefbaubeton"
"7792","IfcRail","Betonfertigteil hochfest"
"7793","IfcRail","Tiefbaubeton"
"7793","IfcRail","Betonfertigteil hochfest"
"7794","IfcRail","Betonfertigteil hochfest"
"7795","IfcRail","Tiefbaubeton"
"7796","IfcRail","Tiefbaubeton"
"7797","IfcRail","Tiefbaubeton"
"7798","IfcRail","Betonfertigteil hochfest"
"7799","IfcRail","Tiefbaubeton"
"7800","IfcRail","Tiefbaubeton"
"7801","IfcRail","Tiefbaubeton"
"7802","IfcRail","Betonfertigteil normalfest"
"7803","IfcRail","Betonfertigteil normalfest"
"7804","IfcRail","Betonfertigteil hochfest"
"7805","IfcRail","Tiefbaubeton"
"7806","IfcRail","Betonfertigteil normalfest"
"7807","IfcRail","Tiefbaubeton"
"7808","IfcRail","Tiefbaubeton"
"7809","IfcRail","Tiefbaubeton"
"7810","IfcRail","Stahlprofil blank"
"7811","IfcRail","Stahlprofil blank"
"7812","IfcRail","Stahlprofil blank"
"7813","IfcRail","Stahlprofil blank"
"7814","IfcRail","Stahlprofil blank"
"7815","IfcRail","Stahlprofil blank"
"7816","IfcRail","Stahlprofil blank"
"7817","IfcRail","Stahlprofil blank"
"7818","IfcRail","Stahlprofil blank"
"7819","IfcRail","Stahlprofil blank"
"7820","IfcRail","Stahlprofil blank"
"7821","IfcRail","Stahlprofil blank"
"7822","IfcRail","Stahlprofil blank"
"7823","IfcRail","Stahlprofil blank"
"7824","IfcRail","Stahlprofil blank"
"7825","IfcRail","Stahlprofil blank"
"7826","IfcRail","Stahlprofil blank"
"7827","IfcRail","Stahlprofil blank"
"7828","IfcRail","Stahlprofil blank"
"7829","IfcRail","Stahlprofil blank"
"7830","IfcRail","Stahlprofil blank"
"7831","IfcRail","Stahlprofil blank"
"7832","IfcRail","Stahlprofil blank"
"7833","IfcRail","Stahlprofil blank"
"7834","IfcRail","Stahlprofil blank"
"7835","IfcRail","Stahlprofil blank"
"7836","IfcRail","Stahlprofil blank"
"7837","IfcRail","Stahlprofil blank"
"7838","IfcRail","Tiefbaubeton"
"7838","IfcRail","Betonfertigteil normalfest"
"7838","IfcRail","Betonfertigteil hochfest"
"7839","IfcRail","Betonfertigteil normalfest"
"7839","IfcRail","Betonfertigteil hochfest"
"7840","IfcRail","Tiefbaubeton"
"7841","IfcRail","Tiefbaubeton"
"7842","IfcRail","Betonfertigteil normalfest"
"7842","IfcRail","Betonfertigteil hochfest"
"7843","IfcRail","Tiefbaubeton"
"7843","IfcRail","Betonfertigteil normalfest"
"7844","IfcRail","Betonfertigteil normalfest"
"7845","IfcRail","Tiefbaubeton"
"7846","IfcRail","Tiefbaubeton"
"7846","IfcRail","Betonfertigteil normalfest"
"7847","IfcRail","Tiefbaubeton"
"7848","IfcRail","Betonfertigteil normalfest"
"7849","IfcRail","Tiefbaubeton"
"7849","IfcRail","Betonfertigteil normalfest"
"7850","IfcRail","Betonfertigteil normalfest"
"7851","IfcRail","Tiefbaubeton"
"7852","IfcRail","Tiefbaubeton"
"7852","IfcRail","Betonfertigteil hochfest"
"7853","IfcRail","Tiefbaubeton"
"7854","IfcRail","Betonfertigteil hochfest"
"7855","IfcRail","Tiefbaubeton"
"7855","IfcRail","Betonfertigteil hochfest"
"7856","IfcRail","Betonfertigteil hochfest"
"7857","IfcRail","Tiefbaubeton"
"7858","IfcRail","Tiefbaubeton"
"7859","IfcRail","Tiefbaubeton"
"7860","IfcRail","Tiefbaubeton"
"7861","IfcRail","Betonfertigteil normalfest"
"7862","IfcRail","Tiefbaubeton"
"7863","IfcRail","Tiefbaubeton"
"7864","IfcRail","Tiefbaubeton"
"7865","IfcRail","Betonfertigteil hochfest"
"7866","IfcRail","Tiefbaubeton"
"7867","IfcRail","Tiefbaubeton"
"7868","IfcRail","Betonfertigteil normalfest"
"7869","IfcRail","Tiefbaubeton"
"7870","IfcRail","Betonfertigteil normalfest"
"7871","IfcRail","Betonfertigteil hochfest"
"7872","IfcRail","Stahlprofil blank"
"7873","IfcRail","Stahlprofil blank"
"7874","IfcRail","Stahlprofil blank"
"7875","IfcRail","Stahlprofil blank"
"7876","IfcRail","Stahlprofil blank"
"7877","IfcRail","Stahlprofil blank"
"7878","IfcRail","Stahlprofil blank"
"7879","IfcRail","Stahlprofil blank"
"7880","IfcRail","Tiefbaubeton"
"7880","IfcRail","Betonfertigteil normalfest"
"7880","IfcRail","Betonfertigteil hochfest"
"7881","IfcRail","Betonfertigteil normalfest"
"7881","IfcRail","Betonfertigteil hochfest"
"7882","IfcRail","Tiefbaubeton"
"7883","IfcRail","Tiefbaubeton"
"7884","IfcRail","Betonfertigteil normalfest"
"7884","IfcRail","Betonfertigteil hochfest"
"7885","IfcRail","Tiefbaubeton"
"7885","IfcRail","Betonfertigteil normalfest"
"7886","IfcRail","Tiefbaubeton"
"7887","IfcRail","Betonfertigteil normalfest"
"7888","IfcRail","Tiefbaubeton"
"7888","IfcRail","Betonfertigteil normalfest"
"7889","IfcRail","Tiefbaubeton"
"7890","IfcRail","Betonfertigteil normalfest"
"7891","IfcRail","Tiefbaubeton"
"7891","IfcRail","Betonfertigteil normalfest"
"7892","IfcRail","Betonfertigteil normalfest"
"7893","IfcRail","Tiefbaubeton"
"7894","IfcRail","Tiefbaubeton"
"7894","IfcRail","Betonfertigteil hochfest"
"7895","IfcRail","Tiefbaubeton"
"7896","IfcRail","Betonfertigteil hochfest"
"7897","IfcRail","Tiefbaubeton"
"7897","IfcRail","Betonfertigteil hochfest"
"7898","IfcRail","Tiefbaubeton"
"7899","IfcRail","Betonfertigteil hochfest"
"7900","IfcRail","Tiefbaubeton"
"7901","IfcRail","Tiefbaubeton"
"7902","IfcRail","Betonfertigteil hochfest"
"7903","IfcRail","Tiefbaubeton"
"7904","IfcRail","Tiefbaubeton"
"7905","IfcRail","Betonfertigteil normalfest"
"7906","IfcRail","Tiefbaubeton"
"7907","IfcRail","Betonfertigteil hochfest"
"7908","IfcRail","Tiefbaubeton"
"7909","IfcRail","Betonfertigteil normalfest"
"7910","IfcRail","Betonfertigteil normalfest"
"7911","IfcRail","Tiefbaubeton"
"7912","IfcRail","Tiefbaubeton"
"7913","IfcRail","Stahlprofil blank"
"7914","IfcRail","Stahlprofil blank"
"7915","IfcRail","Stahlprofil blank"
"7916","IfcRail","Stahlprofil blank"
"7917","IfcRail","Stahlprofil blank"
"7918","IfcRail","Stahlprofil blank"
"7919","IfcRail","Stahlprofil blank"
"7920","IfcRail","Stahlprofil blank"
"7921","IfcRail","Stahlprofil blank"
"7922","IfcRail","Stahlprofil blank"
"7923","IfcRail","Stahlprofil blank"
"7924","IfcRail","Stahlprofil blank"
"7925","IfcRail","Stahlprofil blank"
"7926","IfcRail","Stahlprofil blank"
"7927","IfcRail","Stahlprofil blank"
"7928","IfcRail","Stahlprofil blank"
"7929","IfcRail","Stahlprofil blank"
"7930","IfcRail","Stahlprofil blank"
"7931","IfcRail","Stahlprofil blank"
"7932","IfcRail","Stahlprofil blank"
"7933","IfcRail","Stahlprofil blank"
"7934","IfcRail","Stahlprofil blank"
"7935","IfcRail","Stahlprofil blank"
"7936","IfcRail","Stahlprofil blank"
"7937","IfcRail","Stahlprofil blank"
"7938","IfcRail","Stahlprofil blank"
"7939","IfcRail","Stahlprofil blank"
"7940","IfcRail","Stahlprofil blank"
"7941","IfcRail","Stahlprofil blank"
"7942","IfcRail","Stahlprofil blank"
"7943","IfcRail","Stahlprofil blank"
"7944","IfcRail","Stahlprofil blank"
"7945","IfcRail","Stahlprofil blank"
"7946","IfcRail","Stahlprofil blank"
"7947","IfcRail","Stahlprofil blank"
"7948","IfcRail","Stahlprofil blank"
"7949","IfcRailing","Stahlblech blank"
"7949","IfcRailing","Stahlprofil blank"
"7950","IfcRailing","Stahlblech blank"
"7950","IfcRailing","Stahlprofil blank"
"7951","IfcRailing","Stahlblech blank"
"7951","IfcRailing","Stahlprofil blank"
"7952","IfcRailing","Aluminiumprofil blank"
"7953","IfcRailing","Tiefbaubeton"
"7953","IfcRailing","Betonfertigteil normalfest"
"7953","IfcRailing","Betonfertigteil hochfest"
"7954","IfcRailing","Betonfertigteil normalfest"
"7954","IfcRailing","Betonfertigteil hochfest"
"7955","IfcRailing","Tiefbaubeton"
"7956","IfcRailing","Tiefbaubeton"
"7957","IfcRailing","Betonfertigteil normalfest"
"7957","IfcRailing","Betonfertigteil hochfest"
"7958","IfcRailing","Tiefbaubeton"
"7958","IfcRailing","Betonfertigteil normalfest"
"7959","IfcRailing","Betonfertigteil normalfest"
"7960","IfcRailing","Tiefbaubeton"
"7961","IfcRailing","Tiefbaubeton"
"7961","IfcRailing","Betonfertigteil normalfest"
"7962","IfcRailing","Tiefbaubeton"
"7963","IfcRailing","Betonfertigteil normalfest"
"7964","IfcRailing","Tiefbaubeton"
"7964","IfcRailing","Betonfertigteil normalfest"
"7965","IfcRailing","Betonfertigteil normalfest"
"7966","IfcRailing","Tiefbaubeton"
"7967","IfcRailing","Tiefbaubeton"
"7967","IfcRailing","Betonfertigteil hochfest"
"7968","IfcRailing","Betonfertigteil hochfest"
"7969","IfcRailing","Tiefbaubeton"
"7970","IfcRailing","Tiefbaubeton"
"7970","IfcRailing","Betonfertigteil hochfest"
"7971","IfcRailing","Tiefbaubeton"
"7972","IfcRailing","Betonfertigteil hochfest"
"7973","IfcRailing","Tiefbaubeton"
"7974","IfcRailing","Betonfertigteil hochfest"
"7975","IfcRailing","Tiefbaubeton"
"7976","IfcRailing","Tiefbaubeton"
"7977","IfcRailing","Betonfertigteil normalfest"
"7978","IfcRailing","Tiefbaubeton"
"7979","IfcRailing","Tiefbaubeton"
"7980","IfcRailing","Betonfertigteil normalfest"
"7981","IfcRailing","Betonfertigteil normalfest"
"7982","IfcRailing","Betonfertigteil hochfest"
"7983","IfcRailing","Tiefbaubeton"
"7984","IfcRailing","Tiefbaubeton"
"7985","IfcRailing","Tiefbaubeton"
"7986","IfcRailing","Tiefbaubeton"
"7987","IfcRailing","Massivholz Buche Eiche kammergetrocknet gehobelt"
"7987","IfcRailing","Massivholz Buche Eiche kammergetrocknet rau"
"7987","IfcRailing","Massivholz Buche Eiche luftgetrocknet rau"
"7988","IfcRailing","Massivholz Buche Eiche kammergetrocknet gehobelt"
"7988","IfcRailing","Massivholz Buche Eiche kammergetrocknet rau"
"7988","IfcRailing","Massivholz Buche Eiche luftgetrocknet rau"
"7989","IfcRailing","Konstruktionsvollholz"
"7989","IfcRailing","Massivholz Fichte Tanne Lärche kammergetrocknet gehobelt"
"7989","IfcRailing","Massivholz Fichte Tanne Lärche luftgetrocknet gehobelt"
"7989","IfcRailing","Massivholz Fichte Tanne Lärche luftgetrocknet rau"
"7990","IfcRailing","Konstruktionsvollholz"
"7990","IfcRailing","Massivholz Buche Eiche kammergetrocknet gehobelt"
"7990","IfcRailing","Massivholz Buche Eiche kammergetrocknet rau"
"7990","IfcRailing","Massivholz Buche Eiche luftgetrocknet rau"
"7990","IfcRailing","Massivholz Fichte Tanne Lärche kammergetrocknet gehobelt"
"7990","IfcRailing","Massivholz Fichte Tanne Lärche luftgetrocknet gehobelt"
"7990","IfcRailing","Massivholz Fichte Tanne Lärche luftgetrocknet rau"
"7991","IfcRailing","Polyethylen PE"
"7991","IfcRailing","Polypropylen PP"
"7991","IfcRailing","Polyvinylchlorid PVC"
"7992","IfcRailing","Konstruktionsvollholz"
"7992","IfcRailing","Massivholz Fichte Tanne Lärche kammergetrocknet gehobelt"
"7992","IfcRailing","Massivholz Fichte Tanne Lärche luftgetrocknet gehobelt"
"7992","IfcRailing","Massivholz Fichte Tanne Lärche luftgetrocknet rau"
"7993","IfcRailing","Stahlblech blank"
"7993","IfcRailing","Stahlprofil blank"
"7994","IfcRailing","Stahlblech blank"
"7994","IfcRailing","Stahlprofil blank"
"7995","IfcRailing","Stahlblech blank"
"7995","IfcRailing","Stahlprofil blank"
"7996","IfcRailing","Stahlblech blank"
"7996","IfcRailing","Stahlprofil blank"
"7997","IfcRailing","Stahlblech blank"
"7997","IfcRailing","Stahlprofil blank"
"7998","IfcRailing","Stahlblech blank"
"7998","IfcRailing","Stahlprofil blank"
"7999","IfcRailing","Stahlblech blank"
"7999","IfcRailing","Stahlprofil blank"
"8000","IfcRailing","Stahlblech blank"
"8000","IfcRailing","Stahlprofil blank"
"8001","IfcRailing","Tiefbaubeton"
"8001","IfcRailing","Betonfertigteil normalfest"
"8001","IfcRailing","Betonfertigteil hochfest"
"8002","IfcRailing","Betonfertigteil normalfest"
"8002","IfcRailing","Betonfertigteil hochfest"
"8003","IfcRailing","Tiefbaubeton"
"8004","IfcRailing","Tiefbaubeton"
"8005","IfcRailing","Betonfertigteil normalfest"
"8005","IfcRailing","Betonfertigteil hochfest"
"8006","IfcRailing","Tiefbaubeton"
"8006","IfcRailing","Betonfertigteil normalfest"
"8007","IfcRailing","Betonfertigteil normalfest"
"8008","IfcRailing","Tiefbaubeton"
"8009","IfcRailing","Tiefbaubeton"
"8009","IfcRailing","Betonfertigteil normalfest"
"8010","IfcRailing","Betonfertigteil normalfest"
"8011","IfcRailing","Tiefbaubeton"
"8012","IfcRailing","Tiefbaubeton"
"8012","IfcRailing","Betonfertigteil normalfest"
"8013","IfcRailing","Tiefbaubeton"
"8014","IfcRailing","Betonfertigteil normalfest"
"8015","IfcRailing","Tiefbaubeton"
"8015","IfcRailing","Betonfertigteil hochfest"
"8016","IfcRailing","Betonfertigteil hochfest"
"8017","IfcRailing","Tiefbaubeton"
"8018","IfcRailing","Tiefbaubeton"
"8018","IfcRailing","Betonfertigteil hochfest"
"8019","IfcRailing","Tiefbaubeton"
"8020","IfcRailing","Betonfertigteil hochfest"
"8021","IfcRailing","Tiefbaubeton"
"8022","IfcRailing","Tiefbaubeton"
"8023","IfcRailing","Betonfertigteil normalfest"
"8024","IfcRailing","Tiefbaubeton"
"8025","IfcRailing","Betonfertigteil hochfest"
"8026","IfcRailing","Tiefbaubeton"
"8027","IfcRailing","Tiefbaubeton"
"8028","IfcRailing","Tiefbaubeton"
"8029","IfcRailing","Tiefbaubeton"
"8030","IfcRailing","Betonfertigteil normalfest"
"8031","IfcRailing","Betonfertigteil normalfest"
"8032","IfcRailing","Betonfertigteil hochfest"
"8033","IfcRailing","Tiefbaubeton"
"8034","IfcRailing","Konstruktionsvollholz"
"8034","IfcRailing","Massivholz Fichte Tanne Lärche kammergetrocknet gehobelt"
"8034","IfcRailing","Massivholz Fichte Tanne Lärche luftgetrocknet gehobelt"
"8034","IfcRailing","Massivholz Fichte Tanne Lärche luftgetrocknet rau"
"8035","IfcRailing","Stahlblech blank"
"8035","IfcRailing","Stahlprofil blank"
"8036","IfcRailing","Stahlblech blank"
"8036","IfcRailing","Stahlprofil blank"
"8037","IfcRailing","Stahlblech blank"
"8037","IfcRailing","Stahlprofil blank"
"8038","IfcRailing","Aluminiumprofil blank"
"8039","IfcRailing","Massivholz Buche Eiche kammergetrocknet gehobelt"
"8039","IfcRailing","Massivholz Buche Eiche kammergetrocknet rau"
"8039","IfcRailing","Massivholz Buche Eiche luftgetrocknet rau"
"8040","IfcRailing","Massivholz Buche Eiche kammergetrocknet gehobelt"
"8040","IfcRailing","Massivholz Buche Eiche kammergetrocknet rau"
"8040","IfcRailing","Massivholz Buche Eiche luftgetrocknet rau"
"8041","IfcRailing","Konstruktionsvollholz"
"8041","IfcRailing","Massivholz Fichte Tanne Lärche kammergetrocknet gehobelt"
"8041","IfcRailing","Massivholz Fichte Tanne Lärche luftgetrocknet gehobelt"
"8041","IfcRailing","Massivholz Fichte Tanne Lärche luftgetrocknet rau"
"8042","IfcRailing","Konstruktionsvollholz"
"8042","IfcRailing","Massivholz Buche Eiche kammergetrocknet gehobelt"
"8042","IfcRailing","Massivholz Buche Eiche kammergetrocknet rau"
"8042","IfcRailing","Massivholz Buche Eiche luftgetrocknet rau"
"8042","IfcRailing","Massivholz Fichte Tanne Lärche kammergetrocknet gehobelt"
"8042","IfcRailing","Massivholz Fichte Tanne Lärche luftgetrocknet gehobelt"
"8042","IfcRailing","Massivholz Fichte Tanne Lärche luftgetrocknet rau"
"8043","IfcRailing","Konstruktionsvollholz"
"8043","IfcRailing","Massivholz Fichte Tanne Lärche kammergetrocknet gehobelt"
"8043","IfcRailing","Massivholz Fichte Tanne Lärche luftgetrocknet gehobelt"
"8043","IfcRailing","Massivholz Fichte Tanne Lärche luftgetrocknet rau"
"8044","IfcRailing","Stahlblech blank"
"8044","IfcRailing","Stahlprofil blank"
"8045","IfcRailing","Stahlblech blank"
"8045","IfcRailing","Stahlprofil blank"
"8046","IfcRailing","Stahlblech blank"
"8046","IfcRailing","Stahlprofil blank"
"8047","IfcRailing","Stahlblech blank"
"8047","IfcRailing","Stahlprofil blank"
"8048","IfcRailing","Stahlblech blank"
"8048","IfcRailing","Stahlprofil blank"
"8049","IfcRailing","Stahlblech blank"
"8049","IfcRailing","Stahlprofil blank"
"8050","IfcRailing","Stahlblech blank"
"8050","IfcRailing","Stahlprofil blank"
"8051","IfcRailing","Stahlblech blank"
"8051","IfcRailing","Stahlprofil blank"
"8052","IfcRailing","Konstruktionsvollholz"
"8052","IfcRailing","Massivholz Fichte Tanne Lärche kammergetrocknet gehobelt"
"8052","IfcRailing","Massivholz Fichte Tanne Lärche luftgetrocknet gehobelt"
"8052","IfcRailing","Massivholz Fichte Tanne Lärche luftgetrocknet rau"
"8053","IfcRailing","Stahlblech blank"
"8053","IfcRailing","Stahlprofil blank"
"8054","IfcRailing","Stahlblech blank"
"8054","IfcRailing","Stahlprofil blank"
"8055","IfcRailing","Stahlblech blank"
"8055","IfcRailing","Stahlprofil blank"
"8056","IfcRailing","Aluminiumprofil blank"
"8057","IfcRailing","Massivholz Buche Eiche kammergetrocknet gehobelt"
"8057","IfcRailing","Massivholz Buche Eiche kammergetrocknet rau"
"8057","IfcRailing","Massivholz Buche Eiche luftgetrocknet rau"
"8058","IfcRailing","Massivholz Buche Eiche kammergetrocknet gehobelt"
"8058","IfcRailing","Massivholz Buche Eiche kammergetrocknet rau"
"8058","IfcRailing","Massivholz Buche Eiche luftgetrocknet rau"
"8059","IfcRailing","Konstruktionsvollholz"
"8059","IfcRailing","Massivholz Fichte Tanne Lärche kammergetrocknet gehobelt"
"8059","IfcRailing","Massivholz Fichte Tanne Lärche luftgetrocknet gehobelt"
"8059","IfcRailing","Massivholz Fichte Tanne Lärche luftgetrocknet rau"
"8060","IfcRailing","Konstruktionsvollholz"
"8060","IfcRailing","Massivholz Buche Eiche kammergetrocknet gehobelt"
"8060","IfcRailing","Massivholz Buche Eiche kammergetrocknet rau"
"8060","IfcRailing","Massivholz Buche Eiche luftgetrocknet rau"
"8060","IfcRailing","Massivholz Fichte Tanne Lärche kammergetrocknet gehobelt"
"8060","IfcRailing","Massivholz Fichte Tanne Lärche luftgetrocknet gehobelt"
"8060","IfcRailing","Massivholz Fichte Tanne Lärche luftgetrocknet rau"
"8061","IfcRailing","Polyethylen PE"
"8061","IfcRailing","Polypropylen PP"
"8061","IfcRailing","Polyvinylchlorid PVC"
"8062","IfcRailing","Konstruktionsvollholz"
"8062","IfcRailing","Massivholz Fichte Tanne Lärche kammergetrocknet gehobelt"
"8062","IfcRailing","Massivholz Fichte Tanne Lärche luftgetrocknet gehobelt"
"8062","IfcRailing","Massivholz Fichte Tanne Lärche luftgetrocknet rau"
"8063","IfcRailing","Stahlblech blank"
"8063","IfcRailing","Stahlprofil blank"
"8064","IfcRailing","Stahlblech blank"
"8064","IfcRailing","Stahlprofil blank"
"8065","IfcRailing","Stahlblech blank"
"8065","IfcRailing","Stahlprofil blank"
"8066","IfcRailing","Stahlblech blank"
"8066","IfcRailing","Stahlprofil blank"
"8067","IfcRailing","Stahlblech blank"
"8067","IfcRailing","Stahlprofil blank"
"8068","IfcRailing","Stahlblech blank"
"8068","IfcRailing","Stahlprofil blank"
"8069","IfcRailing","Stahlblech blank"
"8069","IfcRailing","Stahlprofil blank"
"8070","IfcRailing","Stahlblech blank"
"8070","IfcRailing","Stahlprofil blank"
"8071","IfcRailing","Konstruktionsvollholz"
"8071","IfcRailing","Massivholz Fichte Tanne Lärche kammergetrocknet gehobelt"
"8071","IfcRailing","Massivholz Fichte Tanne Lärche luftgetrocknet gehobelt"
"8071","IfcRailing","Massivholz Fichte Tanne Lärche luftgetrocknet rau"
"8072","IfcRailing","Stahlblech blank"
"8072","IfcRailing","Stahlprofil blank"
"8073","IfcRailing","Stahlblech blank"
"8073","IfcRailing","Stahlprofil blank"
"8074","IfcRailing","Stahlblech blank"
"8074","IfcRailing","Stahlprofil blank"
"8075","IfcRailing","Aluminiumprofil blank"
"8076","IfcRailing","Tiefbaubeton"
"8076","IfcRailing","Betonfertigteil normalfest"
"8076","IfcRailing","Betonfertigteil hochfest"
"8077","IfcRailing","Betonfertigteil normalfest"
"8077","IfcRailing","Betonfertigteil hochfest"
"8078","IfcRailing","Tiefbaubeton"
"8079","IfcRailing","Tiefbaubeton"
"8080","IfcRailing","Betonfertigteil normalfest"
"8080","IfcRailing","Betonfertigteil hochfest"
"8081","IfcRailing","Tiefbaubeton"
"8081","IfcRailing","Betonfertigteil normalfest"
"8082","IfcRailing","Tiefbaubeton"
"8083","IfcRailing","Betonfertigteil normalfest"
"8084","IfcRailing","Tiefbaubeton"
"8084","IfcRailing","Betonfertigteil normalfest"
"8085","IfcRailing","Betonfertigteil normalfest"
"8086","IfcRailing","Tiefbaubeton"
"8087","IfcRailing","Tiefbaubeton"
"8087","IfcRailing","Betonfertigteil normalfest"
"8088","IfcRailing","Betonfertigteil normalfest"
"8089","IfcRailing","Tiefbaubeton"
"8090","IfcRailing","Tiefbaubeton"
"8090","IfcRailing","Betonfertigteil hochfest"
"8091","IfcRailing","Tiefbaubeton"
"8092","IfcRailing","Betonfertigteil hochfest"
"8093","IfcRailing","Tiefbaubeton"
"8093","IfcRailing","Betonfertigteil hochfest"
"8094","IfcRailing","Tiefbaubeton"
"8095","IfcRailing","Betonfertigteil hochfest"
"8096","IfcRailing","Tiefbaubeton"
"8097","IfcRailing","Betonfertigteil normalfest"
"8098","IfcRailing","Betonfertigteil hochfest"
"8099","IfcRailing","Tiefbaubeton"
"8100","IfcRailing","Betonfertigteil normalfest"
"8101","IfcRailing","Tiefbaubeton"
"8102","IfcRailing","Tiefbaubeton"
"8103","IfcRailing","Tiefbaubeton"
"8104","IfcRailing","Tiefbaubeton"
"8105","IfcRailing","Tiefbaubeton"
"8106","IfcRailing","Tiefbaubeton"
"8107","IfcRailing","Betonfertigteil normalfest"
"8108","IfcRailing","Tiefbaubeton"
"8109","IfcRailing","Betonfertigteil hochfest"
"8110","IfcRailing","Massivholz Buche Eiche kammergetrocknet gehobelt"
"8110","IfcRailing","Massivholz Buche Eiche kammergetrocknet rau"
"8110","IfcRailing","Massivholz Buche Eiche luftgetrocknet rau"
"8111","IfcRailing","Massivholz Buche Eiche kammergetrocknet gehobelt"
"8111","IfcRailing","Massivholz Buche Eiche kammergetrocknet rau"
"8111","IfcRailing","Massivholz Buche Eiche luftgetrocknet rau"
"8112","IfcRailing","Konstruktionsvollholz"
"8112","IfcRailing","Massivholz Fichte Tanne Lärche kammergetrocknet gehobelt"
"8112","IfcRailing","Massivholz Fichte Tanne Lärche luftgetrocknet gehobelt"
"8112","IfcRailing","Massivholz Fichte Tanne Lärche luftgetrocknet rau"
"8113","IfcRailing","Konstruktionsvollholz"
"8113","IfcRailing","Massivholz Buche Eiche kammergetrocknet gehobelt"
"8113","IfcRailing","Massivholz Buche Eiche kammergetrocknet rau"
"8113","IfcRailing","Massivholz Buche Eiche luftgetrocknet rau"
"8113","IfcRailing","Massivholz Fichte Tanne Lärche kammergetrocknet gehobelt"
"8113","IfcRailing","Massivholz Fichte Tanne Lärche luftgetrocknet gehobelt"
"8113","IfcRailing","Massivholz Fichte Tanne Lärche luftgetrocknet rau"
"8114","IfcRailing","Konstruktionsvollholz"
"8114","IfcRailing","Massivholz Fichte Tanne Lärche kammergetrocknet gehobelt"
"8114","IfcRailing","Massivholz Fichte Tanne Lärche luftgetrocknet gehobelt"
"8114","IfcRailing","Massivholz Fichte Tanne Lärche luftgetrocknet rau"
"8115","IfcRailing","Stahlblech blank"
"8115","IfcRailing","Stahlprofil blank"
"8116","IfcRailing","Stahlblech blank"
"8116","IfcRailing","Stahlprofil blank"
"8117","IfcRailing","Stahlblech blank"
"8117","IfcRailing","Stahlprofil blank"
"8118","IfcRailing","Stahlblech blank"
"8118","IfcRailing","Stahlprofil blank"
"8119","IfcRailing","Stahlblech blank"
"8119","IfcRailing","Stahlprofil blank"
"8120","IfcRailing","Stahlblech blank"
"8120","IfcRailing","Stahlprofil blank"
"8121","IfcRailing","Stahlblech blank"
"8121","IfcRailing","Stahlprofil blank"
"8122","IfcRailing","Stahlblech blank"
"8122","IfcRailing","Stahlprofil blank"
"8123","IfcRailing","Tiefbaubeton"
"8123","IfcRailing","Betonfertigteil normalfest"
"8123","IfcRailing","Betonfertigteil hochfest"
"8124","IfcRailing","Betonfertigteil normalfest"
"8124","IfcRailing","Betonfertigteil hochfest"
"8125","IfcRailing","Tiefbaubeton"
"8126","IfcRailing","Tiefbaubeton"
"8127","IfcRailing","Betonfertigteil normalfest"
"8127","IfcRailing","Betonfertigteil hochfest"
"8128","IfcRailing","Tiefbaubeton"
"8128","IfcRailing","Betonfertigteil normalfest"
"8129","IfcRailing","Betonfertigteil normalfest"
"8130","IfcRailing","Tiefbaubeton"
"8131","IfcRailing","Tiefbaubeton"
"8131","IfcRailing","Betonfertigteil normalfest"
"8132","IfcRailing","Betonfertigteil normalfest"
"8133","IfcRailing","Tiefbaubeton"
"8134","IfcRailing","Tiefbaubeton"
"8134","IfcRailing","Betonfertigteil normalfest"
"8135","IfcRailing","Betonfertigteil normalfest"
"8136","IfcRailing","Tiefbaubeton"
"8137","IfcRailing","Tiefbaubeton"
"8137","IfcRailing","Betonfertigteil hochfest"
"8138","IfcRailing","Tiefbaubeton"
"8139","IfcRailing","Betonfertigteil hochfest"
"8140","IfcRailing","Tiefbaubeton"
"8140","IfcRailing","Betonfertigteil hochfest"
"8141","IfcRailing","Tiefbaubeton"
"8142","IfcRailing","Betonfertigteil hochfest"
"8143","IfcRailing","Tiefbaubeton"
"8144","IfcRailing","Tiefbaubeton"
"8145","IfcRailing","Tiefbaubeton"
"8146","IfcRailing","Tiefbaubeton"
"8147","IfcRailing","Tiefbaubeton"
"8148","IfcRailing","Betonfertigteil normalfest"
"8149","IfcRailing","Betonfertigteil normalfest"
"8150","IfcRailing","Tiefbaubeton"
"8151","IfcRailing","Betonfertigteil hochfest"
"8152","IfcRailing","Tiefbaubeton"
"8153","IfcRailing","Tiefbaubeton"
"8154","IfcRailing","Betonfertigteil hochfest"
"8155","IfcRailing","Tiefbaubeton"
"8156","IfcRailing","Betonfertigteil normalfest"
"8157","IfcRailing","Konstruktionsvollholz"
"8157","IfcRailing","Massivholz Fichte Tanne Lärche kammergetrocknet gehobelt"
"8157","IfcRailing","Massivholz Fichte Tanne Lärche luftgetrocknet gehobelt"
"8157","IfcRailing","Massivholz Fichte Tanne Lärche luftgetrocknet rau"
"8158","IfcRailing","Stahlblech blank"
"8158","IfcRailing","Stahlprofil blank"
"8159","IfcRailing","Stahlblech blank"
"8159","IfcRailing","Stahlprofil blank"
"8160","IfcRailing","Stahlblech blank"
"8160","IfcRailing","Stahlprofil blank"
"8161","IfcRailing","Aluminiumprofil blank"
"8162","IfcRailing","Massivholz Buche Eiche kammergetrocknet gehobelt"
"8162","IfcRailing","Massivholz Buche Eiche kammergetrocknet rau"
"8162","IfcRailing","Massivholz Buche Eiche luftgetrocknet rau"
"8163","IfcRailing","Massivholz Buche Eiche kammergetrocknet gehobelt"
"8163","IfcRailing","Massivholz Buche Eiche kammergetrocknet rau"
"8163","IfcRailing","Massivholz Buche Eiche luftgetrocknet rau"
"8164","IfcRailing","Konstruktionsvollholz"
"8164","IfcRailing","Massivholz Fichte Tanne Lärche kammergetrocknet gehobelt"
"8164","IfcRailing","Massivholz Fichte Tanne Lärche luftgetrocknet gehobelt"
"8164","IfcRailing","Massivholz Fichte Tanne Lärche luftgetrocknet rau"
"8165","IfcRailing","Konstruktionsvollholz"
"8165","IfcRailing","Massivholz Buche Eiche kammergetrocknet gehobelt"
"8165","IfcRailing","Massivholz Buche Eiche kammergetrocknet rau"
"8165","IfcRailing","Massivholz Buche Eiche luftgetrocknet rau"
"8165","IfcRailing","Massivholz Fichte Tanne Lärche kammergetrocknet gehobelt"
"8165","IfcRailing","Massivholz Fichte Tanne Lärche luftgetrocknet gehobelt"
"8165","IfcRailing","Massivholz Fichte Tanne Lärche luftgetrocknet rau"
"8166","IfcRailing","Konstruktionsvollholz"
"8166","IfcRailing","Massivholz Fichte Tanne Lärche kammergetrocknet gehobelt"
"8166","IfcRailing","Massivholz Fichte Tanne Lärche luftgetrocknet gehobelt"
"8166","IfcRailing","Massivholz Fichte Tanne Lärche luftgetrocknet rau"
"8167","IfcRailing","Stahlblech blank"
"8167","IfcRailing","Stahlprofil blank"
"8168","IfcRailing","Stahlblech blank"
"8168","IfcRailing","Stahlprofil blank"
"8169","IfcRailing","Stahlblech blank"
"8169","IfcRailing","Stahlprofil blank"
"8170","IfcRailing","Stahlblech blank"
"8170","IfcRailing","Stahlprofil blank"
"8171","IfcRailing","Stahlblech blank"
"8171","IfcRailing","Stahlprofil blank"
"8172","IfcRailing","Stahlblech blank"
"8172","IfcRailing","Stahlprofil blank"
"8173","IfcRailing","Stahlblech blank"
"8173","IfcRailing","Stahlprofil blank"
"8174","IfcRailing","Stahlblech blank"
"8174","IfcRailing","Stahlprofil blank"
"8175","IfcRailing","Konstruktionsvollholz"
"8175","IfcRailing","Massivholz Fichte Tanne Lärche kammergetrocknet gehobelt"
"8175","IfcRailing","Massivholz Fichte Tanne Lärche luftgetrocknet gehobelt"
"8175","IfcRailing","Massivholz Fichte Tanne Lärche luftgetrocknet rau"
"8176","IfcReinforcingBar","Armierungsstahl"
"8177","IfcReinforcingBar","Armierungsstahl"
"8178","IfcReinforcingBar","Armierungsstahl"
"8179","IfcReinforcingBar","Armierungsstahl"
"8180","IfcReinforcingBar","Armierungsstahl"
"8181","IfcReinforcingBar","Armierungsstahl"
"8182","IfcReinforcingBar","Armierungsstahl"
"8183","IfcReinforcingBar","Armierungsstahl"
"8184","IfcReinforcingBar","Armierungsstahl"
"8185","IfcReinforcingBar","Armierungsstahl"
"8186","IfcReinforcingBar","Armierungsstahl"
"8187","IfcReinforcingBar","Armierungsstahl"
"8188","IfcReinforcingBar","Armierungsstahl"
"8189","IfcReinforcingBar","Armierungsstahl"
"8190","IfcReinforcingBar","Armierungsstahl"
"8191","IfcReinforcingBar","Armierungsstahl"
"8192","IfcReinforcingBar","Armierungsstahl"
"8193","IfcReinforcingBar","Armierungsstahl"
"8194","IfcReinforcingBar","Armierungsstahl"
"8195","IfcReinforcingBar","Armierungsstahl"
"8196","IfcReinforcingBar","Armierungsstahl"
"8197","IfcReinforcingBar","Armierungsstahl"
"8198","IfcReinforcingBar","Armierungsstahl"
"8199","IfcReinforcingBar","Armierungsstahl"
"8200","IfcReinforcingBar","Armierungsstahl"
"8201","IfcReinforcingBar","Armierungsstahl"
"8202","IfcReinforcingBar","Armierungsstahl"
"8203","IfcReinforcingBar","Armierungsstahl"
"8204","IfcReinforcingBar","Armierungsstahl"
"8205","IfcReinforcingBar","Armierungsstahl"
"8206","IfcReinforcingBar","Armierungsstahl"
"8207","IfcReinforcingBar","Armierungsstahl"
"8208","IfcReinforcingBar","Armierungsstahl"
"8209","IfcReinforcingBar","Armierungsstahl"
"8210","IfcReinforcingBar","Armierungsstahl"
"8211","IfcReinforcingBar","Armierungsstahl"
"8212","IfcReinforcingBar","Armierungsstahl"
"8213","IfcReinforcingBar","Armierungsstahl"
"8214","IfcReinforcingBar","Armierungsstahl"
"8215","IfcReinforcingBar","Armierungsstahl"
"8216","IfcReinforcingMesh","Armierungsstahl"
"8217","IfcReinforcingMesh","Armierungsstahl"
"8218","IfcReinforcingMesh","Armierungsstahl"
"8219","IfcReinforcingMesh","Armierungsstahl"
"8220","IfcSlab","Gussasphalt"
"8221","IfcSlab","Tiefbaubeton"
"8221","IfcSlab","Betonfertigteil normalfest"
"8221","IfcSlab","Betonfertigteil hochfest"
"8222","IfcSlab","Betonfertigteil normalfest"
"8222","IfcSlab","Betonfertigteil hochfest"
"8223","IfcSlab","Tiefbaubeton"
"8224","IfcSlab","Tiefbaubeton"
"8225","IfcSlab","Betonfertigteil normalfest"
"8225","IfcSlab","Betonfertigteil hochfest"
"8226","IfcSlab","Magerbeton"
"8227","IfcSlab","Magerbeton"
"8228","IfcSlab","Magerbeton"
"8229","IfcSlab","Magerbeton"
"8230","IfcSlab","Tiefbaubeton"
"8230","IfcSlab","Betonfertigteil normalfest"
"8231","IfcSlab","Tiefbaubeton"
"8232","IfcSlab","Betonfertigteil normalfest"
"8233","IfcSlab","Tiefbaubeton"
"8233","IfcSlab","Betonfertigteil normalfest"
"8234","IfcSlab","Betonfertigteil normalfest"
"8235","IfcSlab","Tiefbaubeton"
"8236","IfcSlab","Tiefbaubeton"
"8236","IfcSlab","Betonfertigteil normalfest"
"8237","IfcSlab","Betonfertigteil normalfest"
"8238","IfcSlab","Tiefbaubeton"
"8239","IfcSlab","Tiefbaubeton"
"8239","IfcSlab","Betonfertigteil hochfest"
"8240","IfcSlab","Betonfertigteil hochfest"
"8241","IfcSlab","Tiefbaubeton"
"8242","IfcSlab","Tiefbaubeton"
"8242","IfcSlab","Betonfertigteil hochfest"
"8243","IfcSlab","Betonfertigteil hochfest"
"8244","IfcSlab","Tiefbaubeton"
"8245","IfcSlab","Tiefbaubeton"
"8246","IfcSlab","Betonfertigteil normalfest"
"8247","IfcSlab","Betonfertigteil normalfest"
"8248","IfcSlab","Betonfertigteil hochfest"
"8249","IfcSlab","Tiefbaubeton"
"8250","IfcSlab","Tiefbaubeton"
"8251","IfcSlab","Betonfertigteil normalfest"
"8252","IfcSlab","Tiefbaubeton"
"8253","IfcSlab","Tiefbaubeton"
"8254","IfcSlab","Tiefbaubeton"
"8255","IfcSlab","Tiefbaubeton"
"8256","IfcSlab","Tiefbaubeton"
"8257","IfcSlab","Betonfertigteil hochfest"
"8258","IfcSlab","Dichtungsbahn bituminös"
"8259","IfcSlab","Massivholz Buche Eiche kammergetrocknet gehobelt"
"8259","IfcSlab","Massivholz Buche Eiche kammergetrocknet rau"
"8259","IfcSlab","Massivholz Buche Eiche luftgetrocknet rau"
"8260","IfcSlab","Massivholz Buche Eiche kammergetrocknet gehobelt"
"8260","IfcSlab","Massivholz Buche Eiche kammergetrocknet rau"
"8260","IfcSlab","Massivholz Buche Eiche luftgetrocknet rau"
"8261","IfcSlab","Konstruktionsvollholz"
"8261","IfcSlab","Massivholz Fichte Tanne Lärche kammergetrocknet gehobelt"
"8261","IfcSlab","Massivholz Fichte Tanne Lärche luftgetrocknet gehobelt"
"8261","IfcSlab","Massivholz Fichte Tanne Lärche luftgetrocknet rau"
"8262","IfcSlab","Balkenschichtholz"
"8262","IfcSlab","Brettschichtholz"
"8262","IfcSlab","Brettsperrholz"
"8262","IfcSlab","Konstruktionsvollholz"
"8263","IfcSlab","Konstruktionsvollholz"
"8263","IfcSlab","Massivholz Fichte Tanne Lärche kammergetrocknet gehobelt"
"8263","IfcSlab","Massivholz Fichte Tanne Lärche luftgetrocknet gehobelt"
"8263","IfcSlab","Massivholz Fichte Tanne Lärche luftgetrocknet rau"
"8264","IfcSlab","Magerbeton"
"8265","IfcSlab","Magerbeton"
"8266","IfcSlab","Magerbeton"
"8267","IfcSlab","Tiefbaubeton"
"8267","IfcSlab","Betonfertigteil normalfest"
"8267","IfcSlab","Betonfertigteil hochfest"
"8268","IfcSlab","Betonfertigteil normalfest"
"8268","IfcSlab","Betonfertigteil hochfest"
"8269","IfcSlab","Tiefbaubeton"
"8270","IfcSlab","Tiefbaubeton"
"8271","IfcSlab","Betonfertigteil normalfest"
"8271","IfcSlab","Betonfertigteil hochfest"
"8272","IfcSlab","Tiefbaubeton"
"8272","IfcSlab","Betonfertigteil normalfest"
"8273","IfcSlab","Betonfertigteil normalfest"
"8274","IfcSlab","Tiefbaubeton"
"8275","IfcSlab","Tiefbaubeton"
"8275","IfcSlab","Betonfertigteil normalfest"
"8276","IfcSlab","Betonfertigteil normalfest"
"8277","IfcSlab","Tiefbaubeton"
"8278","IfcSlab","Tiefbaubeton"
"8278","IfcSlab","Betonfertigteil normalfest"
"8279","IfcSlab","Tiefbaubeton"
"8280","IfcSlab","Betonfertigteil normalfest"
"8281","IfcSlab","Tiefbaubeton"
"8281","IfcSlab","Betonfertigteil hochfest"
"8282","IfcSlab","Betonfertigteil hochfest"
"8283","IfcSlab","Tiefbaubeton"
"8284","IfcSlab","Tiefbaubeton"
"8284","IfcSlab","Betonfertigteil hochfest"
"8285","IfcSlab","Tiefbaubeton"
"8286","IfcSlab","Betonfertigteil hochfest"
"8287","IfcSlab","Tiefbaubeton"
"8288","IfcSlab","Betonfertigteil normalfest"
"8289","IfcSlab","Tiefbaubeton"
"8290","IfcSlab","Tiefbaubeton"
"8291","IfcSlab","Betonfertigteil hochfest"
"8292","IfcSlab","Tiefbaubeton"
"8293","IfcSlab","Tiefbaubeton"
"8294","IfcSlab","Tiefbaubeton"
"8295","IfcSlab","Tiefbaubeton"
"8296","IfcSlab","Tiefbaubeton"
"8297","IfcSlab","Betonfertigteil normalfest"
"8298","IfcSlab","Betonfertigteil hochfest"
"8299","IfcSlab","Tiefbaubeton"
"8300","IfcSlab","Betonfertigteil normalfest"
"8301","IfcSlab","Konstruktionsvollholz"
"8301","IfcSlab","Massivholz Fichte Tanne Lärche kammergetrocknet gehobelt"
"8301","IfcSlab","Massivholz Fichte Tanne Lärche luftgetrocknet gehobelt"
"8301","IfcSlab","Massivholz Fichte Tanne Lärche luftgetrocknet rau"
"8302","IfcSlab","Tiefbaubeton"
"8302","IfcSlab","Betonfertigteil normalfest"
"8302","IfcSlab","Betonfertigteil hochfest"
"8303","IfcSlab","Betonfertigteil normalfest"
"8303","IfcSlab","Betonfertigteil hochfest"
"8304","IfcSlab","Tiefbaubeton"
"8305","IfcSlab","Tiefbaubeton"
"8306","IfcSlab","Betonfertigteil normalfest"
"8306","IfcSlab","Betonfertigteil hochfest"
"8307","IfcSlab","Magerbeton"
"8308","IfcSlab","Magerbeton"
"8309","IfcSlab","Magerbeton"
"8310","IfcSlab","Magerbeton"
"8311","IfcSlab","Tiefbaubeton"
"8311","IfcSlab","Betonfertigteil normalfest"
"8312","IfcSlab","Betonfertigteil normalfest"
"8313","IfcSlab","Tiefbaubeton"
"8314","IfcSlab","Tiefbaubeton"
"8314","IfcSlab","Betonfertigteil normalfest"
"8315","IfcSlab","Tiefbaubeton"
"8316","IfcSlab","Betonfertigteil normalfest"
"8317","IfcSlab","Tiefbaubeton"
"8317","IfcSlab","Betonfertigteil normalfest"
"8318","IfcSlab","Betonfertigteil normalfest"
"8319","IfcSlab","Tiefbaubeton"
"8320","IfcSlab","Tiefbaubeton"
"8320","IfcSlab","Betonfertigteil hochfest"
"8321","IfcSlab","Tiefbaubeton"
"8322","IfcSlab","Betonfertigteil hochfest"
"8323","IfcSlab","Tiefbaubeton"
"8323","IfcSlab","Betonfertigteil hochfest"
"8324","IfcSlab","Betonfertigteil hochfest"
"8325","IfcSlab","Tiefbaubeton"
"8326","IfcSlab","Tiefbaubeton"
"8327","IfcSlab","Tiefbaubeton"
"8328","IfcSlab","Betonfertigteil normalfest"
"8329","IfcSlab","Tiefbaubeton"
"8330","IfcSlab","Tiefbaubeton"
"8331","IfcSlab","Betonfertigteil hochfest"
"8332","IfcSlab","Tiefbaubeton"
"8333","IfcSlab","Tiefbaubeton"
"8334","IfcSlab","Tiefbaubeton"
"8335","IfcSlab","Betonfertigteil hochfest"
"8336","IfcSlab","Tiefbaubeton"
"8337","IfcSlab","Betonfertigteil normalfest"
"8338","IfcSlab","Betonfertigteil normalfest"
"8339","IfcSlab","Tiefbaubeton"
"8340","IfcSlab","Tiefbaubeton"
"8340","IfcSlab","Betonfertigteil normalfest"
"8340","IfcSlab","Betonfertigteil hochfest"
"8341","IfcSlab","Betonfertigteil normalfest"
"8341","IfcSlab","Betonfertigteil hochfest"
"8342","IfcSlab","Tiefbaubeton"
"8343","IfcSlab","Tiefbaubeton"
"8344","IfcSlab","Betonfertigteil normalfest"
"8344","IfcSlab","Betonfertigteil hochfest"
"8345","IfcSlab","Tiefbaubeton"
"8345","IfcSlab","Betonfertigteil normalfest"
"8346","IfcSlab","Tiefbaubeton"
"8347","IfcSlab","Betonfertigteil normalfest"
"8348","IfcSlab","Tiefbaubeton"
"8348","IfcSlab","Betonfertigteil normalfest"
"8349","IfcSlab","Betonfertigteil normalfest"
"8350","IfcSlab","Tiefbaubeton"
"8351","IfcSlab","Tiefbaubeton"
"8351","IfcSlab","Betonfertigteil normalfest"
"8352","IfcSlab","Betonfertigteil normalfest"
"8353","IfcSlab","Tiefbaubeton"
"8354","IfcSlab","Tiefbaubeton"
"8354","IfcSlab","Betonfertigteil hochfest"
"8355","IfcSlab","Betonfertigteil hochfest"
"8356","IfcSlab","Tiefbaubeton"
"8357","IfcSlab","Tiefbaubeton"
"8357","IfcSlab","Betonfertigteil hochfest"
"8358","IfcSlab","Betonfertigteil hochfest"
"8359","IfcSlab","Tiefbaubeton"
"8360","IfcSlab","Tiefbaubeton"
"8361","IfcSlab","Betonfertigteil normalfest"
"8362","IfcSlab","Tiefbaubeton"
"8363","IfcSlab","Betonfertigteil hochfest"
"8364","IfcSlab","Tiefbaubeton"
"8365","IfcSlab","Tiefbaubeton"
"8366","IfcSlab","Betonfertigteil normalfest"
"8367","IfcSlab","Betonfertigteil hochfest"
"8368","IfcSlab","Tiefbaubeton"
"8369","IfcSlab","Betonfertigteil normalfest"
"8370","IfcSlab","Tiefbaubeton"
"8371","IfcSlab","Tiefbaubeton"
"8372","IfcSlab","Tiefbaubeton"
"8373","IfcSlab","Tiefbaubeton"
"8374","IfcSlab","Tiefbaubeton"
"8374","IfcSlab","Betonfertigteil normalfest"
"8374","IfcSlab","Betonfertigteil hochfest"
"8375","IfcSlab","Betonfertigteil normalfest"
"8375","IfcSlab","Betonfertigteil hochfest"
"8376","IfcSlab","Tiefbaubeton"
"8376","IfcSlab","Magerbeton"
"8377","IfcSlab","Tiefbaubeton"
"8377","IfcSlab","Magerbeton"
"8378","IfcSlab","Betonfertigteil normalfest"
"8378","IfcSlab","Betonfertigteil hochfest"
"8379","IfcSlab","Magerbeton"
"8380","IfcSlab","Magerbeton"
"8381","IfcSlab","Magerbeton"
"8382","IfcSlab","Magerbeton"
"8383","IfcSlab","Tiefbaubeton"
"8383","IfcSlab","Betonfertigteil normalfest"
"8384","IfcSlab","Tiefbaubeton"
"8385","IfcSlab","Betonfertigteil normalfest"
"8386","IfcSlab","Tiefbaubeton"
"8386","IfcSlab","Betonfertigteil normalfest"
"8387","IfcSlab","Betonfertigteil normalfest"
"8388","IfcSlab","Tiefbaubeton"
"8389","IfcSlab","Tiefbaubeton"
"8389","IfcSlab","Betonfertigteil normalfest"
"8390","IfcSlab","Betonfertigteil normalfest"
"8391","IfcSlab","Tiefbaubeton"
"8392","IfcSlab","Tiefbaubeton"
"8392","IfcSlab","Betonfertigteil hochfest"
"8393","IfcSlab","Betonfertigteil hochfest"
"8394","IfcSlab","Tiefbaubeton"
"8395","IfcSlab","Tiefbaubeton"
"8395","IfcSlab","Betonfertigteil hochfest"
"8396","IfcSlab","Betonfertigteil hochfest"
"8397","IfcSlab","Tiefbaubeton"
"8398","IfcSlab","Tiefbaubeton"
"8399","IfcSlab","Tiefbaubeton"
"8400","IfcSlab","Tiefbaubeton"
"8401","IfcSlab","Tiefbaubeton"
"8402","IfcSlab","Tiefbaubeton"
"8403","IfcSlab","Betonfertigteil hochfest"
"8404","IfcSlab","Tiefbaubeton"
"8405","IfcSlab","Betonfertigteil normalfest"
"8406","IfcSlab","Tiefbaubeton"
"8407","IfcSlab","Tiefbaubeton"
"8408","IfcSlab","Betonfertigteil normalfest"
"8409","IfcSlab","Betonfertigteil normalfest"
"8410","IfcSlab","Betonfertigteil hochfest"
"8411","IfcSlab","Tiefbaubeton"
"8412","IfcSlab","Magerbeton"
"8413","IfcSlab","Magerbeton"
"8414","IfcSlab","Magerbeton"
"8415","IfcSlab","Tiefbaubeton"
"8415","IfcSlab","Betonfertigteil normalfest"
"8415","IfcSlab","Betonfertigteil hochfest"
"8416","IfcSlab","Betonfertigteil normalfest"
"8416","IfcSlab","Betonfertigteil hochfest"
"8417","IfcSlab","Tiefbaubeton"
"8418","IfcSlab","Tiefbaubeton"
"8419","IfcSlab","Betonfertigteil normalfest"
"8419","IfcSlab","Betonfertigteil hochfest"
"8420","IfcSlab","Tiefbaubeton"
"8420","IfcSlab","Betonfertigteil normalfest"
"8421","IfcSlab","Betonfertigteil normalfest"
"8422","IfcSlab","Tiefbaubeton"
"8423","IfcSlab","Tiefbaubeton"
"8423","IfcSlab","Betonfertigteil normalfest"
"8424","IfcSlab","Tiefbaubeton"
"8425","IfcSlab","Betonfertigteil normalfest"
"8426","IfcSlab","Tiefbaubeton"
"8426","IfcSlab","Betonfertigteil normalfest"
"8427","IfcSlab","Tiefbaubeton"
"8428","IfcSlab","Betonfertigteil normalfest"
"8429","IfcSlab","Tiefbaubeton"
"8429","IfcSlab","Betonfertigteil hochfest"
"8430","IfcSlab","Tiefbaubeton"
"8431","IfcSlab","Betonfertigteil hochfest"
"8432","IfcSlab","Tiefbaubeton"
"8432","IfcSlab","Betonfertigteil hochfest"
"8433","IfcSlab","Betonfertigteil hochfest"
"8434","IfcSlab","Tiefbaubeton"
"8435","IfcSlab","Tiefbaubeton"
"8436","IfcSlab","Betonfertigteil normalfest"
"8437","IfcSlab","Tiefbaubeton"
"8438","IfcSlab","Betonfertigteil hochfest"
"8439","IfcSlab","Betonfertigteil hochfest"
"8440","IfcSlab","Tiefbaubeton"
"8441","IfcSlab","Tiefbaubeton"
"8442","IfcSlab","Betonfertigteil normalfest"
"8443","IfcSlab","Tiefbaubeton"
"8444","IfcSlab","Tiefbaubeton"
"8445","IfcSlab","Betonfertigteil normalfest"
"8446","IfcSlab","Tiefbaubeton"
"8447","IfcSlab","Tiefbaubeton"
"8448","IfcSlab","Tiefbaubeton"
"8448","IfcSlab","Betonfertigteil normalfest"
"8448","IfcSlab","Betonfertigteil hochfest"
"8449","IfcSlab","Betonfertigteil normalfest"
"8449","IfcSlab","Betonfertigteil hochfest"
"8450","IfcSlab","Tiefbaubeton"
"8451","IfcSlab","Betonfertigteil normalfest"
"8451","IfcSlab","Betonfertigteil hochfest"
"8452","IfcSlab","Magerbeton"
"8453","IfcSlab","Magerbeton"
"8454","IfcSlab","Magerbeton"
"8455","IfcSlab","Magerbeton"
"8456","IfcSlab","Tiefbaubeton"
"8456","IfcSlab","Betonfertigteil normalfest"
"8457","IfcSlab","Tiefbaubeton"
"8458","IfcSlab","Betonfertigteil normalfest"
"8459","IfcSlab","Tiefbaubeton"
"8459","IfcSlab","Betonfertigteil normalfest"
"8460","IfcSlab","Betonfertigteil normalfest"
"8461","IfcSlab","Tiefbaubeton"
"8462","IfcSlab","Tiefbaubeton"
"8462","IfcSlab","Betonfertigteil normalfest"
"8463","IfcSlab","Tiefbaubeton"
"8464","IfcSlab","Betonfertigteil normalfest"
"8465","IfcSlab","Tiefbaubeton"
"8465","IfcSlab","Betonfertigteil hochfest"
"8466","IfcSlab","Betonfertigteil hochfest"
"8467","IfcSlab","Tiefbaubeton"
"8467","IfcSlab","Hartbeton einschichtig"
"8467","IfcSlab","Hartbeton zweischichtig"
"8467","IfcSlab","2K-Fliessbelag Epoxidharz"
"8468","IfcSlab","Tiefbaubeton"
"8468","IfcSlab","Betonfertigteil hochfest"
"8469","IfcSlab","Tiefbaubeton"
"8469","IfcSlab","Hartbeton einschichtig"
"8469","IfcSlab","Hartbeton zweischichtig"
"8469","IfcSlab","2K-Fliessbelag Epoxidharz"
"8470","IfcSlab","Betonfertigteil hochfest"
"8471","IfcSlab","Tiefbaubeton"
"8472","IfcSlab","Betonfertigteil normalfest"
"8473","IfcSlab","Betonfertigteil normalfest"
"8474","IfcSlab","Betonfertigteil hochfest"
"8475","IfcSlab","Tiefbaubeton"
"8475","IfcSlab","Hartbeton einschichtig"
"8475","IfcSlab","Hartbeton zweischichtig"
"8475","IfcSlab","2K-Fliessbelag Epoxidharz"
"8476","IfcSlab","Tiefbaubeton"
"8477","IfcSlab","Tiefbaubeton"
"8478","IfcSlab","Betonfertigteil normalfest"
"8479","IfcSlab","Betonfertigteil hochfest"
"8480","IfcSlab","Tiefbaubeton"
"8481","IfcSlab","Tiefbaubeton"
"8482","IfcSlab","Tiefbaubeton"
"8483","IfcSlab","Tiefbaubeton"
"8483","IfcSlab","Hartbeton einschichtig"
"8483","IfcSlab","Hartbeton zweischichtig"
"8483","IfcSlab","2K-Fliessbelag Epoxidharz"
"8484","IfcSlab","Massivholz Buche Eiche kammergetrocknet gehobelt"
"8484","IfcSlab","Massivholz Buche Eiche kammergetrocknet rau"
"8484","IfcSlab","Massivholz Buche Eiche luftgetrocknet rau"
"8485","IfcSlab","Massivholz Buche Eiche kammergetrocknet gehobelt"
"8485","IfcSlab","Massivholz Buche Eiche kammergetrocknet rau"
"8485","IfcSlab","Massivholz Buche Eiche luftgetrocknet rau"
"8486","IfcSlab","Konstruktionsvollholz"
"8486","IfcSlab","Massivholz Fichte Tanne Lärche kammergetrocknet gehobelt"
"8486","IfcSlab","Massivholz Fichte Tanne Lärche luftgetrocknet gehobelt"
"8486","IfcSlab","Massivholz Fichte Tanne Lärche luftgetrocknet rau"
"8487","IfcSlab","3- und 5-Schicht Massivholzplatte"
"8487","IfcSlab","Brettsperrholz"
"8487","IfcSlab","Balkenschichtholz"
"8487","IfcSlab","Brettschichtholz"
"8488","IfcSlab","Konstruktionsvollholz"
"8488","IfcSlab","Massivholz Fichte Tanne Lärche kammergetrocknet gehobelt"
"8488","IfcSlab","Massivholz Fichte Tanne Lärche luftgetrocknet gehobelt"
"8488","IfcSlab","Massivholz Fichte Tanne Lärche luftgetrocknet rau"
"8489","IfcSlab","Tiefbaubeton"
"8489","IfcSlab","Betonfertigteil normalfest"
"8489","IfcSlab","Betonfertigteil hochfest"
"8490","IfcSlab","Betonfertigteil normalfest"
"8490","IfcSlab","Betonfertigteil hochfest"
"8491","IfcSlab","Tiefbaubeton"
"8492","IfcSlab","Tiefbaubeton"
"8493","IfcSlab","Betonfertigteil normalfest"
"8493","IfcSlab","Betonfertigteil hochfest"
"8494","IfcSlab","Tiefbaubeton"
"8494","IfcSlab","Betonfertigteil normalfest"
"8495","IfcSlab","Tiefbaubeton"
"8496","IfcSlab","Betonfertigteil normalfest"
"8497","IfcSlab","Tiefbaubeton"
"8497","IfcSlab","Betonfertigteil normalfest"
"8498","IfcSlab","Betonfertigteil normalfest"
"8499","IfcSlab","Tiefbaubeton"
"8500","IfcSlab","Tiefbaubeton"
"8500","IfcSlab","Betonfertigteil normalfest"
"8501","IfcSlab","Tiefbaubeton"
"8502","IfcSlab","Betonfertigteil normalfest"
"8503","IfcSlab","Tiefbaubeton"
"8503","IfcSlab","Betonfertigteil hochfest"
"8504","IfcSlab","Betonfertigteil hochfest"
"8505","IfcSlab","Tiefbaubeton"
"8505","IfcSlab","Hartbeton einschichtig"
"8505","IfcSlab","Hartbeton zweischichtig"
"8505","IfcSlab","2K-Fliessbelag Epoxidharz"
"8506","IfcSlab","Tiefbaubeton"
"8506","IfcSlab","Betonfertigteil hochfest"
"8507","IfcSlab","Betonfertigteil hochfest"
"8508","IfcSlab","Tiefbaubeton"
"8508","IfcSlab","Hartbeton einschichtig"
"8508","IfcSlab","Hartbeton zweischichtig"
"8508","IfcSlab","2K-Fliessbelag Epoxidharz"
"8509","IfcSlab","Tiefbaubeton"
"8510","IfcSlab","Tiefbaubeton"
"8511","IfcSlab","Betonfertigteil normalfest"
"8512","IfcSlab","Tiefbaubeton"
"8513","IfcSlab","Tiefbaubeton"
"8514","IfcSlab","Betonfertigteil hochfest"
"8515","IfcSlab","Tiefbaubeton"
"8515","IfcSlab","Hartbeton einschichtig"
"8515","IfcSlab","Hartbeton zweischichtig"
"8515","IfcSlab","2K-Fliessbelag Epoxidharz"
"8516","IfcSlab","Tiefbaubeton"
"8517","IfcSlab","Betonfertigteil normalfest"
"8518","IfcSlab","Tiefbaubeton"
"8519","IfcSlab","Betonfertigteil normalfest"
"8520","IfcSlab","Tiefbaubeton"
"8521","IfcSlab","Tiefbaubeton"
"8521","IfcSlab","Hartbeton einschichtig"
"8521","IfcSlab","Hartbeton zweischichtig"
"8521","IfcSlab","2K-Fliessbelag Epoxidharz"
"8522","IfcSlab","Betonfertigteil hochfest"
"8523","IfcSlab","Konstruktionsvollholz"
"8523","IfcSlab","Massivholz Fichte Tanne Lärche kammergetrocknet gehobelt"
"8523","IfcSlab","Massivholz Fichte Tanne Lärche luftgetrocknet gehobelt"
"8523","IfcSlab","Massivholz Fichte Tanne Lärche luftgetrocknet rau"
"8524","IfcSlab","Tiefbaubeton"
"8524","IfcSlab","Betonfertigteil normalfest"
"8524","IfcSlab","Betonfertigteil hochfest"
"8525","IfcSlab","Betonfertigteil normalfest"
"8525","IfcSlab","Betonfertigteil hochfest"
"8526","IfcSlab","Tiefbaubeton"
"8527","IfcSlab","Tiefbaubeton"
"8528","IfcSlab","Magerbeton"
"8529","IfcSlab","Magerbeton"
"8530","IfcSlab","Magerbeton"
"8531","IfcSlab","Magerbeton"
"8532","IfcSlab","Tiefbaubeton"
"8532","IfcSlab","Betonfertigteil normalfest"
"8533","IfcSlab","Betonfertigteil normalfest"
"8534","IfcSlab","Tiefbaubeton"
"8535","IfcSlab","Tiefbaubeton"
"8535","IfcSlab","Betonfertigteil normalfest"
"8536","IfcSlab","Betonfertigteil normalfest"
"8537","IfcSlab","Tiefbaubeton"
"8538","IfcSlab","Tiefbaubeton"
"8538","IfcSlab","Betonfertigteil normalfest"
"8539","IfcSlab","Betonfertigteil normalfest"
"8540","IfcSlab","Tiefbaubeton"
"8541","IfcSlab","Tiefbaubeton"
"8541","IfcSlab","Betonfertigteil hochfest"
"8542","IfcSlab","Betonfertigteil hochfest"
"8543","IfcSlab","Tiefbaubeton"
"8544","IfcSlab","Tiefbaubeton"
"8544","IfcSlab","Betonfertigteil hochfest"
"8545","IfcSlab","Betonfertigteil hochfest"
"8546","IfcSlab","Tiefbaubeton"
"8547","IfcSlab","Tiefbaubeton"
"8548","IfcSlab","Betonfertigteil hochfest"
"8549","IfcSlab","Tiefbaubeton"
"8550","IfcSlab","Betonfertigteil normalfest"
"8551","IfcSlab","Tiefbaubeton"
"8552","IfcSlab","Tiefbaubeton"
"8553","IfcSlab","Betonfertigteil normalfest"
"8554","IfcSlab","Tiefbaubeton"
"8555","IfcSlab","Tiefbaubeton"
"8556","IfcSlab","Betonfertigteil hochfest"
"8557","IfcSlab","Tiefbaubeton"
"8558","IfcSlab","Tiefbaubeton"
"8559","IfcSlab","Betonfertigteil normalfest"
"8560","IfcSlab","Tiefbaubeton"
"8561","IfcSlab","Tiefbaubeton"
"8561","IfcSlab","Betonfertigteil normalfest"
"8561","IfcSlab","Betonfertigteil hochfest"
"8562","IfcSlab","Betonfertigteil normalfest"
"8562","IfcSlab","Betonfertigteil hochfest"
"8563","IfcSlab","Tiefbaubeton"
"8564","IfcSlab","Tiefbaubeton"
"8565","IfcSlab","Betonfertigteil normalfest"
"8565","IfcSlab","Betonfertigteil hochfest"
"8566","IfcSlab","Tiefbaubeton"
"8566","IfcSlab","Betonfertigteil normalfest"
"8567","IfcSlab","Betonfertigteil normalfest"
"8568","IfcSlab","Tiefbaubeton"
"8569","IfcSlab","Tiefbaubeton"
"8569","IfcSlab","Betonfertigteil normalfest"
"8570","IfcSlab","Tiefbaubeton"
"8571","IfcSlab","Betonfertigteil normalfest"
"8572","IfcSlab","Tiefbaubeton"
"8572","IfcSlab","Betonfertigteil normalfest"
"8573","IfcSlab","Tiefbaubeton"
"8574","IfcSlab","Betonfertigteil normalfest"
"8575","IfcSlab","Tiefbaubeton"
"8575","IfcSlab","Betonfertigteil hochfest"
"8576","IfcSlab","Tiefbaubeton"
"8577","IfcSlab","Betonfertigteil hochfest"
"8578","IfcSlab","Tiefbaubeton"
"8578","IfcSlab","Betonfertigteil hochfest"
"8579","IfcSlab","Tiefbaubeton"
"8580","IfcSlab","Betonfertigteil hochfest"
"8581","IfcSlab","Tiefbaubeton"
"8582","IfcSlab","Tiefbaubeton"
"8583","IfcSlab","Betonfertigteil normalfest"
"8584","IfcSlab","Tiefbaubeton"
"8585","IfcSlab","Tiefbaubeton"
"8586","IfcSlab","Tiefbaubeton"
"8587","IfcSlab","Betonfertigteil normalfest"
"8588","IfcSlab","Betonfertigteil hochfest"
"8589","IfcSlab","Tiefbaubeton"
"8590","IfcSlab","Betonfertigteil normalfest"
"8591","IfcSlab","Tiefbaubeton"
"8592","IfcSlab","Tiefbaubeton"
"8593","IfcSlab","Tiefbaubeton"
"8594","IfcSlab","Betonfertigteil hochfest"
"8595","IfcSlab","Gussasphalt"
"8596","IfcSlab","Gussasphalt"
"8597","IfcSlab","Tiefbaubeton"
"8597","IfcSlab","Betonfertigteil normalfest"
"8597","IfcSlab","Betonfertigteil hochfest"
"8598","IfcSlab","Betonfertigteil normalfest"
"8598","IfcSlab","Betonfertigteil hochfest"
"8599","IfcSlab","Tiefbaubeton"
"8600","IfcSlab","Tiefbaubeton"
"8601","IfcSlab","Betonfertigteil normalfest"
"8601","IfcSlab","Betonfertigteil hochfest"
"8602","IfcSlab","Magerbeton"
"8603","IfcSlab","Magerbeton"
"8604","IfcSlab","Magerbeton"
"8605","IfcSlab","Magerbeton"
"8606","IfcSlab","Tiefbaubeton"
"8606","IfcSlab","Betonfertigteil normalfest"
"8607","IfcSlab","Tiefbaubeton"
"8608","IfcSlab","Betonfertigteil normalfest"
"8609","IfcSlab","Tiefbaubeton"
"8609","IfcSlab","Betonfertigteil normalfest"
"8610","IfcSlab","Betonfertigteil normalfest"
"8611","IfcSlab","Tiefbaubeton"
"8612","IfcSlab","Tiefbaubeton"
"8612","IfcSlab","Betonfertigteil normalfest"
"8613","IfcSlab","Betonfertigteil normalfest"
"8614","IfcSlab","Tiefbaubeton"
"8615","IfcSlab","Tiefbaubeton"
"8615","IfcSlab","Betonfertigteil hochfest"
"8616","IfcSlab","Tiefbaubeton"
"8617","IfcSlab","Betonfertigteil hochfest"
"8618","IfcSlab","Tiefbaubeton"
"8618","IfcSlab","Betonfertigteil hochfest"
"8619","IfcSlab","Tiefbaubeton"
"8620","IfcSlab","Betonfertigteil hochfest"
"8621","IfcSlab","Tiefbaubeton"
"8622","IfcSlab","Betonfertigteil hochfest"
"8623","IfcSlab","Tiefbaubeton"
"8624","IfcSlab","Betonfertigteil normalfest"
"8625","IfcSlab","Tiefbaubeton"
"8626","IfcSlab","Tiefbaubeton"
"8627","IfcSlab","Tiefbaubeton"
"8628","IfcSlab","Betonfertigteil normalfest"
"8629","IfcSlab","Betonfertigteil normalfest"
"8630","IfcSlab","Tiefbaubeton"
"8631","IfcSlab","Tiefbaubeton"
"8632","IfcSlab","Tiefbaubeton"
"8633","IfcSlab","Tiefbaubeton"
"8634","IfcSlab","Betonfertigteil hochfest"
"8635","IfcSlab","Gussasphalt"
"8635","IfcSlab","Dichtungsbahn bituminös"
"8636","IfcSlab","Gussasphalt"
"8636","IfcSlab","Dichtungsbahn bituminös"
"8637","IfcSlab","Tiefbaubeton"
"8637","IfcSlab","Betonfertigteil normalfest"
"8637","IfcSlab","Betonfertigteil hochfest"
"8638","IfcSlab","Betonfertigteil normalfest"
"8638","IfcSlab","Betonfertigteil hochfest"
"8639","IfcSlab","Tiefbaubeton"
"8640","IfcSlab","Tiefbaubeton"
"8641","IfcSlab","Betonfertigteil normalfest"
"8641","IfcSlab","Betonfertigteil hochfest"
"8642","IfcSlab","Tiefbaubeton"
"8642","IfcSlab","Betonfertigteil normalfest"
"8643","IfcSlab","Betonfertigteil normalfest"
"8644","IfcSlab","Tiefbaubeton"
"8645","IfcSlab","Tiefbaubeton"
"8645","IfcSlab","Betonfertigteil normalfest"
"8646","IfcSlab","Tiefbaubeton"
"8647","IfcSlab","Betonfertigteil normalfest"
"8648","IfcSlab","Tiefbaubeton"
"8648","IfcSlab","Betonfertigteil normalfest"
"8649","IfcSlab","Tiefbaubeton"
"8650","IfcSlab","Betonfertigteil normalfest"
"8651","IfcSlab","Tiefbaubeton"
"8651","IfcSlab","Betonfertigteil hochfest"
"8652","IfcSlab","Tiefbaubeton"
"8653","IfcSlab","Betonfertigteil hochfest"
"8654","IfcSlab","Tiefbaubeton"
"8654","IfcSlab","Betonfertigteil hochfest"
"8655","IfcSlab","Betonfertigteil hochfest"
"8656","IfcSlab","Tiefbaubeton"
"8657","IfcSlab","Tiefbaubeton"
"8658","IfcSlab","Betonfertigteil normalfest"
"8659","IfcSlab","Tiefbaubeton"
"8660","IfcSlab","Betonfertigteil normalfest"
"8661","IfcSlab","Tiefbaubeton"
"8662","IfcSlab","Tiefbaubeton"
"8663","IfcSlab","Tiefbaubeton"
"8664","IfcSlab","Betonfertigteil normalfest"
"8665","IfcSlab","Tiefbaubeton"
"8666","IfcSlab","Tiefbaubeton"
"8667","IfcSlab","Betonfertigteil hochfest"
"8668","IfcSlab","Tiefbaubeton"
"8669","IfcSlab","Tiefbaubeton"
"8670","IfcSlab","Betonfertigteil hochfest"
"8671","IfcSlab","Gussasphalt"
"8672","IfcSlab","Gussasphalt"
"8673","IfcSlab","Gussasphalt"
"8674","IfcSlab","Tiefbaubeton"
"8674","IfcSlab","Betonfertigteil normalfest"
"8674","IfcSlab","Betonfertigteil hochfest"
"8675","IfcSlab","Betonfertigteil normalfest"
"8675","IfcSlab","Betonfertigteil hochfest"
"8676","IfcSlab","Tiefbaubeton"
"8677","IfcSlab","Tiefbaubeton"
"8678","IfcSlab","Betonfertigteil normalfest"
"8678","IfcSlab","Betonfertigteil hochfest"
"8679","IfcSlab","Magerbeton"
"8680","IfcSlab","Magerbeton"
"8681","IfcSlab","Magerbeton"
"8682","IfcSlab","Magerbeton"
"8683","IfcSlab","Tiefbaubeton"
"8683","IfcSlab","Betonfertigteil normalfest"
"8684","IfcSlab","Betonfertigteil normalfest"
"8685","IfcSlab","Tiefbaubeton"
"8686","IfcSlab","Tiefbaubeton"
"8686","IfcSlab","Betonfertigteil normalfest"
"8687","IfcSlab","Betonfertigteil normalfest"
"8688","IfcSlab","Tiefbaubeton"
"8689","IfcSlab","Tiefbaubeton"
"8689","IfcSlab","Betonfertigteil normalfest"
"8690","IfcSlab","Betonfertigteil normalfest"
"8691","IfcSlab","Tiefbaubeton"
"8692","IfcSlab","Tiefbaubeton"
"8692","IfcSlab","Betonfertigteil hochfest"
"8693","IfcSlab","Tiefbaubeton"
"8694","IfcSlab","Betonfertigteil hochfest"
"8695","IfcSlab","Tiefbaubeton"
"8695","IfcSlab","Betonfertigteil hochfest"
"8696","IfcSlab","Betonfertigteil hochfest"
"8697","IfcSlab","Tiefbaubeton"
"8698","IfcSlab","Tiefbaubeton"
"8699","IfcSlab","Tiefbaubeton"
"8700","IfcSlab","Tiefbaubeton"
"8701","IfcSlab","Tiefbaubeton"
"8702","IfcSlab","Betonfertigteil normalfest"
"8703","IfcSlab","Betonfertigteil normalfest"
"8704","IfcSlab","Tiefbaubeton"
"8705","IfcSlab","Betonfertigteil normalfest"
"8706","IfcSlab","Tiefbaubeton"
"8707","IfcSlab","Betonfertigteil hochfest"
"8708","IfcSlab","Betonfertigteil hochfest"
"8709","IfcSlab","Tiefbaubeton"
"8710","IfcSlab","Tiefbaubeton"
"8711","IfcSlab","Gussasphalt"
"8711","IfcSlab","Dichtungsbahn bituminös"
"8712","IfcSlab","Gussasphalt"
"8712","IfcSlab","Dichtungsbahn bituminös"
"8713","IfcSlab","Tiefbaubeton"
"8713","IfcSlab","Betonfertigteil normalfest"
"8713","IfcSlab","Betonfertigteil hochfest"
"8714","IfcSlab","Betonfertigteil normalfest"
"8714","IfcSlab","Betonfertigteil hochfest"
"8715","IfcSlab","Tiefbaubeton"
"8716","IfcSlab","Tiefbaubeton"
"8717","IfcSlab","Betonfertigteil normalfest"
"8717","IfcSlab","Betonfertigteil hochfest"
"8718","IfcSlab","Tiefbaubeton"
"8718","IfcSlab","Betonfertigteil normalfest"
"8719","IfcSlab","Tiefbaubeton"
"8720","IfcSlab","Betonfertigteil normalfest"
"8721","IfcSlab","Tiefbaubeton"
"8721","IfcSlab","Betonfertigteil normalfest"
"8722","IfcSlab","Tiefbaubeton"
"8723","IfcSlab","Betonfertigteil normalfest"
"8724","IfcSlab","Tiefbaubeton"
"8724","IfcSlab","Betonfertigteil normalfest"
"8725","IfcSlab","Tiefbaubeton"
"8726","IfcSlab","Betonfertigteil normalfest"
"8727","IfcSlab","Tiefbaubeton"
"8727","IfcSlab","Betonfertigteil hochfest"
"8728","IfcSlab","Tiefbaubeton"
"8729","IfcSlab","Betonfertigteil hochfest"
"8730","IfcSlab","Tiefbaubeton"
"8730","IfcSlab","Betonfertigteil hochfest"
"8731","IfcSlab","Betonfertigteil hochfest"
"8732","IfcSlab","Tiefbaubeton"
"8733","IfcSlab","Tiefbaubeton"
"8734","IfcSlab","Tiefbaubeton"
"8735","IfcSlab","Tiefbaubeton"
"8736","IfcSlab","Tiefbaubeton"
"8737","IfcSlab","Tiefbaubeton"
"8738","IfcSlab","Tiefbaubeton"
"8739","IfcSlab","Betonfertigteil normalfest"
"8740","IfcSlab","Betonfertigteil normalfest"
"8741","IfcSlab","Betonfertigteil hochfest"
"8742","IfcSlab","Betonfertigteil hochfest"
"8743","IfcSlab","Tiefbaubeton"
"8744","IfcSlab","Tiefbaubeton"
"8745","IfcSlab","Betonfertigteil normalfest"
"8746","IfcSlab","Tiefbaubeton"
"8747","IfcSlab","Gussasphalt"
"8748","IfcSlab","Tiefbaubeton"
"8748","IfcSlab","Betonfertigteil normalfest"
"8748","IfcSlab","Betonfertigteil hochfest"
"8749","IfcSlab","Betonfertigteil normalfest"
"8749","IfcSlab","Betonfertigteil hochfest"
"8750","IfcSlab","Tiefbaubeton"
"8751","IfcSlab","Tiefbaubeton"
"8752","IfcSlab","Betonfertigteil normalfest"
"8752","IfcSlab","Betonfertigteil hochfest"
"8753","IfcSlab","Magerbeton"
"8754","IfcSlab","Magerbeton"
"8755","IfcSlab","Magerbeton"
"8756","IfcSlab","Magerbeton"
"8757","IfcSlab","Tiefbaubeton"
"8757","IfcSlab","Betonfertigteil normalfest"
"8758","IfcSlab","Tiefbaubeton"
"8759","IfcSlab","Betonfertigteil normalfest"
"8760","IfcSlab","Tiefbaubeton"
"8760","IfcSlab","Betonfertigteil normalfest"
"8761","IfcSlab","Tiefbaubeton"
"8762","IfcSlab","Betonfertigteil normalfest"
"8763","IfcSlab","Tiefbaubeton"
"8763","IfcSlab","Betonfertigteil normalfest"
"8764","IfcSlab","Betonfertigteil normalfest"
"8765","IfcSlab","Tiefbaubeton"
"8766","IfcSlab","Tiefbaubeton"
"8766","IfcSlab","Betonfertigteil hochfest"
"8767","IfcSlab","Betonfertigteil hochfest"
"8768","IfcSlab","Tiefbaubeton"
"8769","IfcSlab","Tiefbaubeton"
"8769","IfcSlab","Betonfertigteil hochfest"
"8770","IfcSlab","Tiefbaubeton"
"8771","IfcSlab","Betonfertigteil hochfest"
"8772","IfcSlab","Tiefbaubeton"
"8773","IfcSlab","Tiefbaubeton"
"8774","IfcSlab","Betonfertigteil hochfest"
"8775","IfcSlab","Tiefbaubeton"
"8776","IfcSlab","Tiefbaubeton"
"8777","IfcSlab","Tiefbaubeton"
"8778","IfcSlab","Tiefbaubeton"
"8779","IfcSlab","Tiefbaubeton"
"8780","IfcSlab","Betonfertigteil normalfest"
"8781","IfcSlab","Betonfertigteil normalfest"
"8782","IfcSlab","Tiefbaubeton"
"8783","IfcSlab","Betonfertigteil hochfest"
"8784","IfcSlab","Tiefbaubeton"
"8785","IfcSlab","Betonfertigteil normalfest"
"8786","IfcSlab","Tiefbaubeton"
"8786","IfcSlab","Betonfertigteil normalfest"
"8786","IfcSlab","Betonfertigteil hochfest"
"8787","IfcSlab","Betonfertigteil normalfest"
"8787","IfcSlab","Betonfertigteil hochfest"
"8788","IfcSlab","Tiefbaubeton"
"8789","IfcSlab","Tiefbaubeton"
"8790","IfcSlab","Betonfertigteil normalfest"
"8790","IfcSlab","Betonfertigteil hochfest"
"8791","IfcSlab","Tiefbaubeton"
"8791","IfcSlab","Betonfertigteil normalfest"
"8792","IfcSlab","Betonfertigteil normalfest"
"8793","IfcSlab","Tiefbaubeton"
"8794","IfcSlab","Tiefbaubeton"
"8794","IfcSlab","Betonfertigteil normalfest"
"8795","IfcSlab","Tiefbaubeton"
"8796","IfcSlab","Betonfertigteil normalfest"
"8797","IfcSlab","Tiefbaubeton"
"8797","IfcSlab","Betonfertigteil normalfest"
"8798","IfcSlab","Tiefbaubeton"
"8799","IfcSlab","Betonfertigteil normalfest"
"8800","IfcSlab","Tiefbaubeton"
"8800","IfcSlab","Betonfertigteil hochfest"
"8801","IfcSlab","Betonfertigteil hochfest"
"8802","IfcSlab","Tiefbaubeton"
"8803","IfcSlab","Tiefbaubeton"
"8803","IfcSlab","Betonfertigteil hochfest"
"8804","IfcSlab","Tiefbaubeton"
"8805","IfcSlab","Betonfertigteil hochfest"
"8806","IfcSlab","Tiefbaubeton"
"8807","IfcSlab","Betonfertigteil normalfest"
"8808","IfcSlab","Tiefbaubeton"
"8809","IfcSlab","Tiefbaubeton"
"8810","IfcSlab","Betonfertigteil hochfest"
"8811","IfcSlab","Betonfertigteil hochfest"
"8812","IfcSlab","Tiefbaubeton"
"8813","IfcSlab","Betonfertigteil normalfest"
"8814","IfcSlab","Tiefbaubeton"
"8815","IfcSlab","Tiefbaubeton"
"8816","IfcSlab","Tiefbaubeton"
"8817","IfcSlab","Betonfertigteil normalfest"
"8818","IfcSlab","Tiefbaubeton"
"8819","IfcSlab","Gussasphalt"
"8820","IfcSlab","Gussasphalt"
"8821","IfcSlab","Tiefbaubeton"
"8821","IfcSlab","Betonfertigteil normalfest"
"8821","IfcSlab","Betonfertigteil hochfest"
"8822","IfcSlab","Betonfertigteil normalfest"
"8822","IfcSlab","Betonfertigteil hochfest"
"8823","IfcSlab","Tiefbaubeton"
"8824","IfcSlab","Tiefbaubeton"
"8825","IfcSlab","Betonfertigteil normalfest"
"8825","IfcSlab","Betonfertigteil hochfest"
"8826","IfcSlab","Magerbeton"
"8827","IfcSlab","Magerbeton"
"8828","IfcSlab","Magerbeton"
"8829","IfcSlab","Magerbeton"
"8830","IfcSlab","Tiefbaubeton"
"8830","IfcSlab","Betonfertigteil normalfest"
"8831","IfcSlab","Tiefbaubeton"
"8832","IfcSlab","Betonfertigteil normalfest"
"8833","IfcSlab","Tiefbaubeton"
"8833","IfcSlab","Betonfertigteil normalfest"
"8834","IfcSlab","Tiefbaubeton"
"8835","IfcSlab","Betonfertigteil normalfest"
"8836","IfcSlab","Tiefbaubeton"
"8836","IfcSlab","Betonfertigteil normalfest"
"8837","IfcSlab","Betonfertigteil normalfest"
"8838","IfcSlab","Tiefbaubeton"
"8839","IfcSlab","Tiefbaubeton"
"8839","IfcSlab","Betonfertigteil hochfest"
"8840","IfcSlab","Betonfertigteil hochfest"
"8841","IfcSlab","Tiefbaubeton"
"8842","IfcSlab","Tiefbaubeton"
"8842","IfcSlab","Betonfertigteil hochfest"
"8843","IfcSlab","Tiefbaubeton"
"8844","IfcSlab","Betonfertigteil hochfest"
"8845","IfcSlab","Tiefbaubeton"
"8846","IfcSlab","Betonfertigteil normalfest"
"8847","IfcSlab","Betonfertigteil normalfest"
"8848","IfcSlab","Tiefbaubeton"
"8849","IfcSlab","Tiefbaubeton"
"8850","IfcSlab","Betonfertigteil normalfest"
"8851","IfcSlab","Betonfertigteil hochfest"
"8852","IfcSlab","Tiefbaubeton"
"8853","IfcSlab","Betonfertigteil hochfest"
"8854","IfcSlab","Tiefbaubeton"
"8855","IfcSlab","Tiefbaubeton"
"8856","IfcSlab","Tiefbaubeton"
"8857","IfcSlab","Tiefbaubeton"
"8858","IfcSlab","Tiefbaubeton"
"8859","IfcSlab","Gussasphalt"
"8859","IfcSlab","Dichtungsbahn bituminös"
"8860","IfcSlab","Gussasphalt"
"8860","IfcSlab","Dichtungsbahn bituminös"
"8861","IfcSlab","Tiefbaubeton"
"8861","IfcSlab","Betonfertigteil normalfest"
"8861","IfcSlab","Betonfertigteil hochfest"
"8862","IfcSlab","Betonfertigteil normalfest"
"8862","IfcSlab","Betonfertigteil hochfest"
"8863","IfcSlab","Tiefbaubeton"
"8864","IfcSlab","Tiefbaubeton"
"8865","IfcSlab","Betonfertigteil normalfest"
"8865","IfcSlab","Betonfertigteil hochfest"
"8866","IfcSlab","Tiefbaubeton"
"8866","IfcSlab","Betonfertigteil normalfest"
"8867","IfcSlab","Tiefbaubeton"
"8868","IfcSlab","Betonfertigteil normalfest"
"8869","IfcSlab","Tiefbaubeton"
"8869","IfcSlab","Betonfertigteil normalfest"
"8870","IfcSlab","Betonfertigteil normalfest"
"8871","IfcSlab","Tiefbaubeton"
"8872","IfcSlab","Tiefbaubeton"
"8872","IfcSlab","Betonfertigteil normalfest"
"8873","IfcSlab","Tiefbaubeton"
"8874","IfcSlab","Betonfertigteil normalfest"
"8875","IfcSlab","Tiefbaubeton"
"8875","IfcSlab","Betonfertigteil hochfest"
"8876","IfcSlab","Tiefbaubeton"
"8877","IfcSlab","Betonfertigteil hochfest"
"8878","IfcSlab","Tiefbaubeton"
"8878","IfcSlab","Betonfertigteil hochfest"
"8879","IfcSlab","Betonfertigteil hochfest"
"8880","IfcSlab","Tiefbaubeton"
"8881","IfcSlab","Tiefbaubeton"
"8882","IfcSlab","Tiefbaubeton"
"8883","IfcSlab","Tiefbaubeton"
"8884","IfcSlab","Tiefbaubeton"
"8885","IfcSlab","Betonfertigteil normalfest"
"8886","IfcSlab","Betonfertigteil normalfest"
"8887","IfcSlab","Betonfertigteil hochfest"
"8888","IfcSlab","Tiefbaubeton"
"8889","IfcSlab","Betonfertigteil normalfest"
"8890","IfcSlab","Betonfertigteil hochfest"
"8891","IfcSlab","Tiefbaubeton"
"8892","IfcSlab","Tiefbaubeton"
"8893","IfcSlab","Tiefbaubeton"
"8894","IfcSlab","Tiefbaubeton"
"8895","IfcSlab","Gussasphalt"
"8896","IfcTendon","Armierungsstahl"
"8897","IfcTendon","Armierungsstahl"
"8898","IfcTendon","Armierungsstahl"
"8899","IfcTendon","Armierungsstahl"
"8900","IfcTendon","Armierungsstahl"
"8901","IfcTendon","Armierungsstahl"
"8902","IfcTendon","Armierungsstahl"
"8903","IfcTendon","Armierungsstahl"
"8904","IfcTendon","Armierungsstahl"
"8905","IfcTendon","Armierungsstahl"
"8906","IfcTendon","Armierungsstahl"
"8907","IfcTendon","Armierungsstahl"
"8908","IfcTendon","Armierungsstahl"
"8909","IfcTendon","Armierungsstahl"
"8910","IfcTendon","Armierungsstahl"
"8911","IfcTendon","Armierungsstahl"
"8912","IfcTendon","Armierungsstahl"
"8913","IfcTendon","Armierungsstahl"
"8914","IfcTendon","Armierungsstahl"
"8915","IfcTendon","Armierungsstahl"
"8916","IfcTendon","Armierungsstahl"
"8917","IfcTendon","Armierungsstahl"
"8918","IfcTendon","Armierungsstahl"
"8919","IfcTendon","Armierungsstahl"
"8920","IfcTendon","Armierungsstahl"
"8921","IfcTendon","Armierungsstahl"
"8922","IfcTendon","Armierungsstahl"
"8923","IfcTendon","Armierungsstahl"
"8924","IfcTendon","Armierungsstahl"
"8925","IfcTendon","Armierungsstahl"
"8926","IfcTendon","Armierungsstahl"
"8927","IfcTendon","Armierungsstahl"
"8928","IfcTendon","Armierungsstahl"
"8929","IfcTendon","Armierungsstahl"
"8930","IfcTendon","Armierungsstahl"
"8931","IfcTendon","Armierungsstahl"
"8932","IfcTendon","Armierungsstahl"
"8933","IfcTendon","Armierungsstahl"
"8934","IfcTendon","Armierungsstahl"
"8935","IfcTendon","Armierungsstahl"
"8936","IfcTendon","Armierungsstahl"
"8937","IfcTendon","Armierungsstahl"
"8938","IfcTendon","Armierungsstahl"
"8939","IfcTendon","Armierungsstahl"
"8940","IfcTendon","Armierungsstahl"
"8941","IfcTendon","Armierungsstahl"
"8942","IfcTendon","Armierungsstahl"
"8943","IfcTendon","Armierungsstahl"
"8944","IfcTendon","Armierungsstahl"
"8945","IfcTendon","Armierungsstahl"
"8946","IfcTendon","Armierungsstahl"
"8947","IfcTendon","Armierungsstahl"
"8948","IfcTendon","Armierungsstahl"
"8949","IfcTendon","Armierungsstahl"
"8950","IfcTendon","Armierungsstahl"
"8951","IfcTendon","Armierungsstahl"
"8952","IfcTendon","Armierungsstahl"
"8953","IfcTendon","Armierungsstahl"
"8954","IfcTendon","Armierungsstahl"
"8955","IfcTendon","Armierungsstahl"
"8956","IfcTendon","Armierungsstahl"
"8957","IfcTendon","Armierungsstahl"
"8958","IfcTendon","Armierungsstahl"
"8959","IfcTendon","Armierungsstahl"
"8960","IfcTendon","Armierungsstahl"
"8961","IfcTendonAnchor","Stahlblech blank"
"8961","IfcTendonAnchor","Stahlprofil blank"
"8961","IfcTendonAnchor","Stahlblech verzinkt"
"8962","IfcTendonAnchor","Stahlblech blank"
"8962","IfcTendonAnchor","Stahlprofil blank"
"8962","IfcTendonAnchor","Stahlblech verzinkt"
"8963","IfcTendonAnchor","Stahlblech blank"
"8963","IfcTendonAnchor","Stahlprofil blank"
"8963","IfcTendonAnchor","Stahlblech verzinkt"
"8964","IfcTendonAnchor","Stahlblech blank"
"8964","IfcTendonAnchor","Stahlprofil blank"
"8964","IfcTendonAnchor","Stahlblech verzinkt"
"8965","IfcTendonAnchor","Stahlblech blank"
"8965","IfcTendonAnchor","Stahlprofil blank"
"8965","IfcTendonAnchor","Stahlblech verzinkt"
"8966","IfcTendonAnchor","Stahlblech blank"
"8966","IfcTendonAnchor","Stahlprofil blank"
"8966","IfcTendonAnchor","Stahlblech verzinkt"
"8967","IfcTendonAnchor","Stahlblech blank"
"8967","IfcTendonAnchor","Stahlprofil blank"
"8967","IfcTendonAnchor","Stahlblech verzinkt"
"8968","IfcTendonAnchor","Stahlblech blank"
"8968","IfcTendonAnchor","Stahlprofil blank"
"8968","IfcTendonAnchor","Stahlblech verzinkt"
"8969","IfcTendonAnchor","Stahlblech blank"
"8969","IfcTendonAnchor","Stahlprofil blank"
"8969","IfcTendonAnchor","Stahlblech verzinkt"
"8970","IfcTendonAnchor","Stahlblech blank"
"8970","IfcTendonAnchor","Stahlprofil blank"
"8970","IfcTendonAnchor","Stahlblech verzinkt"
"8971","IfcTendonAnchor","Stahlblech blank"
"8971","IfcTendonAnchor","Stahlprofil blank"
"8971","IfcTendonAnchor","Stahlblech verzinkt"
"8972","IfcTendonAnchor","Stahlblech blank"
"8972","IfcTendonAnchor","Stahlprofil blank"
"8972","IfcTendonAnchor","Stahlblech verzinkt"
"8973","IfcTendonAnchor","Stahlblech blank"
"8973","IfcTendonAnchor","Stahlprofil blank"
"8973","IfcTendonAnchor","Stahlblech verzinkt"
"8974","IfcTendonAnchor","Stahlblech blank"
"8974","IfcTendonAnchor","Stahlprofil blank"
"8974","IfcTendonAnchor","Stahlblech verzinkt"
"8975","IfcTendonAnchor","Stahlblech blank"
"8975","IfcTendonAnchor","Stahlprofil blank"
"8975","IfcTendonAnchor","Stahlblech verzinkt"
"8976","IfcTendonAnchor","Stahlblech blank"
"8976","IfcTendonAnchor","Stahlprofil blank"
"8976","IfcTendonAnchor","Stahlblech verzinkt"
"8977","IfcTendonAnchor","Stahlblech blank"
"8977","IfcTendonAnchor","Stahlprofil blank"
"8977","IfcTendonAnchor","Stahlblech verzinkt"
"8978","IfcTendonAnchor","Stahlblech blank"
"8978","IfcTendonAnchor","Stahlprofil blank"
"8978","IfcTendonAnchor","Stahlblech verzinkt"
"8979","IfcTendonAnchor","Stahlblech blank"
"8979","IfcTendonAnchor","Stahlprofil blank"
"8979","IfcTendonAnchor","Stahlblech verzinkt"
"8980","IfcTendonAnchor","Stahlblech blank"
"8980","IfcTendonAnchor","Stahlprofil blank"
"8980","IfcTendonAnchor","Stahlblech verzinkt"
"8981","IfcTendonAnchor","Stahlblech blank"
"8981","IfcTendonAnchor","Stahlprofil blank"
"8981","IfcTendonAnchor","Stahlblech verzinkt"
"8982","IfcTendonAnchor","Stahlblech blank"
"8982","IfcTendonAnchor","Stahlprofil blank"
"8982","IfcTendonAnchor","Stahlblech verzinkt"
"8983","IfcTendonAnchor","Stahlblech blank"
"8983","IfcTendonAnchor","Stahlprofil blank"
"8983","IfcTendonAnchor","Stahlblech verzinkt"
"8984","IfcTendonAnchor","Stahlblech blank"
"8984","IfcTendonAnchor","Stahlprofil blank"
"8984","IfcTendonAnchor","Stahlblech verzinkt"
"8985","IfcTendonAnchor","Stahlblech blank"
"8985","IfcTendonAnchor","Stahlprofil blank"
"8985","IfcTendonAnchor","Stahlblech verzinkt"
"8986","IfcTendonAnchor","Stahlblech blank"
"8986","IfcTendonAnchor","Stahlprofil blank"
"8986","IfcTendonAnchor","Stahlblech verzinkt"
"8987","IfcTendonAnchor","Stahlblech blank"
"8987","IfcTendonAnchor","Stahlprofil blank"
"8987","IfcTendonAnchor","Stahlblech verzinkt"
"8988","IfcTendonAnchor","Stahlblech blank"
"8988","IfcTendonAnchor","Stahlprofil blank"
"8988","IfcTendonAnchor","Stahlblech verzinkt"
"8989","IfcTendonAnchor","Stahlblech blank"
"8989","IfcTendonAnchor","Stahlprofil blank"
"8989","IfcTendonAnchor","Stahlblech verzinkt"
"8990","IfcTendonAnchor","Stahlblech blank"
"8990","IfcTendonAnchor","Stahlprofil blank"
"8990","IfcTendonAnchor","Stahlblech verzinkt"
"8991","IfcTendonAnchor","Stahlblech blank"
"8991","IfcTendonAnchor","Stahlprofil blank"
"8991","IfcTendonAnchor","Stahlblech verzinkt"
"8992","IfcTendonAnchor","Stahlblech blank"
"8992","IfcTendonAnchor","Stahlprofil blank"
"8992","IfcTendonAnchor","Stahlblech verzinkt"
"8993","IfcTendonAnchor","Stahlblech blank"
"8993","IfcTendonAnchor","Stahlprofil blank"
"8993","IfcTendonAnchor","Stahlblech verzinkt"
"8994","IfcTendonAnchor","Stahlblech blank"
"8994","IfcTendonAnchor","Stahlprofil blank"
"8994","IfcTendonAnchor","Stahlblech verzinkt"
"8995","IfcTendonAnchor","Stahlblech blank"
"8995","IfcTendonAnchor","Stahlprofil blank"
"8995","IfcTendonAnchor","Stahlblech verzinkt"
"8996","IfcTendonAnchor","Stahlblech blank"
"8996","IfcTendonAnchor","Stahlprofil blank"
"8996","IfcTendonAnchor","Stahlblech verzinkt"
"8997","IfcTendonAnchor","Stahlblech blank"
"8997","IfcTendonAnchor","Stahlprofil blank"
"8997","IfcTendonAnchor","Stahlblech verzinkt"
"8998","IfcTendonAnchor","Stahlblech blank"
"8998","IfcTendonAnchor","Stahlprofil blank"
"8998","IfcTendonAnchor","Stahlblech verzinkt"
"8999","IfcTendonAnchor","Stahlblech blank"
"8999","IfcTendonAnchor","Stahlprofil blank"
"8999","IfcTendonAnchor","Stahlblech verzinkt"
"9000","IfcTendonAnchor","Stahlblech blank"
"9000","IfcTendonAnchor","Stahlprofil blank"
"9000","IfcTendonAnchor","Stahlblech verzinkt"
"9001","IfcTendonAnchor","Stahlblech blank"
"9001","IfcTendonAnchor","Stahlprofil blank"
"9001","IfcTendonAnchor","Stahlblech verzinkt"
"9002","IfcTendonAnchor","Stahlblech blank"
"9002","IfcTendonAnchor","Stahlprofil blank"
"9002","IfcTendonAnchor","Stahlblech verzinkt"
"9003","IfcTendonAnchor","Stahlblech blank"
"9003","IfcTendonAnchor","Stahlprofil blank"
"9003","IfcTendonAnchor","Stahlblech verzinkt"
"9004","IfcTendonAnchor","Stahlblech blank"
"9004","IfcTendonAnchor","Stahlprofil blank"
"9004","IfcTendonAnchor","Stahlblech verzinkt"
"9005","IfcTendonConduit","Stahlblech blank"
"9005","IfcTendonConduit","Stahlprofil blank"
"9006","IfcTendonConduit","Stahlblech blank"
"9006","IfcTendonConduit","Stahlprofil blank"
"9007","IfcTendonConduit","Stahlblech blank"
"9007","IfcTendonConduit","Stahlprofil blank"
"9008","IfcTendonConduit","Polyethylen PE"
"9008","IfcTendonConduit","Polypropylen PP"
"9008","IfcTendonConduit","Polyvinylchlorid PVC"
"9008","IfcTendonConduit","Polyurethan PUR PIR"
"9009","IfcTendonConduit","Stahlblech blank"
"9009","IfcTendonConduit","Stahlprofil blank"
"9010","IfcTendonConduit","Stahlblech blank"
"9010","IfcTendonConduit","Stahlprofil blank"
"9011","IfcTendonConduit","Stahlblech blank"
"9011","IfcTendonConduit","Stahlprofil blank"
"9012","IfcTendonConduit","Stahlblech blank"
"9012","IfcTendonConduit","Stahlprofil blank"
"9013","IfcTendonConduit","Stahlblech blank"
"9013","IfcTendonConduit","Stahlprofil blank"
"9014","IfcTendonConduit","Stahlblech blank"
"9014","IfcTendonConduit","Stahlprofil blank"
"9015","IfcTendonConduit","Stahlblech blank"
"9015","IfcTendonConduit","Stahlprofil blank"
"9016","IfcTendonConduit","Stahlblech blank"
"9016","IfcTendonConduit","Stahlprofil blank"
"9017","IfcTendonConduit","Stahlblech blank"
"9017","IfcTendonConduit","Stahlprofil blank"
"9018","IfcTendonConduit","Stahlblech blank"
"9018","IfcTendonConduit","Stahlprofil blank"
"9019","IfcTendonConduit","Stahlblech blank"
"9019","IfcTendonConduit","Stahlprofil blank"
"9020","IfcTendonConduit","Stahlblech blank"
"9020","IfcTendonConduit","Stahlprofil blank"
"9021","IfcTendonConduit","Polyethylen PE"
"9021","IfcTendonConduit","Polypropylen PP"
"9021","IfcTendonConduit","Polyvinylchlorid PVC"
"9021","IfcTendonConduit","Polycarbonat PC"
"9021","IfcTendonConduit","Polyamid PA glasfaserverstärkt"
"9022","IfcTendonConduit","Stahlblech blank"
"9022","IfcTendonConduit","Stahlprofil blank"
"9023","IfcTendonConduit","Stahlblech blank"
"9023","IfcTendonConduit","Stahlprofil blank"
"9024","IfcTendonConduit","Stahlblech blank"
"9024","IfcTendonConduit","Stahlprofil blank"
"9025","IfcTendonConduit","Stahlblech blank"
"9025","IfcTendonConduit","Stahlprofil blank"
"9026","IfcTendonConduit","Stahlblech blank"
"9026","IfcTendonConduit","Stahlprofil blank"
"9027","IfcTendonConduit","Stahlblech blank"
"9027","IfcTendonConduit","Stahlprofil blank"
"9028","IfcTendonConduit","Stahlblech blank"
"9028","IfcTendonConduit","Stahlprofil blank"
"9029","IfcTendonConduit","Stahlblech blank"
"9029","IfcTendonConduit","Stahlprofil blank"
"9030","IfcTendonConduit","Stahlblech blank"
"9030","IfcTendonConduit","Stahlprofil blank"
"9031","IfcTendonConduit","Stahlblech blank"
"9031","IfcTendonConduit","Stahlprofil blank"
"9032","IfcTendonConduit","Stahlblech blank"
"9032","IfcTendonConduit","Stahlprofil blank"
"9033","IfcTendonConduit","Stahlblech blank"
"9033","IfcTendonConduit","Stahlprofil blank"
"9034","IfcTendonConduit","Polyethylen PE"
"9034","IfcTendonConduit","Polypropylen PP"
"9034","IfcTendonConduit","Polyvinylchlorid PVC"
"9034","IfcTendonConduit","Polycarbonat PC"
"9034","IfcTendonConduit","Polyamid PA glasfaserverstärkt"
"9035","IfcTendonConduit","Stahlblech blank"
"9035","IfcTendonConduit","Stahlprofil blank"
"9036","IfcTendonConduit","Stahlblech blank"
"9036","IfcTendonConduit","Stahlprofil blank"
"9037","IfcTendonConduit","Stahlblech blank"
"9037","IfcTendonConduit","Stahlprofil blank"
"9038","IfcTendonConduit","Stahlblech blank"
"9038","IfcTendonConduit","Stahlprofil blank"
"9039","IfcTendonConduit","Stahlblech blank"
"9039","IfcTendonConduit","Stahlprofil blank"
"9040","IfcTendonConduit","Stahlblech blank"
"9040","IfcTendonConduit","Stahlprofil blank"
"9041","IfcTendonConduit","Stahlblech blank"
"9041","IfcTendonConduit","Stahlprofil blank"
"9042","IfcTendonConduit","Stahlblech blank"
"9042","IfcTendonConduit","Stahlprofil blank"
"9043","IfcTendonConduit","Stahlblech blank"
"9043","IfcTendonConduit","Stahlprofil blank"
"9044","IfcTendonConduit","Stahlblech blank"
"9044","IfcTendonConduit","Stahlprofil blank"
"9045","IfcTendonConduit","Stahlblech blank"
"9045","IfcTendonConduit","Stahlprofil blank"
"9046","IfcTendonConduit","Stahlblech blank"
"9046","IfcTendonConduit","Stahlprofil blank"
"9047","IfcTendonConduit","Polyethylen PE"
"9047","IfcTendonConduit","Polypropylen PP"
"9047","IfcTendonConduit","Polyvinylchlorid PVC"
"9048","IfcTendonConduit","Stahlblech blank"
"9048","IfcTendonConduit","Stahlprofil blank"
"9049","IfcTendonConduit","Stahlblech blank"
"9049","IfcTendonConduit","Stahlprofil blank"
"9050","IfcTendonConduit","Stahlblech blank"
"9050","IfcTendonConduit","Stahlprofil blank"
"9051","IfcTendonConduit","Stahlblech blank"
"9051","IfcTendonConduit","Stahlprofil blank"
"9052","IfcTendonConduit","Stahlblech blank"
"9052","IfcTendonConduit","Stahlprofil blank"
"9053","IfcTendonConduit","Stahlblech blank"
"9053","IfcTendonConduit","Stahlprofil blank"
"9054","IfcTendonConduit","Stahlblech blank"
"9054","IfcTendonConduit","Stahlprofil blank"
"9055","IfcTendonConduit","Stahlblech blank"
"9055","IfcTendonConduit","Stahlprofil blank"
"9056","IfcTendonConduit","Polyethylen PE"
"9056","IfcTendonConduit","Polypropylen PP"
"9056","IfcTendonConduit","Polyvinylchlorid PVC"
"9057","IfcTendonConduit","Stahlblech blank"
"9057","IfcTendonConduit","Stahlprofil blank"
"9058","IfcTendonConduit","Stahlblech blank"
"9058","IfcTendonConduit","Stahlprofil blank"
"9059","IfcTendonConduit","Stahlblech blank"
"9059","IfcTendonConduit","Stahlprofil blank"
"9060","IfcTendonConduit","Stahlblech blank"
"9060","IfcTendonConduit","Stahlprofil blank"
"9061","IfcTendonConduit","Stahlblech blank"
"9061","IfcTendonConduit","Stahlprofil blank"
"9062","IfcTendonConduit","Stahlblech blank"
"9062","IfcTendonConduit","Stahlprofil blank"
"9063","IfcTendonConduit","Stahlblech blank"
"9063","IfcTendonConduit","Stahlprofil blank"
"9064","IfcTendonConduit","Stahlblech blank"
"9064","IfcTendonConduit","Stahlprofil blank"
"9065","IfcTendonConduit","Stahlblech blank"
"9065","IfcTendonConduit","Stahlprofil blank"
"9066","IfcTendonConduit","Stahlblech blank"
"9066","IfcTendonConduit","Stahlprofil blank"
"9067","IfcTendonConduit","Stahlblech blank"
"9067","IfcTendonConduit","Stahlprofil blank"
"9068","IfcTendonConduit","Stahlblech blank"
"9068","IfcTendonConduit","Stahlprofil blank"
"9069","IfcTrackElement","Stahlblech blank"
"9069","IfcTrackElement","Stahlprofil blank"
"9070","IfcTrackElement","Stahlblech blank"
"9070","IfcTrackElement","Stahlprofil blank"
"9071","IfcTrackElement","Stahlblech blank"
"9071","IfcTrackElement","Stahlprofil blank"
"9072","IfcTrackElement","Tiefbaubeton"
"9072","IfcTrackElement","Betonfertigteil normalfest"
"9072","IfcTrackElement","Betonfertigteil hochfest"
"9073","IfcTrackElement","Betonfertigteil normalfest"
"9073","IfcTrackElement","Betonfertigteil hochfest"
"9074","IfcTrackElement","Tiefbaubeton"
"9075","IfcTrackElement","Tiefbaubeton"
"9076","IfcTrackElement","Betonfertigteil normalfest"
"9076","IfcTrackElement","Betonfertigteil hochfest"
"9077","IfcTrackElement","Tiefbaubeton"
"9077","IfcTrackElement","Betonfertigteil normalfest"
"9078","IfcTrackElement","Betonfertigteil normalfest"
"9079","IfcTrackElement","Tiefbaubeton"
"9080","IfcTrackElement","Tiefbaubeton"
"9080","IfcTrackElement","Betonfertigteil normalfest"
"9081","IfcTrackElement","Betonfertigteil normalfest"
"9082","IfcTrackElement","Tiefbaubeton"
"9083","IfcTrackElement","Tiefbaubeton"
"9083","IfcTrackElement","Betonfertigteil normalfest"
"9084","IfcTrackElement","Betonfertigteil normalfest"
"9085","IfcTrackElement","Tiefbaubeton"
"9086","IfcTrackElement","Tiefbaubeton"
"9086","IfcTrackElement","Betonfertigteil hochfest"
"9087","IfcTrackElement","Betonfertigteil hochfest"
"9088","IfcTrackElement","Tiefbaubeton"
"9089","IfcTrackElement","Tiefbaubeton"
"9089","IfcTrackElement","Betonfertigteil hochfest"
"9090","IfcTrackElement","Tiefbaubeton"
"9091","IfcTrackElement","Betonfertigteil hochfest"
"9092","IfcTrackElement","Tiefbaubeton"
"9093","IfcTrackElement","Betonfertigteil normalfest"
"9094","IfcTrackElement","Tiefbaubeton"
"9095","IfcTrackElement","Tiefbaubeton"
"9096","IfcTrackElement","Tiefbaubeton"
"9097","IfcTrackElement","Tiefbaubeton"
"9098","IfcTrackElement","Tiefbaubeton"
"9099","IfcTrackElement","Tiefbaubeton"
"9100","IfcTrackElement","Tiefbaubeton"
"9101","IfcTrackElement","Betonfertigteil normalfest"
"9102","IfcTrackElement","Betonfertigteil hochfest"
"9103","IfcTrackElement","Tiefbaubeton"
"9104","IfcTrackElement","Betonfertigteil normalfest"
"9105","IfcTrackElement","Betonfertigteil hochfest"
"9106","IfcTrackElement","Massivholz Buche Eiche kammergetrocknet gehobelt"
"9106","IfcTrackElement","Massivholz Buche Eiche kammergetrocknet rau"
"9106","IfcTrackElement","Massivholz Buche Eiche luftgetrocknet rau"
"9107","IfcTrackElement","Massivholz Buche Eiche kammergetrocknet gehobelt"
"9107","IfcTrackElement","Massivholz Buche Eiche kammergetrocknet rau"
"9107","IfcTrackElement","Massivholz Buche Eiche luftgetrocknet rau"
"9108","IfcTrackElement","Massivholz Buche Eiche kammergetrocknet gehobelt"
"9108","IfcTrackElement","Massivholz Buche Eiche kammergetrocknet rau"
"9108","IfcTrackElement","Massivholz Buche Eiche luftgetrocknet rau"
"9109","IfcTrackElement","Polyethylen PE"
"9109","IfcTrackElement","Polypropylen PP"
"9109","IfcTrackElement","Polyvinylchlorid PVC"
"9109","IfcTrackElement","Polycarbonat PC"
"9109","IfcTrackElement","Polyamid PA glasfaserverstärkt"
"9110","IfcTrackElement","Dichtungsbahn Polyolefin FPO"
"9111","IfcTrackElement","Stahlblech blank"
"9111","IfcTrackElement","Stahlprofil blank"
"9112","IfcTrackElement","Stahlblech blank"
"9112","IfcTrackElement","Stahlprofil blank"
"9113","IfcTrackElement","Stahlblech blank"
"9113","IfcTrackElement","Stahlprofil blank"
"9114","IfcTrackElement","Stahlblech blank"
"9114","IfcTrackElement","Stahlprofil blank"
"9115","IfcTrackElement","Stahlblech blank"
"9115","IfcTrackElement","Stahlprofil blank"
"9116","IfcTrackElement","Stahlblech blank"
"9116","IfcTrackElement","Stahlprofil blank"
"9117","IfcTrackElement","Stahlblech blank"
"9117","IfcTrackElement","Stahlprofil blank"
"9118","IfcTrackElement","Stahlblech blank"
"9118","IfcTrackElement","Stahlprofil blank"
"9119","IfcTrackElement","Tiefbaubeton"
"9119","IfcTrackElement","Betonfertigteil normalfest"
"9119","IfcTrackElement","Betonfertigteil hochfest"
"9120","IfcTrackElement","Betonfertigteil normalfest"
"9120","IfcTrackElement","Betonfertigteil hochfest"
"9121","IfcTrackElement","Tiefbaubeton"
"9122","IfcTrackElement","Tiefbaubeton"
"9123","IfcTrackElement","Betonfertigteil normalfest"
"9123","IfcTrackElement","Betonfertigteil hochfest"
"9124","IfcTrackElement","Tiefbaubeton"
"9124","IfcTrackElement","Betonfertigteil normalfest"
"9125","IfcTrackElement","Tiefbaubeton"
"9126","IfcTrackElement","Betonfertigteil normalfest"
"9127","IfcTrackElement","Tiefbaubeton"
"9127","IfcTrackElement","Betonfertigteil normalfest"
"9128","IfcTrackElement","Tiefbaubeton"
"9129","IfcTrackElement","Betonfertigteil normalfest"
"9130","IfcTrackElement","Tiefbaubeton"
"9130","IfcTrackElement","Betonfertigteil normalfest"
"9131","IfcTrackElement","Betonfertigteil normalfest"
"9132","IfcTrackElement","Tiefbaubeton"
"9133","IfcTrackElement","Tiefbaubeton"
"9133","IfcTrackElement","Betonfertigteil hochfest"
"9134","IfcTrackElement","Tiefbaubeton"
"9135","IfcTrackElement","Betonfertigteil hochfest"
"9136","IfcTrackElement","Tiefbaubeton"
"9136","IfcTrackElement","Betonfertigteil hochfest"
"9137","IfcTrackElement","Betonfertigteil hochfest"
"9138","IfcTrackElement","Tiefbaubeton"
"9139","IfcTrackElement","Tiefbaubeton"
"9140","IfcTrackElement","Betonfertigteil normalfest"
"9141","IfcTrackElement","Betonfertigteil normalfest"
"9142","IfcTrackElement","Betonfertigteil hochfest"
"9143","IfcTrackElement","Tiefbaubeton"
"9144","IfcTrackElement","Tiefbaubeton"
"9145","IfcTrackElement","Betonfertigteil normalfest"
"9146","IfcTrackElement","Betonfertigteil hochfest"
"9147","IfcTrackElement","Tiefbaubeton"
"9148","IfcTrackElement","Tiefbaubeton"
"9149","IfcTrackElement","Tiefbaubeton"
"9150","IfcTrackElement","Tiefbaubeton"
"9151","IfcTrackElement","Tiefbaubeton"
"9152","IfcTrackElement","Stahlblech blank"
"9152","IfcTrackElement","Stahlprofil blank"
"9153","IfcTrackElement","Stahlblech blank"
"9153","IfcTrackElement","Stahlprofil blank"
"9154","IfcTrackElement","Stahlblech blank"
"9154","IfcTrackElement","Stahlprofil blank"
"9155","IfcTrackElement","Stahlblech blank"
"9155","IfcTrackElement","Stahlprofil blank"
"9156","IfcTrackElement","Stahlblech blank"
"9156","IfcTrackElement","Stahlprofil blank"
"9157","IfcTrackElement","Stahlblech blank"
"9157","IfcTrackElement","Stahlprofil blank"
"9158","IfcTrackElement","Stahlblech blank"
"9158","IfcTrackElement","Stahlprofil blank"
"9159","IfcTrackElement","Stahlblech blank"
"9159","IfcTrackElement","Stahlprofil blank"
"9160","IfcTrackElement","Stahlblech blank"
"9160","IfcTrackElement","Stahlprofil blank"
"9161","IfcTrackElement","Stahlblech blank"
"9161","IfcTrackElement","Stahlprofil blank"
"9162","IfcTrackElement","Stahlblech blank"
"9162","IfcTrackElement","Stahlprofil blank"
"9163","IfcTrackElement","Stahlblech blank"
"9163","IfcTrackElement","Stahlprofil blank"
"9164","IfcTrackElement","Stahlblech blank"
"9164","IfcTrackElement","Stahlprofil blank"
"9165","IfcTrackElement","Stahlblech blank"
"9165","IfcTrackElement","Stahlprofil blank"
"9166","IfcTrackElement","Stahlblech blank"
"9166","IfcTrackElement","Stahlprofil blank"
"9167","IfcTrackElement","Stahlblech blank"
"9167","IfcTrackElement","Stahlprofil blank"
"9168","IfcTrackElement","Stahlblech blank"
"9168","IfcTrackElement","Stahlprofil blank"
"9169","IfcTrackElement","Stahlblech blank"
"9169","IfcTrackElement","Stahlprofil blank"
"9170","IfcTrackElement","Stahlblech blank"
"9170","IfcTrackElement","Stahlprofil blank"
"9171","IfcTrackElement","Stahlblech blank"
"9171","IfcTrackElement","Stahlprofil blank"
"9172","IfcTrackElement","Stahlblech blank"
"9172","IfcTrackElement","Stahlprofil blank"
"9173","IfcTrackElement","Stahlblech blank"
"9173","IfcTrackElement","Stahlprofil blank"
"9174","IfcTrackElement","Stahlblech blank"
"9174","IfcTrackElement","Stahlprofil blank"
"9175","IfcTrackElement","Stahlprofil blank"
"9176","IfcTrackElement","Stahlprofil blank"
"9177","IfcTrackElement","Stahlprofil blank"
"9178","IfcTrackElement","Stahlprofil blank"
"9179","IfcTrackElement","Stahlprofil blank"
"9180","IfcTrackElement","Stahlprofil blank"
"9181","IfcTrackElement","Stahlprofil blank"
"9182","IfcTrackElement","Stahlprofil blank"
"9183","IfcTrackElement","Stahlprofil blank"
"9184","IfcTrackElement","Stahlprofil blank"
"9185","IfcTrackElement","Stahlprofil blank"
"9186","IfcTrackElement","Stahlprofil blank"
"9187","IfcTrackElement","Stahlprofil blank"
"9188","IfcTrackElement","Stahlprofil blank"
"9189","IfcTrackElement","Stahlprofil blank"
"9190","IfcTrackElement","Stahlprofil blank"
"9191","IfcTrackElement","Stahlprofil blank"
"9192","IfcTrackElement","Stahlprofil blank"
"9193","IfcTrackElement","Stahlprofil blank"
"9194","IfcTrackElement","Stahlprofil blank"
"9195","IfcTrackElement","Stahlprofil blank"
"9196","IfcTrackElement","Stahlprofil blank"
"9197","IfcTrackElement","Stahlprofil blank"
"9198","IfcTrackElement","Stahlprofil blank"
"9199","IfcTrackElement","Tiefbaubeton"
"9199","IfcTrackElement","Betonfertigteil normalfest"
"9199","IfcTrackElement","Betonfertigteil hochfest"
"9200","IfcTrackElement","Betonfertigteil normalfest"
"9200","IfcTrackElement","Betonfertigteil hochfest"
"9201","IfcTrackElement","Tiefbaubeton"
"9202","IfcTrackElement","Tiefbaubeton"
"9203","IfcTrackElement","Betonfertigteil normalfest"
"9203","IfcTrackElement","Betonfertigteil hochfest"
"9204","IfcTrackElement","Tiefbaubeton"
"9204","IfcTrackElement","Betonfertigteil normalfest"
"9205","IfcTrackElement","Betonfertigteil normalfest"
"9206","IfcTrackElement","Tiefbaubeton"
"9207","IfcTrackElement","Tiefbaubeton"
"9207","IfcTrackElement","Betonfertigteil normalfest"
"9208","IfcTrackElement","Betonfertigteil normalfest"
"9209","IfcTrackElement","Tiefbaubeton"
"9210","IfcTrackElement","Tiefbaubeton"
"9210","IfcTrackElement","Betonfertigteil normalfest"
"9211","IfcTrackElement","Tiefbaubeton"
"9212","IfcTrackElement","Betonfertigteil normalfest"
"9213","IfcTrackElement","Tiefbaubeton"
"9213","IfcTrackElement","Betonfertigteil hochfest"
"9214","IfcTrackElement","Tiefbaubeton"
"9215","IfcTrackElement","Betonfertigteil hochfest"
"9216","IfcTrackElement","Tiefbaubeton"
"9216","IfcTrackElement","Betonfertigteil hochfest"
"9217","IfcTrackElement","Tiefbaubeton"
"9218","IfcTrackElement","Betonfertigteil hochfest"
"9219","IfcTrackElement","Tiefbaubeton"
"9220","IfcTrackElement","Tiefbaubeton"
"9221","IfcTrackElement","Betonfertigteil hochfest"
"9222","IfcTrackElement","Tiefbaubeton"
"9223","IfcTrackElement","Tiefbaubeton"
"9224","IfcTrackElement","Tiefbaubeton"
"9225","IfcTrackElement","Tiefbaubeton"
"9226","IfcTrackElement","Betonfertigteil normalfest"
"9227","IfcTrackElement","Betonfertigteil hochfest"
"9228","IfcTrackElement","Tiefbaubeton"
"9229","IfcTrackElement","Betonfertigteil normalfest"
"9230","IfcTrackElement","Tiefbaubeton"
"9231","IfcTrackElement","Betonfertigteil normalfest"
"9232","IfcTrackElement","Tiefbaubeton"
"9233","IfcTrackElement","Massivholz Buche Eiche kammergetrocknet gehobelt"
"9233","IfcTrackElement","Massivholz Buche Eiche kammergetrocknet rau"
"9233","IfcTrackElement","Massivholz Buche Eiche luftgetrocknet rau"
"9234","IfcTrackElement","Massivholz Buche Eiche kammergetrocknet gehobelt"
"9234","IfcTrackElement","Massivholz Buche Eiche kammergetrocknet rau"
"9234","IfcTrackElement","Massivholz Buche Eiche luftgetrocknet rau"
"9235","IfcTrackElement","Massivholz Buche Eiche kammergetrocknet gehobelt"
"9235","IfcTrackElement","Massivholz Buche Eiche kammergetrocknet rau"
"9235","IfcTrackElement","Massivholz Buche Eiche luftgetrocknet rau"
"9236","IfcTrackElement","Polyethylen PE"
"9236","IfcTrackElement","Polypropylen PP"
"9236","IfcTrackElement","Polyvinylchlorid PVC"
"9236","IfcTrackElement","Polycarbonat PC"
"9236","IfcTrackElement","Polyamid PA glasfaserverstärkt"
"9237","IfcTrackElement","Polyethylen PE"
"9237","IfcTrackElement","Polypropylen PP"
"9238","IfcTrackElement","Tiefbaubeton"
"9238","IfcTrackElement","Betonfertigteil normalfest"
"9238","IfcTrackElement","Betonfertigteil hochfest"
"9239","IfcTrackElement","Betonfertigteil normalfest"
"9239","IfcTrackElement","Betonfertigteil hochfest"
"9240","IfcTrackElement","Tiefbaubeton"
"9241","IfcTrackElement","Betonfertigteil normalfest"
"9241","IfcTrackElement","Betonfertigteil hochfest"
"9242","IfcTrackElement","Tiefbaubeton"
"9242","IfcTrackElement","Betonfertigteil normalfest"
"9243","IfcTrackElement","Betonfertigteil normalfest"
"9244","IfcTrackElement","Tiefbaubeton"
"9245","IfcTrackElement","Tiefbaubeton"
"9245","IfcTrackElement","Betonfertigteil normalfest"
"9246","IfcTrackElement","Betonfertigteil normalfest"
"9247","IfcTrackElement","Tiefbaubeton"
"9248","IfcTrackElement","Tiefbaubeton"
"9248","IfcTrackElement","Betonfertigteil normalfest"
"9249","IfcTrackElement","Tiefbaubeton"
"9250","IfcTrackElement","Betonfertigteil normalfest"
"9251","IfcTrackElement","Tiefbaubeton"
"9251","IfcTrackElement","Betonfertigteil hochfest"
"9252","IfcTrackElement","Tiefbaubeton"
"9253","IfcTrackElement","Betonfertigteil hochfest"
"9254","IfcTrackElement","Tiefbaubeton"
"9254","IfcTrackElement","Betonfertigteil hochfest"
"9255","IfcTrackElement","Tiefbaubeton"
"9256","IfcTrackElement","Betonfertigteil hochfest"
"9257","IfcTrackElement","Tiefbaubeton"
"9258","IfcTrackElement","Betonfertigteil normalfest"
"9259","IfcTrackElement","Betonfertigteil normalfest"
"9260","IfcTrackElement","Tiefbaubeton"
"9261","IfcTrackElement","Tiefbaubeton"
"9262","IfcTrackElement","Tiefbaubeton"
"9263","IfcTrackElement","Tiefbaubeton"
"9264","IfcTrackElement","Betonfertigteil hochfest"
"9265","IfcTrackElement","Betonfertigteil hochfest"
"9266","IfcTrackElement","Tiefbaubeton"
"9267","IfcTrackElement","Betonfertigteil normalfest"
"9268","IfcTrackElement","Tiefbaubeton"
"9269","IfcTrackElement","Tiefbaubeton"
"9270","IfcTrackElement","Tiefbaubeton"
"9271","IfcTrackElement","Stahlblech blank"
"9271","IfcTrackElement","Stahlprofil blank"
"9272","IfcTrackElement","Stahlblech blank"
"9272","IfcTrackElement","Stahlprofil blank"
"9273","IfcTrackElement","Stahlblech blank"
"9273","IfcTrackElement","Stahlprofil blank"
"9274","IfcTrackElement","Stahlblech blank"
"9274","IfcTrackElement","Stahlprofil blank"
"9275","IfcTrackElement","Stahlblech blank"
"9275","IfcTrackElement","Stahlprofil blank"
"9276","IfcTrackElement","Stahlblech blank"
"9276","IfcTrackElement","Stahlprofil blank"
"9277","IfcTrackElement","Stahlblech blank"
"9277","IfcTrackElement","Stahlprofil blank"
"9278","IfcTrackElement","Stahlblech blank"
"9278","IfcTrackElement","Stahlprofil blank"
"9279","IfcTrackElement","Stahlblech blank"
"9279","IfcTrackElement","Stahlprofil blank"
"9280","IfcTrackElement","Stahlblech blank"
"9280","IfcTrackElement","Stahlprofil blank"
"9281","IfcTrackElement","Stahlblech blank"
"9281","IfcTrackElement","Stahlprofil blank"
"9282","IfcTrackElement","Stahlblech blank"
"9282","IfcTrackElement","Stahlprofil blank"
"9283","IfcTrackElement","Stahlblech blank"
"9283","IfcTrackElement","Stahlprofil blank"
"9284","IfcTrackElement","Stahlblech blank"
"9284","IfcTrackElement","Stahlprofil blank"
"9285","IfcTrackElement","Tiefbaubeton"
"9285","IfcTrackElement","Betonfertigteil normalfest"
"9285","IfcTrackElement","Betonfertigteil hochfest"
"9286","IfcTrackElement","Betonfertigteil normalfest"
"9286","IfcTrackElement","Betonfertigteil hochfest"
"9287","IfcTrackElement","Tiefbaubeton"
"9288","IfcTrackElement","Tiefbaubeton"
"9289","IfcTrackElement","Betonfertigteil normalfest"
"9289","IfcTrackElement","Betonfertigteil hochfest"
"9290","IfcTrackElement","Tiefbaubeton"
"9290","IfcTrackElement","Betonfertigteil normalfest"
"9291","IfcTrackElement","Betonfertigteil normalfest"
"9292","IfcTrackElement","Tiefbaubeton"
"9293","IfcTrackElement","Tiefbaubeton"
"9293","IfcTrackElement","Betonfertigteil normalfest"
"9294","IfcTrackElement","Tiefbaubeton"
"9295","IfcTrackElement","Betonfertigteil normalfest"
"9296","IfcTrackElement","Tiefbaubeton"
"9296","IfcTrackElement","Betonfertigteil normalfest"
"9297","IfcTrackElement","Betonfertigteil normalfest"
"9298","IfcTrackElement","Tiefbaubeton"
"9299","IfcTrackElement","Tiefbaubeton"
"9299","IfcTrackElement","Betonfertigteil hochfest"
"9300","IfcTrackElement","Tiefbaubeton"
"9301","IfcTrackElement","Betonfertigteil hochfest"
"9302","IfcTrackElement","Tiefbaubeton"
"9302","IfcTrackElement","Betonfertigteil hochfest"
"9303","IfcTrackElement","Betonfertigteil hochfest"
"9304","IfcTrackElement","Tiefbaubeton"
"9305","IfcTrackElement","Tiefbaubeton"
"9306","IfcTrackElement","Betonfertigteil normalfest"
"9307","IfcTrackElement","Tiefbaubeton"
"9308","IfcTrackElement","Betonfertigteil hochfest"
"9309","IfcTrackElement","Tiefbaubeton"
"9310","IfcTrackElement","Tiefbaubeton"
"9311","IfcTrackElement","Tiefbaubeton"
"9312","IfcTrackElement","Tiefbaubeton"
"9313","IfcTrackElement","Tiefbaubeton"
"9314","IfcTrackElement","Betonfertigteil normalfest"
"9315","IfcTrackElement","Betonfertigteil normalfest"
"9316","IfcTrackElement","Tiefbaubeton"
"9317","IfcTrackElement","Betonfertigteil hochfest"
"9318","IfcTrackElement","Stahlblech blank"
"9318","IfcTrackElement","Stahlprofil blank"
"9319","IfcTrackElement","Stahlblech blank"
"9319","IfcTrackElement","Stahlprofil blank"
"9320","IfcTrackElement","Stahlblech blank"
"9320","IfcTrackElement","Stahlprofil blank"
"9321","IfcTrackElement","Stahlblech blank"
"9321","IfcTrackElement","Stahlprofil blank"
"9322","IfcTrackElement","Stahlblech blank"
"9322","IfcTrackElement","Stahlprofil blank"
"9323","IfcTrackElement","Stahlblech blank"
"9323","IfcTrackElement","Stahlprofil blank"
"9324","IfcTrackElement","Stahlblech blank"
"9324","IfcTrackElement","Stahlprofil blank"
"9325","IfcTrackElement","Stahlblech blank"
"9325","IfcTrackElement","Stahlprofil blank"
"9326","IfcTrackElement","Tiefbaubeton"
"9326","IfcTrackElement","Betonfertigteil normalfest"
"9326","IfcTrackElement","Betonfertigteil hochfest"
"9327","IfcTrackElement","Betonfertigteil normalfest"
"9327","IfcTrackElement","Betonfertigteil hochfest"
"9328","IfcTrackElement","Tiefbaubeton"
"9329","IfcTrackElement","Tiefbaubeton"
"9330","IfcTrackElement","Betonfertigteil normalfest"
"9330","IfcTrackElement","Betonfertigteil hochfest"
"9331","IfcTrackElement","Tiefbaubeton"
"9331","IfcTrackElement","Betonfertigteil normalfest"
"9332","IfcTrackElement","Tiefbaubeton"
"9333","IfcTrackElement","Betonfertigteil normalfest"
"9334","IfcTrackElement","Tiefbaubeton"
"9334","IfcTrackElement","Betonfertigteil normalfest"
"9335","IfcTrackElement","Tiefbaubeton"
"9336","IfcTrackElement","Betonfertigteil normalfest"
"9337","IfcTrackElement","Tiefbaubeton"
"9337","IfcTrackElement","Betonfertigteil normalfest"
"9338","IfcTrackElement","Betonfertigteil normalfest"
"9339","IfcTrackElement","Tiefbaubeton"
"9340","IfcTrackElement","Tiefbaubeton"
"9340","IfcTrackElement","Betonfertigteil hochfest"
"9341","IfcTrackElement","Tiefbaubeton"
"9342","IfcTrackElement","Betonfertigteil hochfest"
"9343","IfcTrackElement","Tiefbaubeton"
"9343","IfcTrackElement","Betonfertigteil hochfest"
"9344","IfcTrackElement","Betonfertigteil hochfest"
"9345","IfcTrackElement","Tiefbaubeton"
"9346","IfcTrackElement","Tiefbaubeton"
"9347","IfcTrackElement","Tiefbaubeton"
"9348","IfcTrackElement","Tiefbaubeton"
"9349","IfcTrackElement","Betonfertigteil hochfest"
"9350","IfcTrackElement","Tiefbaubeton"
"9351","IfcTrackElement","Betonfertigteil normalfest"
"9352","IfcTrackElement","Betonfertigteil hochfest"
"9353","IfcTrackElement","Tiefbaubeton"
"9354","IfcTrackElement","Tiefbaubeton"
"9355","IfcTrackElement","Betonfertigteil normalfest"
"9356","IfcTrackElement","Tiefbaubeton"
"9357","IfcTrackElement","Betonfertigteil normalfest"
"9358","IfcTrackElement","Tiefbaubeton"
"9359","IfcTrackElement","Tiefbaubeton"
"9360","IfcTrackElement","Stahlblech blank"
"9360","IfcTrackElement","Stahlprofil blank"
"9361","IfcTrackElement","Stahlblech blank"
"9361","IfcTrackElement","Stahlprofil blank"
"9362","IfcTrackElement","Stahlblech blank"
"9362","IfcTrackElement","Stahlprofil blank"
"9363","IfcTrackElement","Stahlblech blank"
"9363","IfcTrackElement","Stahlprofil blank"
"9364","IfcTrackElement","Stahlblech blank"
"9364","IfcTrackElement","Stahlprofil blank"
"9365","IfcTrackElement","Stahlblech blank"
"9365","IfcTrackElement","Stahlprofil blank"
"9366","IfcTrackElement","Stahlblech blank"
"9366","IfcTrackElement","Stahlprofil blank"
"9367","IfcTrackElement","Stahlblech blank"
"9367","IfcTrackElement","Stahlprofil blank"
"9368","IfcTrackElement","Stahlblech blank"
"9368","IfcTrackElement","Stahlprofil blank"
"9369","IfcTrackElement","Stahlblech blank"
"9369","IfcTrackElement","Stahlprofil blank"
"9370","IfcTrackElement","Stahlblech blank"
"9370","IfcTrackElement","Stahlprofil blank"
"9371","IfcWall","Stahlblech blank"
"9371","IfcWall","Stahlprofil blank"
"9372","IfcWall","Stahlblech blank"
"9372","IfcWall","Stahlprofil blank"
"9373","IfcWall","Stahlblech blank"
"9373","IfcWall","Stahlprofil blank"
"9374","IfcWall","Tiefbaubeton"
"9374","IfcWall","Betonfertigteil normalfest"
"9374","IfcWall","Betonfertigteil hochfest"
"9375","IfcWall","Betonfertigteil normalfest"
"9375","IfcWall","Betonfertigteil hochfest"
"9376","IfcWall","Tiefbaubeton"
"9377","IfcWall","Tiefbaubeton"
"9378","IfcWall","Betonfertigteil normalfest"
"9378","IfcWall","Betonfertigteil hochfest"
"9379","IfcWall","Magerbeton"
"9380","IfcWall","Magerbeton"
"9381","IfcWall","Magerbeton"
"9382","IfcWall","Magerbeton"
"9383","IfcWall","Tiefbaubeton"
"9383","IfcWall","Betonfertigteil normalfest"
"9384","IfcWall","Betonfertigteil normalfest"
"9385","IfcWall","Tiefbaubeton"
"9386","IfcWall","Tiefbaubeton"
"9386","IfcWall","Betonfertigteil normalfest"
"9387","IfcWall","Tiefbaubeton"
"9388","IfcWall","Betonfertigteil normalfest"
"9389","IfcWall","Tiefbaubeton"
"9389","IfcWall","Betonfertigteil normalfest"
"9390","IfcWall","Betonfertigteil normalfest"
"9391","IfcWall","Tiefbaubeton"
"9392","IfcWall","Tiefbaubeton"
"9392","IfcWall","Betonfertigteil hochfest"
"9393","IfcWall","Tiefbaubeton"
"9394","IfcWall","Betonfertigteil hochfest"
"9395","IfcWall","Tiefbaubeton"
"9395","IfcWall","Betonfertigteil hochfest"
"9396","IfcWall","Tiefbaubeton"
"9397","IfcWall","Betonfertigteil hochfest"
"9398","IfcWall","Baugrubensicherung Bohrpfahlwand gespriesst"
"9399","IfcWall","Baugrubensicherung Bohrpfahlwand gespriesst"
"9400","IfcWall","Baugrubensicherung Bohrpfahlwand gespriesst"
"9401","IfcWall","Baugrubensicherung Bohrpfahlwand gespriesst"
"9402","IfcWall","Baugrubensicherung Bohrpfahlwand gespriesst"
"9403","IfcWall","Baugrubensicherung Bohrpfahlwand gespriesst"
"9404","IfcWall","Baugrubensicherung Bohrpfahlwand gespriesst"
"9405","IfcWall","Baugrubensicherung Bohrpfahlwand gespriesst"
"9406","IfcWall","Baugrubensicherung Bohrpfahlwand gespriesst"
"9407","IfcWall","Baugrubensicherung Bohrpfahlwand gespriesst"
"9408","IfcWall","Baugrubensicherung Bohrpfahlwand gespriesst"
"9409","IfcWall","Baugrubensicherung Bohrpfahlwand gespriesst"
"9410","IfcWall","Baugrubensicherung Bohrpfahlwand gespriesst"
"9411","IfcWall","Baugrubensicherung Bohrpfahlwand gespriesst"
"9412","IfcWall","Baugrubensicherung Bohrpfahlwand gespriesst"
"9413","IfcWall","Baugrubensicherung Bohrpfahlwand gespriesst"
"9414","IfcWall","Baugrubensicherung Bohrpfahlwand gespriesst"
"9415","IfcWall","Baugrubensicherung Bohrpfahlwand gespriesst"
"9416","IfcWall","Baugrubensicherung Bohrpfahlwand gespriesst"
"9417","IfcWall","Baugrubensicherung Bohrpfahlwand gespriesst"
"9418","IfcWall","Baugrubensicherung Bohrpfahlwand unverankert"
"9419","IfcWall","Baugrubensicherung Bohrpfahlwand unverankert"
"9420","IfcWall","Baugrubensicherung Bohrpfahlwand unverankert"
"9421","IfcWall","Baugrubensicherung Bohrpfahlwand unverankert"
"9422","IfcWall","Baugrubensicherung Bohrpfahlwand unverankert"
"9423","IfcWall","Baugrubensicherung Bohrpfahlwand unverankert"
"9424","IfcWall","Baugrubensicherung Bohrpfahlwand unverankert"
"9425","IfcWall","Baugrubensicherung Bohrpfahlwand unverankert"
"9426","IfcWall","Baugrubensicherung Bohrpfahlwand unverankert"
"9427","IfcWall","Baugrubensicherung Bohrpfahlwand unverankert"
"9428","IfcWall","Baugrubensicherung Bohrpfahlwand unverankert"
"9429","IfcWall","Baugrubensicherung Bohrpfahlwand unverankert"
"9430","IfcWall","Baugrubensicherung Bohrpfahlwand unverankert"
"9431","IfcWall","Baugrubensicherung Bohrpfahlwand unverankert"
"9432","IfcWall","Baugrubensicherung Bohrpfahlwand unverankert"
"9433","IfcWall","Baugrubensicherung Bohrpfahlwand unverankert"
"9434","IfcWall","Baugrubensicherung Bohrpfahlwand unverankert"
"9435","IfcWall","Baugrubensicherung Bohrpfahlwand unverankert"
"9436","IfcWall","Baugrubensicherung Bohrpfahlwand unverankert"
"9437","IfcWall","Baugrubensicherung Bohrpfahlwand unverankert"
"9438","IfcWall","Baugrubensicherung Bohrpfahlwand verankert"
"9439","IfcWall","Baugrubensicherung Bohrpfahlwand verankert"
"9440","IfcWall","Baugrubensicherung Bohrpfahlwand verankert"
"9441","IfcWall","Baugrubensicherung Bohrpfahlwand verankert"
"9442","IfcWall","Baugrubensicherung Bohrpfahlwand verankert"
"9443","IfcWall","Baugrubensicherung Bohrpfahlwand verankert"
"9444","IfcWall","Baugrubensicherung Bohrpfahlwand verankert"
"9445","IfcWall","Baugrubensicherung Bohrpfahlwand verankert"
"9446","IfcWall","Baugrubensicherung Bohrpfahlwand verankert"
"9447","IfcWall","Baugrubensicherung Bohrpfahlwand verankert"
"9448","IfcWall","Baugrubensicherung Bohrpfahlwand verankert"
"9449","IfcWall","Baugrubensicherung Bohrpfahlwand verankert"
"9450","IfcWall","Baugrubensicherung Bohrpfahlwand verankert"
"9451","IfcWall","Baugrubensicherung Bohrpfahlwand verankert"
"9452","IfcWall","Baugrubensicherung Bohrpfahlwand verankert"
"9453","IfcWall","Baugrubensicherung Bohrpfahlwand verankert"
"9454","IfcWall","Baugrubensicherung Bohrpfahlwand verankert"
"9455","IfcWall","Baugrubensicherung Bohrpfahlwand verankert"
"9456","IfcWall","Baugrubensicherung Bohrpfahlwand verankert"
"9457","IfcWall","Baugrubensicherung Bohrpfahlwand verankert"
"9458","IfcWall","Tiefbaubeton"
"9459","IfcWall","Tiefbaubeton"
"9460","IfcWall","Tiefbaubeton"
"9461","IfcWall","Tiefbaubeton"
"9462","IfcWall","Betonfertigteil hochfest"
"9463","IfcWall","Baugrubensicherung Bohrpfahlwand gespriesst"
"9464","IfcWall","Baugrubensicherung Bohrpfahlwand unverankert"
"9465","IfcWall","Baugrubensicherung Bohrpfahlwand verankert"
"9466","IfcWall","Baugrubensicherung Nagelwand"
"9467","IfcWall","Baugrubensicherung Rühlwand auskragend"
"9468","IfcWall","Baugrubensicherung Rühlwand gespriesst"
"9469","IfcWall","Baugrubensicherung Rühlwand verankert"
"9470","IfcWall","Baugrubensicherung Schlitzwand 400"
"9471","IfcWall","Baugrubensicherung Schlitzwand 800"
"9472","IfcWall","Tiefbaubeton"
"9473","IfcWall","Betonfertigteil normalfest"
"9474","IfcWall","Tiefbaubeton"
"9475","IfcWall","Baugrubensicherung Bohrpfahlwand gespriesst"
"9476","IfcWall","Baugrubensicherung Bohrpfahlwand unverankert"
"9477","IfcWall","Baugrubensicherung Bohrpfahlwand verankert"
"9478","IfcWall","Baugrubensicherung Nagelwand"
"9479","IfcWall","Baugrubensicherung Rühlwand auskragend"
"9480","IfcWall","Baugrubensicherung Rühlwand gespriesst"
"9481","IfcWall","Baugrubensicherung Rühlwand verankert"
"9482","IfcWall","Baugrubensicherung Schlitzwand 400"
"9483","IfcWall","Baugrubensicherung Schlitzwand 800"
"9484","IfcWall","Tiefbaubeton"
"9485","IfcWall","Tiefbaubeton"
"9486","IfcWall","Betonfertigteil normalfest"
"9487","IfcWall","Betonfertigteil hochfest"
"9488","IfcWall","Baugrubensicherung Bohrpfahlwand gespriesst"
"9489","IfcWall","Baugrubensicherung Bohrpfahlwand unverankert"
"9490","IfcWall","Baugrubensicherung Bohrpfahlwand verankert"
"9491","IfcWall","Baugrubensicherung Nagelwand"
"9492","IfcWall","Baugrubensicherung Rühlwand auskragend"
"9493","IfcWall","Baugrubensicherung Rühlwand gespriesst"
"9494","IfcWall","Baugrubensicherung Rühlwand verankert"
"9495","IfcWall","Baugrubensicherung Schlitzwand 400"
"9496","IfcWall","Baugrubensicherung Schlitzwand 800"
"9497","IfcWall","Tiefbaubeton"
"9498","IfcWall","Betonfertigteil normalfest"
"9499","IfcWall","Baugrubensicherung Bohrpfahlwand gespriesst"
"9500","IfcWall","Baugrubensicherung Bohrpfahlwand unverankert"
"9501","IfcWall","Baugrubensicherung Bohrpfahlwand verankert"
"9502","IfcWall","Baugrubensicherung Nagelwand"
"9503","IfcWall","Baugrubensicherung Rühlwand auskragend"
"9504","IfcWall","Baugrubensicherung Rühlwand gespriesst"
"9505","IfcWall","Baugrubensicherung Rühlwand verankert"
"9506","IfcWall","Baugrubensicherung Schlitzwand 400"
"9507","IfcWall","Baugrubensicherung Schlitzwand 800"
"9508","IfcWall","Baugrubensicherung Nagelwand"
"9509","IfcWall","Baugrubensicherung Nagelwand"
"9510","IfcWall","Baugrubensicherung Nagelwand"
"9511","IfcWall","Baugrubensicherung Nagelwand"
"9512","IfcWall","Baugrubensicherung Nagelwand"
"9513","IfcWall","Baugrubensicherung Nagelwand"
"9514","IfcWall","Baugrubensicherung Nagelwand"
"9515","IfcWall","Baugrubensicherung Nagelwand"
"9516","IfcWall","Baugrubensicherung Nagelwand"
"9517","IfcWall","Baugrubensicherung Nagelwand"
"9518","IfcWall","Baugrubensicherung Nagelwand"
"9519","IfcWall","Baugrubensicherung Nagelwand"
"9520","IfcWall","Baugrubensicherung Nagelwand"
"9521","IfcWall","Baugrubensicherung Nagelwand"
"9522","IfcWall","Baugrubensicherung Nagelwand"
"9523","IfcWall","Baugrubensicherung Nagelwand"
"9524","IfcWall","Baugrubensicherung Nagelwand"
"9525","IfcWall","Baugrubensicherung Nagelwand"
"9526","IfcWall","Baugrubensicherung Nagelwand"
"9527","IfcWall","Baugrubensicherung Nagelwand"
"9528","IfcWall","Baugrubensicherung Rühlwand auskragend"
"9529","IfcWall","Baugrubensicherung Rühlwand auskragend"
"9530","IfcWall","Baugrubensicherung Rühlwand auskragend"
"9531","IfcWall","Baugrubensicherung Rühlwand auskragend"
"9532","IfcWall","Baugrubensicherung Rühlwand auskragend"
"9533","IfcWall","Baugrubensicherung Rühlwand auskragend"
"9534","IfcWall","Baugrubensicherung Rühlwand auskragend"
"9535","IfcWall","Baugrubensicherung Rühlwand auskragend"
"9536","IfcWall","Baugrubensicherung Rühlwand auskragend"
"9537","IfcWall","Baugrubensicherung Rühlwand auskragend"
"9538","IfcWall","Baugrubensicherung Rühlwand auskragend"
"9539","IfcWall","Baugrubensicherung Rühlwand auskragend"
"9540","IfcWall","Baugrubensicherung Rühlwand auskragend"
"9541","IfcWall","Baugrubensicherung Rühlwand auskragend"
"9542","IfcWall","Baugrubensicherung Rühlwand auskragend"
"9543","IfcWall","Baugrubensicherung Rühlwand auskragend"
"9544","IfcWall","Baugrubensicherung Rühlwand auskragend"
"9545","IfcWall","Baugrubensicherung Rühlwand auskragend"
"9546","IfcWall","Baugrubensicherung Rühlwand auskragend"
"9547","IfcWall","Baugrubensicherung Rühlwand auskragend"
"9548","IfcWall","Baugrubensicherung Rühlwand gespriesst"
"9549","IfcWall","Baugrubensicherung Rühlwand gespriesst"
"9550","IfcWall","Baugrubensicherung Rühlwand gespriesst"
"9551","IfcWall","Baugrubensicherung Rühlwand gespriesst"
"9552","IfcWall","Baugrubensicherung Rühlwand gespriesst"
"9553","IfcWall","Baugrubensicherung Rühlwand gespriesst"
"9554","IfcWall","Baugrubensicherung Rühlwand gespriesst"
"9555","IfcWall","Baugrubensicherung Rühlwand gespriesst"
"9556","IfcWall","Baugrubensicherung Rühlwand gespriesst"
"9557","IfcWall","Baugrubensicherung Rühlwand gespriesst"
"9558","IfcWall","Baugrubensicherung Rühlwand gespriesst"
"9559","IfcWall","Baugrubensicherung Rühlwand gespriesst"
"9560","IfcWall","Baugrubensicherung Rühlwand gespriesst"
"9561","IfcWall","Baugrubensicherung Rühlwand gespriesst"
"9562","IfcWall","Baugrubensicherung Rühlwand gespriesst"
"9563","IfcWall","Baugrubensicherung Rühlwand gespriesst"
"9564","IfcWall","Baugrubensicherung Rühlwand gespriesst"
"9565","IfcWall","Baugrubensicherung Rühlwand gespriesst"
"9566","IfcWall","Baugrubensicherung Rühlwand gespriesst"
"9567","IfcWall","Baugrubensicherung Rühlwand gespriesst"
"9568","IfcWall","Baugrubensicherung Rühlwand verankert"
"9569","IfcWall","Baugrubensicherung Rühlwand verankert"
"9570","IfcWall","Baugrubensicherung Rühlwand verankert"
"9571","IfcWall","Baugrubensicherung Rühlwand verankert"
"9572","IfcWall","Baugrubensicherung Rühlwand verankert"
"9573","IfcWall","Baugrubensicherung Rühlwand verankert"
"9574","IfcWall","Baugrubensicherung Rühlwand verankert"
"9575","IfcWall","Baugrubensicherung Rühlwand verankert"
"9576","IfcWall","Baugrubensicherung Rühlwand verankert"
"9577","IfcWall","Baugrubensicherung Rühlwand verankert"
"9578","IfcWall","Baugrubensicherung Rühlwand verankert"
"9579","IfcWall","Baugrubensicherung Rühlwand verankert"
"9580","IfcWall","Baugrubensicherung Rühlwand verankert"
"9581","IfcWall","Baugrubensicherung Rühlwand verankert"
"9582","IfcWall","Baugrubensicherung Rühlwand verankert"
"9583","IfcWall","Baugrubensicherung Rühlwand verankert"
"9584","IfcWall","Baugrubensicherung Rühlwand verankert"
"9585","IfcWall","Baugrubensicherung Rühlwand verankert"
"9586","IfcWall","Baugrubensicherung Rühlwand verankert"
"9587","IfcWall","Baugrubensicherung Rühlwand verankert"
"9588","IfcWall","Baugrubensicherung Schlitzwand 400"
"9589","IfcWall","Baugrubensicherung Schlitzwand 400"
"9590","IfcWall","Baugrubensicherung Schlitzwand 400"
"9591","IfcWall","Baugrubensicherung Schlitzwand 400"
"9592","IfcWall","Baugrubensicherung Schlitzwand 400"
"9593","IfcWall","Baugrubensicherung Schlitzwand 400"
"9594","IfcWall","Baugrubensicherung Schlitzwand 400"
"9595","IfcWall","Baugrubensicherung Schlitzwand 400"
"9596","IfcWall","Baugrubensicherung Schlitzwand 400"
"9597","IfcWall","Baugrubensicherung Schlitzwand 400"
"9598","IfcWall","Baugrubensicherung Schlitzwand 400"
"9599","IfcWall","Baugrubensicherung Schlitzwand 400"
"9600","IfcWall","Baugrubensicherung Schlitzwand 400"
"9601","IfcWall","Baugrubensicherung Schlitzwand 400"
"9602","IfcWall","Baugrubensicherung Schlitzwand 400"
"9603","IfcWall","Baugrubensicherung Schlitzwand 400"
"9604","IfcWall","Baugrubensicherung Schlitzwand 400"
"9605","IfcWall","Baugrubensicherung Schlitzwand 400"
"9606","IfcWall","Baugrubensicherung Schlitzwand 400"
"9607","IfcWall","Baugrubensicherung Schlitzwand 400"
"9608","IfcWall","Baugrubensicherung Schlitzwand 800"
"9609","IfcWall","Baugrubensicherung Schlitzwand 800"
"9610","IfcWall","Baugrubensicherung Schlitzwand 800"
"9611","IfcWall","Baugrubensicherung Schlitzwand 800"
"9612","IfcWall","Baugrubensicherung Schlitzwand 800"
"9613","IfcWall","Baugrubensicherung Schlitzwand 800"
"9614","IfcWall","Baugrubensicherung Schlitzwand 800"
"9615","IfcWall","Baugrubensicherung Schlitzwand 800"
"9616","IfcWall","Baugrubensicherung Schlitzwand 800"
"9617","IfcWall","Baugrubensicherung Schlitzwand 800"
"9618","IfcWall","Baugrubensicherung Schlitzwand 800"
"9619","IfcWall","Baugrubensicherung Schlitzwand 800"
"9620","IfcWall","Baugrubensicherung Schlitzwand 800"
"9621","IfcWall","Baugrubensicherung Schlitzwand 800"
"9622","IfcWall","Baugrubensicherung Schlitzwand 800"
"9623","IfcWall","Baugrubensicherung Schlitzwand 800"
"9624","IfcWall","Baugrubensicherung Schlitzwand 800"
"9625","IfcWall","Baugrubensicherung Schlitzwand 800"
"9626","IfcWall","Baugrubensicherung Schlitzwand 800"
"9627","IfcWall","Baugrubensicherung Schlitzwand 800"
"9628","IfcWall","Baugrubensicherung Bohrpfahlwand gespriesst"
"9629","IfcWall","Baugrubensicherung Bohrpfahlwand unverankert"
"9630","IfcWall","Baugrubensicherung Bohrpfahlwand verankert"
"9631","IfcWall","Backstein"
"9631","IfcWall","Kalksandstein"
"9631","IfcWall","Betonziegel"
"9632","IfcWall","Baugrubensicherung Nagelwand"
"9633","IfcWall","Natursteinplatte geschnitten"
"9633","IfcWall","Natursteinplatte geschliffen"
"9633","IfcWall","Hartsandsteinplatte"
"9633","IfcWall","Kalksteinplatte"
"9633","IfcWall","Kunststeinplatte zementgebunden"
"9634","IfcWall","Baugrubensicherung Rühlwand auskragend"
"9635","IfcWall","Baugrubensicherung Rühlwand gespriesst"
"9636","IfcWall","Baugrubensicherung Rühlwand verankert"
"9637","IfcWall","Baugrubensicherung Schlitzwand 400"
"9638","IfcWall","Baugrubensicherung Schlitzwand 800"
"9639","IfcWall","Baugrubensicherung Spundwand auskragend"
"9640","IfcWall","Baugrubensicherung Spundwand gespriesst"
"9641","IfcWall","Baugrubensicherung Spundwand verankert"
"9642","IfcWall","Stahlblech blank"
"9642","IfcWall","Stahlprofil blank"
"9643","IfcWall","Stahlblech blank"
"9643","IfcWall","Stahlprofil blank"
"9644","IfcWall","Stahlblech blank"
"9644","IfcWall","Stahlprofil blank"
"9645","IfcWall","Stahlblech blank"
"9645","IfcWall","Stahlprofil blank"
"9646","IfcWall","Stahlblech blank"
"9646","IfcWall","Stahlprofil blank"
"9647","IfcWall","Stahlblech blank"
"9647","IfcWall","Stahlprofil blank"
"9648","IfcWall","Stahlblech blank"
"9648","IfcWall","Stahlprofil blank"
"9649","IfcWall","Stahlblech blank"
"9649","IfcWall","Stahlprofil blank"
"9650","IfcWall","Baugrubensicherung Spundwand auskragend"
"9651","IfcWall","Baugrubensicherung Spundwand auskragend"
"9652","IfcWall","Baugrubensicherung Spundwand auskragend"
"9653","IfcWall","Baugrubensicherung Spundwand auskragend"
"9654","IfcWall","Baugrubensicherung Spundwand auskragend"
"9655","IfcWall","Baugrubensicherung Spundwand auskragend"
"9656","IfcWall","Baugrubensicherung Spundwand auskragend"
"9657","IfcWall","Baugrubensicherung Spundwand auskragend"
"9658","IfcWall","Baugrubensicherung Spundwand gespriesst"
"9659","IfcWall","Baugrubensicherung Spundwand gespriesst"
"9660","IfcWall","Baugrubensicherung Spundwand gespriesst"
"9661","IfcWall","Baugrubensicherung Spundwand gespriesst"
"9662","IfcWall","Baugrubensicherung Spundwand gespriesst"
"9663","IfcWall","Baugrubensicherung Spundwand gespriesst"
"9664","IfcWall","Baugrubensicherung Spundwand gespriesst"
"9665","IfcWall","Baugrubensicherung Spundwand gespriesst"
"9666","IfcWall","Baugrubensicherung Spundwand verankert"
"9667","IfcWall","Baugrubensicherung Spundwand verankert"
"9668","IfcWall","Baugrubensicherung Spundwand verankert"
"9669","IfcWall","Baugrubensicherung Spundwand verankert"
"9670","IfcWall","Baugrubensicherung Spundwand verankert"
"9671","IfcWall","Baugrubensicherung Spundwand verankert"
"9672","IfcWall","Baugrubensicherung Spundwand verankert"
"9673","IfcWall","Baugrubensicherung Spundwand verankert"
"9674","IfcWall","Tiefbaubeton"
"9674","IfcWall","Betonfertigteil normalfest"
"9674","IfcWall","Betonfertigteil hochfest"
"9675","IfcWall","Betonfertigteil normalfest"
"9675","IfcWall","Betonfertigteil hochfest"
"9676","IfcWall","Tiefbaubeton"
"9677","IfcWall","Tiefbaubeton"
"9678","IfcWall","Betonfertigteil normalfest"
"9678","IfcWall","Betonfertigteil hochfest"
"9679","IfcWall","Tiefbaubeton"
"9679","IfcWall","Betonfertigteil normalfest"
"9680","IfcWall","Tiefbaubeton"
"9681","IfcWall","Betonfertigteil normalfest"
"9682","IfcWall","Tiefbaubeton"
"9682","IfcWall","Betonfertigteil normalfest"
"9683","IfcWall","Tiefbaubeton"
"9684","IfcWall","Betonfertigteil normalfest"
"9685","IfcWall","Tiefbaubeton"
"9685","IfcWall","Betonfertigteil normalfest"
"9686","IfcWall","Betonfertigteil normalfest"
"9687","IfcWall","Tiefbaubeton"
"9688","IfcWall","Tiefbaubeton"
"9688","IfcWall","Betonfertigteil hochfest"
"9689","IfcWall","Betonfertigteil hochfest"
"9690","IfcWall","Tiefbaubeton"
"9691","IfcWall","Tiefbaubeton"
"9691","IfcWall","Betonfertigteil hochfest"
"9692","IfcWall","Tiefbaubeton"
"9693","IfcWall","Betonfertigteil hochfest"
"9694","IfcWall","Baugrubensicherung Bohrpfahlwand gespriesst"
"9695","IfcWall","Baugrubensicherung Bohrpfahlwand gespriesst"
"9696","IfcWall","Baugrubensicherung Bohrpfahlwand gespriesst"
"9697","IfcWall","Baugrubensicherung Bohrpfahlwand gespriesst"
"9698","IfcWall","Baugrubensicherung Bohrpfahlwand gespriesst"
"9699","IfcWall","Baugrubensicherung Bohrpfahlwand gespriesst"
"9700","IfcWall","Baugrubensicherung Bohrpfahlwand gespriesst"
"9701","IfcWall","Baugrubensicherung Bohrpfahlwand gespriesst"
"9702","IfcWall","Baugrubensicherung Bohrpfahlwand gespriesst"
"9703","IfcWall","Baugrubensicherung Bohrpfahlwand gespriesst"
"9704","IfcWall","Baugrubensicherung Bohrpfahlwand gespriesst"
"9705","IfcWall","Baugrubensicherung Bohrpfahlwand gespriesst"
"9706","IfcWall","Baugrubensicherung Bohrpfahlwand gespriesst"
"9707","IfcWall","Baugrubensicherung Bohrpfahlwand gespriesst"
"9708","IfcWall","Baugrubensicherung Bohrpfahlwand gespriesst"
"9709","IfcWall","Baugrubensicherung Bohrpfahlwand gespriesst"
"9710","IfcWall","Baugrubensicherung Bohrpfahlwand gespriesst"
"9711","IfcWall","Baugrubensicherung Bohrpfahlwand gespriesst"
"9712","IfcWall","Baugrubensicherung Bohrpfahlwand gespriesst"
"9713","IfcWall","Baugrubensicherung Bohrpfahlwand gespriesst"
"9714","IfcWall","Baugrubensicherung Bohrpfahlwand unverankert"
"9715","IfcWall","Baugrubensicherung Bohrpfahlwand unverankert"
"9716","IfcWall","Baugrubensicherung Bohrpfahlwand unverankert"
"9717","IfcWall","Baugrubensicherung Bohrpfahlwand unverankert"
"9718","IfcWall","Baugrubensicherung Bohrpfahlwand unverankert"
"9719","IfcWall","Baugrubensicherung Bohrpfahlwand unverankert"
"9720","IfcWall","Baugrubensicherung Bohrpfahlwand unverankert"
"9721","IfcWall","Baugrubensicherung Bohrpfahlwand unverankert"
"9722","IfcWall","Baugrubensicherung Bohrpfahlwand unverankert"
"9723","IfcWall","Baugrubensicherung Bohrpfahlwand unverankert"
"9724","IfcWall","Baugrubensicherung Bohrpfahlwand unverankert"
"9725","IfcWall","Baugrubensicherung Bohrpfahlwand unverankert"
"9726","IfcWall","Baugrubensicherung Bohrpfahlwand unverankert"
"9727","IfcWall","Baugrubensicherung Bohrpfahlwand unverankert"
"9728","IfcWall","Baugrubensicherung Bohrpfahlwand unverankert"
"9729","IfcWall","Baugrubensicherung Bohrpfahlwand unverankert"
"9730","IfcWall","Baugrubensicherung Bohrpfahlwand unverankert"
"9731","IfcWall","Baugrubensicherung Bohrpfahlwand unverankert"
"9732","IfcWall","Baugrubensicherung Bohrpfahlwand unverankert"
"9733","IfcWall","Baugrubensicherung Bohrpfahlwand unverankert"
"9734","IfcWall","Baugrubensicherung Bohrpfahlwand verankert"
"9735","IfcWall","Baugrubensicherung Bohrpfahlwand verankert"
"9736","IfcWall","Baugrubensicherung Bohrpfahlwand verankert"
"9737","IfcWall","Baugrubensicherung Bohrpfahlwand verankert"
"9738","IfcWall","Baugrubensicherung Bohrpfahlwand verankert"
"9739","IfcWall","Baugrubensicherung Bohrpfahlwand verankert"
"9740","IfcWall","Baugrubensicherung Bohrpfahlwand verankert"
"9741","IfcWall","Baugrubensicherung Bohrpfahlwand verankert"
"9742","IfcWall","Baugrubensicherung Bohrpfahlwand verankert"
"9743","IfcWall","Baugrubensicherung Bohrpfahlwand verankert"
"9744","IfcWall","Baugrubensicherung Bohrpfahlwand verankert"
"9745","IfcWall","Baugrubensicherung Bohrpfahlwand verankert"
"9746","IfcWall","Baugrubensicherung Bohrpfahlwand verankert"
"9747","IfcWall","Baugrubensicherung Bohrpfahlwand verankert"
"9748","IfcWall","Baugrubensicherung Bohrpfahlwand verankert"
"9749","IfcWall","Baugrubensicherung Bohrpfahlwand verankert"
"9750","IfcWall","Baugrubensicherung Bohrpfahlwand verankert"
"9751","IfcWall","Baugrubensicherung Bohrpfahlwand verankert"
"9752","IfcWall","Baugrubensicherung Bohrpfahlwand verankert"
"9753","IfcWall","Baugrubensicherung Bohrpfahlwand verankert"
"9754","IfcWall","Tiefbaubeton"
"9755","IfcWall","Tiefbaubeton"
"9756","IfcWall","Betonfertigteil normalfest"
"9757","IfcWall","Tiefbaubeton"
"9758","IfcWall","Baugrubensicherung Bohrpfahlwand gespriesst"
"9759","IfcWall","Baugrubensicherung Bohrpfahlwand unverankert"
"9760","IfcWall","Baugrubensicherung Bohrpfahlwand verankert"
"9761","IfcWall","Baugrubensicherung Nagelwand"
"9762","IfcWall","Baugrubensicherung Rühlwand auskragend"
"9763","IfcWall","Baugrubensicherung Rühlwand gespriesst"
"9764","IfcWall","Baugrubensicherung Rühlwand verankert"
"9765","IfcWall","Baugrubensicherung Schlitzwand 400"
"9766","IfcWall","Baugrubensicherung Schlitzwand 800"
"9767","IfcWall","Tiefbaubeton"
"9768","IfcWall","Tiefbaubeton"
"9769","IfcWall","Betonfertigteil hochfest"
"9770","IfcWall","Baugrubensicherung Bohrpfahlwand gespriesst"
"9771","IfcWall","Baugrubensicherung Bohrpfahlwand unverankert"
"9772","IfcWall","Baugrubensicherung Bohrpfahlwand verankert"
"9773","IfcWall","Baugrubensicherung Nagelwand"
"9774","IfcWall","Baugrubensicherung Rühlwand auskragend"
"9775","IfcWall","Baugrubensicherung Rühlwand gespriesst"
"9776","IfcWall","Baugrubensicherung Rühlwand verankert"
"9777","IfcWall","Baugrubensicherung Schlitzwand 400"
"9778","IfcWall","Baugrubensicherung Schlitzwand 800"
"9779","IfcWall","Tiefbaubeton"
"9780","IfcWall","Betonfertigteil normalfest"
"9781","IfcWall","Betonfertigteil normalfest"
"9782","IfcWall","Tiefbaubeton"
"9783","IfcWall","Baugrubensicherung Bohrpfahlwand gespriesst"
"9784","IfcWall","Baugrubensicherung Bohrpfahlwand unverankert"
"9785","IfcWall","Baugrubensicherung Bohrpfahlwand verankert"
"9786","IfcWall","Baugrubensicherung Nagelwand"
"9787","IfcWall","Baugrubensicherung Rühlwand auskragend"
"9788","IfcWall","Baugrubensicherung Rühlwand gespriesst"
"9789","IfcWall","Baugrubensicherung Rühlwand verankert"
"9790","IfcWall","Baugrubensicherung Schlitzwand 400"
"9791","IfcWall","Baugrubensicherung Schlitzwand 800"
"9792","IfcWall","Tiefbaubeton"
"9793","IfcWall","Tiefbaubeton"
"9794","IfcWall","Betonfertigteil hochfest"
"9795","IfcWall","Baugrubensicherung Bohrpfahlwand gespriesst"
"9796","IfcWall","Baugrubensicherung Bohrpfahlwand unverankert"
"9797","IfcWall","Baugrubensicherung Bohrpfahlwand verankert"
"9798","IfcWall","Baugrubensicherung Nagelwand"
"9799","IfcWall","Baugrubensicherung Rühlwand auskragend"
"9800","IfcWall","Baugrubensicherung Rühlwand gespriesst"
"9801","IfcWall","Baugrubensicherung Rühlwand verankert"
"9802","IfcWall","Baugrubensicherung Schlitzwand 400"
"9803","IfcWall","Baugrubensicherung Schlitzwand 800"
"9804","IfcWall","Baugrubensicherung Nagelwand"
"9805","IfcWall","Baugrubensicherung Nagelwand"
"9806","IfcWall","Baugrubensicherung Nagelwand"
"9807","IfcWall","Baugrubensicherung Nagelwand"
"9808","IfcWall","Baugrubensicherung Nagelwand"
"9809","IfcWall","Baugrubensicherung Nagelwand"
"9810","IfcWall","Baugrubensicherung Nagelwand"
"9811","IfcWall","Baugrubensicherung Nagelwand"
"9812","IfcWall","Baugrubensicherung Nagelwand"
"9813","IfcWall","Baugrubensicherung Nagelwand"
"9814","IfcWall","Baugrubensicherung Nagelwand"
"9815","IfcWall","Baugrubensicherung Nagelwand"
"9816","IfcWall","Baugrubensicherung Nagelwand"
"9817","IfcWall","Baugrubensicherung Nagelwand"
"9818","IfcWall","Baugrubensicherung Nagelwand"
"9819","IfcWall","Baugrubensicherung Nagelwand"
"9820","IfcWall","Baugrubensicherung Nagelwand"
"9821","IfcWall","Baugrubensicherung Nagelwand"
"9822","IfcWall","Baugrubensicherung Nagelwand"
"9823","IfcWall","Baugrubensicherung Nagelwand"
"9824","IfcWall","Baugrubensicherung Rühlwand auskragend"
"9825","IfcWall","Baugrubensicherung Rühlwand auskragend"
"9826","IfcWall","Baugrubensicherung Rühlwand auskragend"
"9827","IfcWall","Baugrubensicherung Rühlwand auskragend"
"9828","IfcWall","Baugrubensicherung Rühlwand auskragend"
"9829","IfcWall","Baugrubensicherung Rühlwand auskragend"
"9830","IfcWall","Baugrubensicherung Rühlwand auskragend"
"9831","IfcWall","Baugrubensicherung Rühlwand auskragend"
"9832","IfcWall","Baugrubensicherung Rühlwand auskragend"
"9833","IfcWall","Baugrubensicherung Rühlwand auskragend"
"9834","IfcWall","Baugrubensicherung Rühlwand auskragend"
"9835","IfcWall","Baugrubensicherung Rühlwand auskragend"
"9836","IfcWall","Baugrubensicherung Rühlwand auskragend"
"9837","IfcWall","Baugrubensicherung Rühlwand auskragend"
"9838","IfcWall","Baugrubensicherung Rühlwand auskragend"
"9839","IfcWall","Baugrubensicherung Rühlwand auskragend"
"9840","IfcWall","Baugrubensicherung Rühlwand auskragend"
"9841","IfcWall","Baugrubensicherung Rühlwand auskragend"
"9842","IfcWall","Baugrubensicherung Rühlwand auskragend"
"9843","IfcWall","Baugrubensicherung Rühlwand auskragend"
"9844","IfcWall","Baugrubensicherung Rühlwand gespriesst"
"9845","IfcWall","Baugrubensicherung Rühlwand gespriesst"
"9846","IfcWall","Baugrubensicherung Rühlwand gespriesst"
"9847","IfcWall","Baugrubensicherung Rühlwand gespriesst"
"9848","IfcWall","Baugrubensicherung Rühlwand gespriesst"
"9849","IfcWall","Baugrubensicherung Rühlwand gespriesst"
"9850","IfcWall","Baugrubensicherung Rühlwand gespriesst"
"9851","IfcWall","Baugrubensicherung Rühlwand gespriesst"
"9852","IfcWall","Baugrubensicherung Rühlwand gespriesst"
"9853","IfcWall","Baugrubensicherung Rühlwand gespriesst"
"9854","IfcWall","Baugrubensicherung Rühlwand gespriesst"
"9855","IfcWall","Baugrubensicherung Rühlwand gespriesst"
"9856","IfcWall","Baugrubensicherung Rühlwand gespriesst"
"9857","IfcWall","Baugrubensicherung Rühlwand gespriesst"
"9858","IfcWall","Baugrubensicherung Rühlwand gespriesst"
"9859","IfcWall","Baugrubensicherung Rühlwand gespriesst"
"9860","IfcWall","Baugrubensicherung Rühlwand gespriesst"
"9861","IfcWall","Baugrubensicherung Rühlwand gespriesst"
"9862","IfcWall","Baugrubensicherung Rühlwand gespriesst"
"9863","IfcWall","Baugrubensicherung Rühlwand gespriesst"
"9864","IfcWall","Baugrubensicherung Rühlwand verankert"
"9865","IfcWall","Baugrubensicherung Rühlwand verankert"
"9866","IfcWall","Baugrubensicherung Rühlwand verankert"
"9867","IfcWall","Baugrubensicherung Rühlwand verankert"
"9868","IfcWall","Baugrubensicherung Rühlwand verankert"
"9869","IfcWall","Baugrubensicherung Rühlwand verankert"
"9870","IfcWall","Baugrubensicherung Rühlwand verankert"
"9871","IfcWall","Baugrubensicherung Rühlwand verankert"
"9872","IfcWall","Baugrubensicherung Rühlwand verankert"
"9873","IfcWall","Baugrubensicherung Rühlwand verankert"
"9874","IfcWall","Baugrubensicherung Rühlwand verankert"
"9875","IfcWall","Baugrubensicherung Rühlwand verankert"
"9876","IfcWall","Baugrubensicherung Rühlwand verankert"
"9877","IfcWall","Baugrubensicherung Rühlwand verankert"
"9878","IfcWall","Baugrubensicherung Rühlwand verankert"
"9879","IfcWall","Baugrubensicherung Rühlwand verankert"
"9880","IfcWall","Baugrubensicherung Rühlwand verankert"
"9881","IfcWall","Baugrubensicherung Rühlwand verankert"
"9882","IfcWall","Baugrubensicherung Rühlwand verankert"
"9883","IfcWall","Baugrubensicherung Rühlwand verankert"
"9884","IfcWall","Baugrubensicherung Schlitzwand 400"
"9885","IfcWall","Baugrubensicherung Schlitzwand 400"
"9886","IfcWall","Baugrubensicherung Schlitzwand 400"
"9887","IfcWall","Baugrubensicherung Schlitzwand 400"
"9888","IfcWall","Baugrubensicherung Schlitzwand 400"
"9889","IfcWall","Baugrubensicherung Schlitzwand 400"
"9890","IfcWall","Baugrubensicherung Schlitzwand 400"
"9891","IfcWall","Baugrubensicherung Schlitzwand 400"
"9892","IfcWall","Baugrubensicherung Schlitzwand 400"
"9893","IfcWall","Baugrubensicherung Schlitzwand 400"
"9894","IfcWall","Baugrubensicherung Schlitzwand 400"
"9895","IfcWall","Baugrubensicherung Schlitzwand 400"
"9896","IfcWall","Baugrubensicherung Schlitzwand 400"
"9897","IfcWall","Baugrubensicherung Schlitzwand 400"
"9898","IfcWall","Baugrubensicherung Schlitzwand 400"
"9899","IfcWall","Baugrubensicherung Schlitzwand 400"
"9900","IfcWall","Baugrubensicherung Schlitzwand 400"
"9901","IfcWall","Baugrubensicherung Schlitzwand 400"
"9902","IfcWall","Baugrubensicherung Schlitzwand 400"
"9903","IfcWall","Baugrubensicherung Schlitzwand 400"
"9904","IfcWall","Baugrubensicherung Schlitzwand 800"
"9905","IfcWall","Baugrubensicherung Schlitzwand 800"
"9906","IfcWall","Baugrubensicherung Schlitzwand 800"
"9907","IfcWall","Baugrubensicherung Schlitzwand 800"
"9908","IfcWall","Baugrubensicherung Schlitzwand 800"
"9909","IfcWall","Baugrubensicherung Schlitzwand 800"
"9910","IfcWall","Baugrubensicherung Schlitzwand 800"
"9911","IfcWall","Baugrubensicherung Schlitzwand 800"
"9912","IfcWall","Baugrubensicherung Schlitzwand 800"
"9913","IfcWall","Baugrubensicherung Schlitzwand 800"
"9914","IfcWall","Baugrubensicherung Schlitzwand 800"
"9915","IfcWall","Baugrubensicherung Schlitzwand 800"
"9916","IfcWall","Baugrubensicherung Schlitzwand 800"
"9917","IfcWall","Baugrubensicherung Schlitzwand 800"
"9918","IfcWall","Baugrubensicherung Schlitzwand 800"
"9919","IfcWall","Baugrubensicherung Schlitzwand 800"
"9920","IfcWall","Baugrubensicherung Schlitzwand 800"
"9921","IfcWall","Baugrubensicherung Schlitzwand 800"
"9922","IfcWall","Baugrubensicherung Schlitzwand 800"
"9923","IfcWall","Baugrubensicherung Schlitzwand 800"
"9924","IfcWall","Tiefbaubeton"
"9924","IfcWall","Betonfertigteil normalfest"
"9924","IfcWall","Betonfertigteil hochfest"
"9925","IfcWall","Betonfertigteil normalfest"
"9925","IfcWall","Betonfertigteil hochfest"
"9926","IfcWall","Tiefbaubeton"
"9927","IfcWall","Tiefbaubeton"
"9928","IfcWall","Betonfertigteil normalfest"
"9928","IfcWall","Betonfertigteil hochfest"
"9929","IfcWall","Magerbeton"
"9930","IfcWall","Magerbeton"
"9931","IfcWall","Magerbeton"
"9932","IfcWall","Magerbeton"
"9933","IfcWall","Tiefbaubeton"
"9933","IfcWall","Betonfertigteil normalfest"
"9934","IfcWall","Tiefbaubeton"
"9935","IfcWall","Betonfertigteil normalfest"
"9936","IfcWall","Tiefbaubeton"
"9936","IfcWall","Betonfertigteil normalfest"
"9937","IfcWall","Betonfertigteil normalfest"
"9938","IfcWall","Tiefbaubeton"
"9939","IfcWall","Tiefbaubeton"
"9939","IfcWall","Betonfertigteil normalfest"
"9940","IfcWall","Tiefbaubeton"
"9941","IfcWall","Betonfertigteil normalfest"
"9942","IfcWall","Tiefbaubeton"
"9942","IfcWall","Betonfertigteil hochfest"
"9943","IfcWall","Tiefbaubeton"
"9944","IfcWall","Betonfertigteil hochfest"
"9945","IfcWall","Tiefbaubeton"
"9945","IfcWall","Betonfertigteil hochfest"
"9946","IfcWall","Betonfertigteil hochfest"
"9947","IfcWall","Tiefbaubeton"
"9948","IfcWall","Tiefbaubeton"
"9949","IfcWall","Betonfertigteil normalfest"
"9950","IfcWall","Betonfertigteil hochfest"
"9951","IfcWall","Tiefbaubeton"
"9952","IfcWall","Tiefbaubeton"
"9953","IfcWall","Tiefbaubeton"
"9954","IfcWall","Tiefbaubeton"
"9955","IfcWall","Tiefbaubeton"
"9956","IfcWall","Tiefbaubeton"
"9957","IfcWall","Tiefbaubeton"
"9958","IfcWall","Betonfertigteil normalfest"
"9959","IfcWall","Tiefbaubeton"
"9960","IfcWall","Betonfertigteil normalfest"
"9961","IfcWall","Betonfertigteil hochfest"
"9962","IfcWall","Backstein"
"9962","IfcWall","Kalksandstein"
"9962","IfcWall","Betonziegel"
"9963","IfcWall","Natursteinplatte geschnitten"
"9963","IfcWall","Hartsandsteinplatte"
"9963","IfcWall","Kalksteinplatte"
"9963","IfcWall","Kunststeinplatte zementgebunden"
"9964","IfcWall","Tiefbaubeton"
"9964","IfcWall","Betonfertigteil normalfest"
"9964","IfcWall","Betonfertigteil hochfest"
"9965","IfcWall","Betonfertigteil normalfest"
"9965","IfcWall","Betonfertigteil hochfest"
"9966","IfcWall","Tiefbaubeton"
"9967","IfcWall","Tiefbaubeton"
"9968","IfcWall","Betonfertigteil normalfest"
"9968","IfcWall","Betonfertigteil hochfest"
"9969","IfcWall","Tiefbaubeton"
"9969","IfcWall","Betonfertigteil normalfest"
"9970","IfcWall","Betonfertigteil normalfest"
"9971","IfcWall","Tiefbaubeton"
"9972","IfcWall","Tiefbaubeton"
"9972","IfcWall","Betonfertigteil normalfest"
"9973","IfcWall","Tiefbaubeton"
"9974","IfcWall","Betonfertigteil normalfest"
"9975","IfcWall","Tiefbaubeton"
"9975","IfcWall","Betonfertigteil normalfest"
"9976","IfcWall","Betonfertigteil normalfest"
"9977","IfcWall","Tiefbaubeton"
"9978","IfcWall","Tiefbaubeton"
"9978","IfcWall","Betonfertigteil hochfest"
"9979","IfcWall","Betonfertigteil hochfest"
"9980","IfcWall","Tiefbaubeton"
"9981","IfcWall","Tiefbaubeton"
"9981","IfcWall","Betonfertigteil hochfest"
"9982","IfcWall","Betonfertigteil hochfest"
"9983","IfcWall","Tiefbaubeton"
"9984","IfcWall","Tiefbaubeton"
"9985","IfcWall","Betonfertigteil hochfest"
"9986","IfcWall","Tiefbaubeton"
"9987","IfcWall","Tiefbaubeton"
"9988","IfcWall","Tiefbaubeton"
"9989","IfcWall","Betonfertigteil normalfest"
"9990","IfcWall","Tiefbaubeton"
"9991","IfcWall","Tiefbaubeton"
"9992","IfcWall","Betonfertigteil normalfest"
"9993","IfcWall","Tiefbaubeton"
"9994","IfcWall","Tiefbaubeton"
"9995","IfcWall","Betonfertigteil normalfest"
"9996","IfcWall","Tiefbaubeton"
"9997","IfcWall","Betonfertigteil hochfest"
"9998","IfcWall","Tiefbaubeton"
"9998","IfcWall","Betonfertigteil normalfest"
"9998","IfcWall","Betonfertigteil hochfest"
"9999","IfcWall","Betonfertigteil normalfest"
"9999","IfcWall","Betonfertigteil hochfest"
"10000","IfcWall","Tiefbaubeton"
"10001","IfcWall","Tiefbaubeton"
"10002","IfcWall","Betonfertigteil normalfest"
"10002","IfcWall","Betonfertigteil hochfest"
"10003","IfcWall","Magerbeton"
"10004","IfcWall","Magerbeton"
"10005","IfcWall","Magerbeton"
"10006","IfcWall","Magerbeton"
"10007","IfcWall","Tiefbaubeton"
"10007","IfcWall","Betonfertigteil normalfest"
"10008","IfcWall","Tiefbaubeton"
"10009","IfcWall","Betonfertigteil normalfest"
"10010","IfcWall","Tiefbaubeton"
"10010","IfcWall","Betonfertigteil normalfest"
"10011","IfcWall","Betonfertigteil normalfest"
"10012","IfcWall","Tiefbaubeton"
"10013","IfcWall","Tiefbaubeton"
"10013","IfcWall","Betonfertigteil normalfest"
"10014","IfcWall","Tiefbaubeton"
"10015","IfcWall","Betonfertigteil normalfest"
"10016","IfcWall","Tiefbaubeton"
"10016","IfcWall","Betonfertigteil hochfest"
"10017","IfcWall","Tiefbaubeton"
"10018","IfcWall","Betonfertigteil hochfest"
"10019","IfcWall","Tiefbaubeton"
"10019","IfcWall","Betonfertigteil hochfest"
"10020","IfcWall","Tiefbaubeton"
"10021","IfcWall","Betonfertigteil hochfest"
"10022","IfcWall","Tiefbaubeton"
"10023","IfcWall","Betonfertigteil normalfest"
"10024","IfcWall","Betonfertigteil hochfest"
"10025","IfcWall","Tiefbaubeton"
"10026","IfcWall","Tiefbaubeton"
"10027","IfcWall","Betonfertigteil normalfest"
"10028","IfcWall","Tiefbaubeton"
"10029","IfcWall","Betonfertigteil normalfest"
"10030","IfcWall","Tiefbaubeton"
"10031","IfcWall","Tiefbaubeton"
"10032","IfcWall","Tiefbaubeton"
"10033","IfcWall","Betonfertigteil hochfest"
"10034","IfcWall","Tiefbaubeton"
"10035","IfcWall","Tiefbaubeton"
"10036","IfcWall","Backstein"
"10036","IfcWall","Kalksandstein"
"10036","IfcWall","Betonziegel"
"10037","IfcWall","Natursteinplatte geschnitten"
"10037","IfcWall","Hartsandsteinplatte"
"10037","IfcWall","Kalksteinplatte"
"10037","IfcWall","Kunststeinplatte zementgebunden"
"10038","IfcWall","Tiefbaubeton"
"10038","IfcWall","Betonfertigteil normalfest"
"10038","IfcWall","Betonfertigteil hochfest"
"10039","IfcWall","Betonfertigteil normalfest"
"10039","IfcWall","Betonfertigteil hochfest"
"10040","IfcWall","Tiefbaubeton"
"10041","IfcWall","Tiefbaubeton"
"10042","IfcWall","Betonfertigteil normalfest"
"10042","IfcWall","Betonfertigteil hochfest"
"10043","IfcWall","Tiefbaubeton"
"10043","IfcWall","Betonfertigteil normalfest"
"10044","IfcWall","Betonfertigteil normalfest"
"10045","IfcWall","Tiefbaubeton"
"10046","IfcWall","Tiefbaubeton"
"10046","IfcWall","Betonfertigteil normalfest"
"10047","IfcWall","Betonfertigteil normalfest"
"10048","IfcWall","Tiefbaubeton"
"10049","IfcWall","Tiefbaubeton"
"10049","IfcWall","Betonfertigteil normalfest"
"10050","IfcWall","Betonfertigteil normalfest"
"10051","IfcWall","Tiefbaubeton"
"10052","IfcWall","Tiefbaubeton"
"10052","IfcWall","Betonfertigteil hochfest"
"10053","IfcWall","Betonfertigteil hochfest"
"10054","IfcWall","Tiefbaubeton"
"10055","IfcWall","Tiefbaubeton"
"10055","IfcWall","Betonfertigteil hochfest"
"10056","IfcWall","Tiefbaubeton"
"10057","IfcWall","Betonfertigteil hochfest"
"10058","IfcWall","Tiefbaubeton"
"10059","IfcWall","Tiefbaubeton"
"10060","IfcWall","Tiefbaubeton"
"10061","IfcWall","Tiefbaubeton"
"10062","IfcWall","Tiefbaubeton"
"10063","IfcWall","Betonfertigteil hochfest"
"10064","IfcWall","Betonfertigteil hochfest"
"10065","IfcWall","Tiefbaubeton"
"10066","IfcWall","Betonfertigteil normalfest"
"10067","IfcWall","Betonfertigteil normalfest"
"10068","IfcWall","Tiefbaubeton"
"10069","IfcWall","Tiefbaubeton"
"10070","IfcWall","Betonfertigteil normalfest"
"10071","IfcWall","Tiefbaubeton"
"10072","IfcWall","Baugrubensicherung Spundwand auskragend"
"10072","IfcWall","Baugrubensicherung Spundwand gespriesst"
"10072","IfcWall","Baugrubensicherung Spundwand verankert"
"10072","IfcWall","Baugrubensicherung Bohrpfahlwand verankert"
"10072","IfcWall","Baugrubensicherung Bohrpfahlwand unverankert"
"10072","IfcWall","Baugrubensicherung Bohrpfahlwand gespriesst"
"10072","IfcWall","Baugrubensicherung Rühlwand auskragend"
"10072","IfcWall","Baugrubensicherung Rühlwand gespriesst"
"10072","IfcWall","Baugrubensicherung Rühlwand verankert"
"10072","IfcWall","Baugrubensicherung Schlitzwand 400"
"10072","IfcWall","Baugrubensicherung Schlitzwand 800"
"10072","IfcWall","Baugrubensicherung Nagelwand"
"10073","IfcWall","Stahlblech blank"
"10073","IfcWall","Stahlprofil blank"
"10074","IfcWall","Stahlblech blank"
"10074","IfcWall","Stahlprofil blank"
"10075","IfcWall","Stahlblech blank"
"10075","IfcWall","Stahlprofil blank"
"10076","IfcWall","Tiefbaubeton"
"10076","IfcWall","Betonfertigteil normalfest"
"10076","IfcWall","Betonfertigteil hochfest"
"10077","IfcWall","Betonfertigteil normalfest"
"10077","IfcWall","Betonfertigteil hochfest"
"10078","IfcWall","Tiefbaubeton"
"10079","IfcWall","Tiefbaubeton"
"10080","IfcWall","Betonfertigteil normalfest"
"10080","IfcWall","Betonfertigteil hochfest"
"10081","IfcWall","Magerbeton"
"10082","IfcWall","Magerbeton"
"10083","IfcWall","Magerbeton"
"10084","IfcWall","Magerbeton"
"10085","IfcWall","Tiefbaubeton"
"10085","IfcWall","Betonfertigteil normalfest"
"10086","IfcWall","Tiefbaubeton"
"10087","IfcWall","Betonfertigteil normalfest"
"10088","IfcWall","Tiefbaubeton"
"10088","IfcWall","Betonfertigteil normalfest"
"10089","IfcWall","Betonfertigteil normalfest"
"10090","IfcWall","Tiefbaubeton"
"10091","IfcWall","Tiefbaubeton"
"10091","IfcWall","Betonfertigteil normalfest"
"10092","IfcWall","Tiefbaubeton"
"10093","IfcWall","Betonfertigteil normalfest"
"10094","IfcWall","Tiefbaubeton"
"10094","IfcWall","Betonfertigteil hochfest"
"10095","IfcWall","Tiefbaubeton"
"10096","IfcWall","Betonfertigteil hochfest"
"10097","IfcWall","Tiefbaubeton"
"10097","IfcWall","Betonfertigteil hochfest"
"10098","IfcWall","Betonfertigteil hochfest"
"10099","IfcWall","Tiefbaubeton"
"10100","IfcWall","Baugrubensicherung Bohrpfahlwand gespriesst"
"10101","IfcWall","Baugrubensicherung Bohrpfahlwand gespriesst"
"10102","IfcWall","Baugrubensicherung Bohrpfahlwand gespriesst"
"10103","IfcWall","Baugrubensicherung Bohrpfahlwand gespriesst"
"10104","IfcWall","Baugrubensicherung Bohrpfahlwand gespriesst"
"10105","IfcWall","Baugrubensicherung Bohrpfahlwand gespriesst"
"10106","IfcWall","Baugrubensicherung Bohrpfahlwand gespriesst"
"10107","IfcWall","Baugrubensicherung Bohrpfahlwand gespriesst"
"10108","IfcWall","Baugrubensicherung Bohrpfahlwand gespriesst"
"10109","IfcWall","Baugrubensicherung Bohrpfahlwand gespriesst"
"10110","IfcWall","Baugrubensicherung Bohrpfahlwand gespriesst"
"10111","IfcWall","Baugrubensicherung Bohrpfahlwand gespriesst"
"10112","IfcWall","Baugrubensicherung Bohrpfahlwand gespriesst"
"10113","IfcWall","Baugrubensicherung Bohrpfahlwand gespriesst"
"10114","IfcWall","Baugrubensicherung Bohrpfahlwand gespriesst"
"10115","IfcWall","Baugrubensicherung Bohrpfahlwand gespriesst"
"10116","IfcWall","Baugrubensicherung Bohrpfahlwand gespriesst"
"10117","IfcWall","Baugrubensicherung Bohrpfahlwand gespriesst"
"10118","IfcWall","Baugrubensicherung Bohrpfahlwand gespriesst"
"10119","IfcWall","Baugrubensicherung Bohrpfahlwand gespriesst"
"10120","IfcWall","Baugrubensicherung Bohrpfahlwand unverankert"
"10121","IfcWall","Baugrubensicherung Bohrpfahlwand unverankert"
"10122","IfcWall","Baugrubensicherung Bohrpfahlwand unverankert"
"10123","IfcWall","Baugrubensicherung Bohrpfahlwand unverankert"
"10124","IfcWall","Baugrubensicherung Bohrpfahlwand unverankert"
"10125","IfcWall","Baugrubensicherung Bohrpfahlwand unverankert"
"10126","IfcWall","Baugrubensicherung Bohrpfahlwand unverankert"
"10127","IfcWall","Baugrubensicherung Bohrpfahlwand unverankert"
"10128","IfcWall","Baugrubensicherung Bohrpfahlwand unverankert"
"10129","IfcWall","Baugrubensicherung Bohrpfahlwand unverankert"
"10130","IfcWall","Baugrubensicherung Bohrpfahlwand unverankert"
"10131","IfcWall","Baugrubensicherung Bohrpfahlwand unverankert"
"10132","IfcWall","Baugrubensicherung Bohrpfahlwand unverankert"
"10133","IfcWall","Baugrubensicherung Bohrpfahlwand unverankert"
"10134","IfcWall","Baugrubensicherung Bohrpfahlwand unverankert"
"10135","IfcWall","Baugrubensicherung Bohrpfahlwand unverankert"
"10136","IfcWall","Baugrubensicherung Bohrpfahlwand unverankert"
"10137","IfcWall","Baugrubensicherung Bohrpfahlwand unverankert"
"10138","IfcWall","Baugrubensicherung Bohrpfahlwand unverankert"
"10139","IfcWall","Baugrubensicherung Bohrpfahlwand unverankert"
"10140","IfcWall","Baugrubensicherung Bohrpfahlwand verankert"
"10141","IfcWall","Baugrubensicherung Bohrpfahlwand verankert"
"10142","IfcWall","Baugrubensicherung Bohrpfahlwand verankert"
"10143","IfcWall","Baugrubensicherung Bohrpfahlwand verankert"
"10144","IfcWall","Baugrubensicherung Bohrpfahlwand verankert"
"10145","IfcWall","Baugrubensicherung Bohrpfahlwand verankert"
"10146","IfcWall","Baugrubensicherung Bohrpfahlwand verankert"
"10147","IfcWall","Baugrubensicherung Bohrpfahlwand verankert"
"10148","IfcWall","Baugrubensicherung Bohrpfahlwand verankert"
"10149","IfcWall","Baugrubensicherung Bohrpfahlwand verankert"
"10150","IfcWall","Baugrubensicherung Bohrpfahlwand verankert"
"10151","IfcWall","Baugrubensicherung Bohrpfahlwand verankert"
"10152","IfcWall","Baugrubensicherung Bohrpfahlwand verankert"
"10153","IfcWall","Baugrubensicherung Bohrpfahlwand verankert"
"10154","IfcWall","Baugrubensicherung Bohrpfahlwand verankert"
"10155","IfcWall","Baugrubensicherung Bohrpfahlwand verankert"
"10156","IfcWall","Baugrubensicherung Bohrpfahlwand verankert"
"10157","IfcWall","Baugrubensicherung Bohrpfahlwand verankert"
"10158","IfcWall","Baugrubensicherung Bohrpfahlwand verankert"
"10159","IfcWall","Baugrubensicherung Bohrpfahlwand verankert"
"10160","IfcWall","Tiefbaubeton"
"10161","IfcWall","Tiefbaubeton"
"10162","IfcWall","Betonfertigteil normalfest"
"10163","IfcWall","Baugrubensicherung Bohrpfahlwand gespriesst"
"10164","IfcWall","Baugrubensicherung Bohrpfahlwand unverankert"
"10165","IfcWall","Baugrubensicherung Bohrpfahlwand verankert"
"10166","IfcWall","Baugrubensicherung Nagelwand"
"10167","IfcWall","Baugrubensicherung Rühlwand auskragend"
"10168","IfcWall","Baugrubensicherung Rühlwand gespriesst"
"10169","IfcWall","Baugrubensicherung Rühlwand verankert"
"10170","IfcWall","Baugrubensicherung Schlitzwand 400"
"10171","IfcWall","Baugrubensicherung Schlitzwand 800"
"10172","IfcWall","Tiefbaubeton"
"10173","IfcWall","Tiefbaubeton"
"10174","IfcWall","Tiefbaubeton"
"10175","IfcWall","Betonfertigteil normalfest"
"10176","IfcWall","Baugrubensicherung Bohrpfahlwand gespriesst"
"10177","IfcWall","Baugrubensicherung Bohrpfahlwand unverankert"
"10178","IfcWall","Baugrubensicherung Bohrpfahlwand verankert"
"10179","IfcWall","Baugrubensicherung Nagelwand"
"10180","IfcWall","Baugrubensicherung Rühlwand auskragend"
"10181","IfcWall","Baugrubensicherung Rühlwand gespriesst"
"10182","IfcWall","Baugrubensicherung Rühlwand verankert"
"10183","IfcWall","Baugrubensicherung Schlitzwand 400"
"10184","IfcWall","Baugrubensicherung Schlitzwand 800"
"10185","IfcWall","Tiefbaubeton"
"10186","IfcWall","Betonfertigteil normalfest"
"10187","IfcWall","Tiefbaubeton"
"10188","IfcWall","Betonfertigteil hochfest"
"10189","IfcWall","Baugrubensicherung Bohrpfahlwand gespriesst"
"10190","IfcWall","Baugrubensicherung Bohrpfahlwand unverankert"
"10191","IfcWall","Baugrubensicherung Bohrpfahlwand verankert"
"10192","IfcWall","Baugrubensicherung Nagelwand"
"10193","IfcWall","Baugrubensicherung Rühlwand auskragend"
"10194","IfcWall","Baugrubensicherung Rühlwand gespriesst"
"10195","IfcWall","Baugrubensicherung Rühlwand verankert"
"10196","IfcWall","Baugrubensicherung Schlitzwand 400"
"10197","IfcWall","Baugrubensicherung Schlitzwand 800"
"10198","IfcWall","Tiefbaubeton"
"10199","IfcWall","Betonfertigteil hochfest"
"10200","IfcWall","Tiefbaubeton"
"10201","IfcWall","Baugrubensicherung Bohrpfahlwand gespriesst"
"10202","IfcWall","Baugrubensicherung Bohrpfahlwand unverankert"
"10203","IfcWall","Baugrubensicherung Bohrpfahlwand verankert"
"10204","IfcWall","Baugrubensicherung Nagelwand"
"10205","IfcWall","Baugrubensicherung Rühlwand auskragend"
"10206","IfcWall","Baugrubensicherung Rühlwand gespriesst"
"10207","IfcWall","Baugrubensicherung Rühlwand verankert"
"10208","IfcWall","Baugrubensicherung Schlitzwand 400"
"10209","IfcWall","Baugrubensicherung Schlitzwand 800"
"10210","IfcWall","Baugrubensicherung Nagelwand"
"10211","IfcWall","Baugrubensicherung Nagelwand"
"10212","IfcWall","Baugrubensicherung Nagelwand"
"10213","IfcWall","Baugrubensicherung Nagelwand"
"10214","IfcWall","Baugrubensicherung Nagelwand"
"10215","IfcWall","Baugrubensicherung Nagelwand"
"10216","IfcWall","Baugrubensicherung Nagelwand"
"10217","IfcWall","Baugrubensicherung Nagelwand"
"10218","IfcWall","Baugrubensicherung Nagelwand"
"10219","IfcWall","Baugrubensicherung Nagelwand"
"10220","IfcWall","Baugrubensicherung Nagelwand"
"10221","IfcWall","Baugrubensicherung Nagelwand"
"10222","IfcWall","Baugrubensicherung Nagelwand"
"10223","IfcWall","Baugrubensicherung Nagelwand"
"10224","IfcWall","Baugrubensicherung Nagelwand"
"10225","IfcWall","Baugrubensicherung Nagelwand"
"10226","IfcWall","Baugrubensicherung Nagelwand"
"10227","IfcWall","Baugrubensicherung Nagelwand"
"10228","IfcWall","Baugrubensicherung Nagelwand"
"10229","IfcWall","Baugrubensicherung Nagelwand"
"10230","IfcWall","Baugrubensicherung Rühlwand auskragend"
"10231","IfcWall","Baugrubensicherung Rühlwand auskragend"
"10232","IfcWall","Baugrubensicherung Rühlwand auskragend"
"10233","IfcWall","Baugrubensicherung Rühlwand auskragend"
"10234","IfcWall","Baugrubensicherung Rühlwand auskragend"
"10235","IfcWall","Baugrubensicherung Rühlwand auskragend"
"10236","IfcWall","Baugrubensicherung Rühlwand auskragend"
"10237","IfcWall","Baugrubensicherung Rühlwand auskragend"
"10238","IfcWall","Baugrubensicherung Rühlwand auskragend"
"10239","IfcWall","Baugrubensicherung Rühlwand auskragend"
"10240","IfcWall","Baugrubensicherung Rühlwand auskragend"
"10241","IfcWall","Baugrubensicherung Rühlwand auskragend"
"10242","IfcWall","Baugrubensicherung Rühlwand auskragend"
"10243","IfcWall","Baugrubensicherung Rühlwand auskragend"
"10244","IfcWall","Baugrubensicherung Rühlwand auskragend"
"10245","IfcWall","Baugrubensicherung Rühlwand auskragend"
"10246","IfcWall","Baugrubensicherung Rühlwand auskragend"
"10247","IfcWall","Baugrubensicherung Rühlwand auskragend"
"10248","IfcWall","Baugrubensicherung Rühlwand auskragend"
"10249","IfcWall","Baugrubensicherung Rühlwand auskragend"
"10250","IfcWall","Baugrubensicherung Rühlwand gespriesst"
"10251","IfcWall","Baugrubensicherung Rühlwand gespriesst"
"10252","IfcWall","Baugrubensicherung Rühlwand gespriesst"
"10253","IfcWall","Baugrubensicherung Rühlwand gespriesst"
"10254","IfcWall","Baugrubensicherung Rühlwand gespriesst"
"10255","IfcWall","Baugrubensicherung Rühlwand gespriesst"
"10256","IfcWall","Baugrubensicherung Rühlwand gespriesst"
"10257","IfcWall","Baugrubensicherung Rühlwand gespriesst"
"10258","IfcWall","Baugrubensicherung Rühlwand gespriesst"
"10259","IfcWall","Baugrubensicherung Rühlwand gespriesst"
"10260","IfcWall","Baugrubensicherung Rühlwand gespriesst"
"10261","IfcWall","Baugrubensicherung Rühlwand gespriesst"
"10262","IfcWall","Baugrubensicherung Rühlwand gespriesst"
"10263","IfcWall","Baugrubensicherung Rühlwand gespriesst"
"10264","IfcWall","Baugrubensicherung Rühlwand gespriesst"
"10265","IfcWall","Baugrubensicherung Rühlwand gespriesst"
"10266","IfcWall","Baugrubensicherung Rühlwand gespriesst"
"10267","IfcWall","Baugrubensicherung Rühlwand gespriesst"
"10268","IfcWall","Baugrubensicherung Rühlwand gespriesst"
"10269","IfcWall","Baugrubensicherung Rühlwand gespriesst"
"10270","IfcWall","Baugrubensicherung Rühlwand verankert"
"10271","IfcWall","Baugrubensicherung Rühlwand verankert"
"10272","IfcWall","Baugrubensicherung Rühlwand verankert"
"10273","IfcWall","Baugrubensicherung Rühlwand verankert"
"10274","IfcWall","Baugrubensicherung Rühlwand verankert"
"10275","IfcWall","Baugrubensicherung Rühlwand verankert"
"10276","IfcWall","Baugrubensicherung Rühlwand verankert"
"10277","IfcWall","Baugrubensicherung Rühlwand verankert"
"10278","IfcWall","Baugrubensicherung Rühlwand verankert"
"10279","IfcWall","Baugrubensicherung Rühlwand verankert"
"10280","IfcWall","Baugrubensicherung Rühlwand verankert"
"10281","IfcWall","Baugrubensicherung Rühlwand verankert"
"10282","IfcWall","Baugrubensicherung Rühlwand verankert"
"10283","IfcWall","Baugrubensicherung Rühlwand verankert"
"10284","IfcWall","Baugrubensicherung Rühlwand verankert"
"10285","IfcWall","Baugrubensicherung Rühlwand verankert"
"10286","IfcWall","Baugrubensicherung Rühlwand verankert"
"10287","IfcWall","Baugrubensicherung Rühlwand verankert"
"10288","IfcWall","Baugrubensicherung Rühlwand verankert"
"10289","IfcWall","Baugrubensicherung Rühlwand verankert"
"10290","IfcWall","Baugrubensicherung Schlitzwand 400"
"10291","IfcWall","Baugrubensicherung Schlitzwand 400"
"10292","IfcWall","Baugrubensicherung Schlitzwand 400"
"10293","IfcWall","Baugrubensicherung Schlitzwand 400"
"10294","IfcWall","Baugrubensicherung Schlitzwand 400"
"10295","IfcWall","Baugrubensicherung Schlitzwand 400"
"10296","IfcWall","Baugrubensicherung Schlitzwand 400"
"10297","IfcWall","Baugrubensicherung Schlitzwand 400"
"10298","IfcWall","Baugrubensicherung Schlitzwand 400"
"10299","IfcWall","Baugrubensicherung Schlitzwand 400"
"10300","IfcWall","Baugrubensicherung Schlitzwand 400"
"10301","IfcWall","Baugrubensicherung Schlitzwand 400"
"10302","IfcWall","Baugrubensicherung Schlitzwand 400"
"10303","IfcWall","Baugrubensicherung Schlitzwand 400"
"10304","IfcWall","Baugrubensicherung Schlitzwand 400"
"10305","IfcWall","Baugrubensicherung Schlitzwand 400"
"10306","IfcWall","Baugrubensicherung Schlitzwand 400"
"10307","IfcWall","Baugrubensicherung Schlitzwand 400"
"10308","IfcWall","Baugrubensicherung Schlitzwand 400"
"10309","IfcWall","Baugrubensicherung Schlitzwand 400"
"10310","IfcWall","Baugrubensicherung Schlitzwand 800"
"10311","IfcWall","Baugrubensicherung Schlitzwand 800"
"10312","IfcWall","Baugrubensicherung Schlitzwand 800"
"10313","IfcWall","Baugrubensicherung Schlitzwand 800"
"10314","IfcWall","Baugrubensicherung Schlitzwand 800"
"10315","IfcWall","Baugrubensicherung Schlitzwand 800"
"10316","IfcWall","Baugrubensicherung Schlitzwand 800"
"10317","IfcWall","Baugrubensicherung Schlitzwand 800"
"10318","IfcWall","Baugrubensicherung Schlitzwand 800"
"10319","IfcWall","Baugrubensicherung Schlitzwand 800"
"10320","IfcWall","Baugrubensicherung Schlitzwand 800"
"10321","IfcWall","Baugrubensicherung Schlitzwand 800"
"10322","IfcWall","Baugrubensicherung Schlitzwand 800"
"10323","IfcWall","Baugrubensicherung Schlitzwand 800"
"10324","IfcWall","Baugrubensicherung Schlitzwand 800"
"10325","IfcWall","Baugrubensicherung Schlitzwand 800"
"10326","IfcWall","Baugrubensicherung Schlitzwand 800"
"10327","IfcWall","Baugrubensicherung Schlitzwand 800"
"10328","IfcWall","Baugrubensicherung Schlitzwand 800"
"10329","IfcWall","Baugrubensicherung Schlitzwand 800"
"10330","IfcWall","Baugrubensicherung Bohrpfahlwand gespriesst"
"10331","IfcWall","Baugrubensicherung Bohrpfahlwand unverankert"
"10332","IfcWall","Baugrubensicherung Bohrpfahlwand verankert"
"10333","IfcWall","Baugrubensicherung Nagelwand"
"10334","IfcWall","Natursteinplatte geschnitten"
"10334","IfcWall","Natursteinplatte geschliffen"
"10334","IfcWall","Hartsandsteinplatte"
"10334","IfcWall","Kalksteinplatte"
"10334","IfcWall","Kunststeinplatte zementgebunden"
"10335","IfcWall","Baugrubensicherung Rühlwand auskragend"
"10336","IfcWall","Baugrubensicherung Rühlwand gespriesst"
"10337","IfcWall","Baugrubensicherung Rühlwand verankert"
"10338","IfcWall","Baugrubensicherung Schlitzwand 400"
"10339","IfcWall","Baugrubensicherung Schlitzwand 800"
"10340","IfcWall","Baugrubensicherung Spundwand auskragend"
"10341","IfcWall","Baugrubensicherung Spundwand gespriesst"
"10342","IfcWall","Baugrubensicherung Spundwand verankert"
"10343","IfcWall","Stahlblech blank"
"10343","IfcWall","Stahlprofil blank"
"10344","IfcWall","Stahlblech blank"
"10344","IfcWall","Stahlprofil blank"
"10345","IfcWall","Stahlblech blank"
"10345","IfcWall","Stahlprofil blank"
"10346","IfcWall","Stahlblech blank"
"10346","IfcWall","Stahlprofil blank"
"10347","IfcWall","Stahlblech blank"
"10347","IfcWall","Stahlprofil blank"
"10348","IfcWall","Stahlblech blank"
"10348","IfcWall","Stahlprofil blank"
"10349","IfcWall","Stahlblech blank"
"10349","IfcWall","Stahlprofil blank"
"10350","IfcWall","Stahlblech blank"
"10350","IfcWall","Stahlprofil blank"
"10351","IfcWall","Baugrubensicherung Spundwand auskragend"
"10352","IfcWall","Baugrubensicherung Spundwand auskragend"
"10353","IfcWall","Baugrubensicherung Spundwand auskragend"
"10354","IfcWall","Baugrubensicherung Spundwand auskragend"
"10355","IfcWall","Baugrubensicherung Spundwand auskragend"
"10356","IfcWall","Baugrubensicherung Spundwand auskragend"
"10357","IfcWall","Baugrubensicherung Spundwand auskragend"
"10358","IfcWall","Baugrubensicherung Spundwand auskragend"
"10359","IfcWall","Baugrubensicherung Spundwand gespriesst"
"10360","IfcWall","Baugrubensicherung Spundwand gespriesst"
"10361","IfcWall","Baugrubensicherung Spundwand gespriesst"
"10362","IfcWall","Baugrubensicherung Spundwand gespriesst"
"10363","IfcWall","Baugrubensicherung Spundwand gespriesst"
"10364","IfcWall","Baugrubensicherung Spundwand gespriesst"
"10365","IfcWall","Baugrubensicherung Spundwand gespriesst"
"10366","IfcWall","Baugrubensicherung Spundwand gespriesst"
"10367","IfcWall","Baugrubensicherung Spundwand verankert"
"10368","IfcWall","Baugrubensicherung Spundwand verankert"
"10369","IfcWall","Baugrubensicherung Spundwand verankert"
"10370","IfcWall","Baugrubensicherung Spundwand verankert"
"10371","IfcWall","Baugrubensicherung Spundwand verankert"
"10372","IfcWall","Baugrubensicherung Spundwand verankert"
"10373","IfcWall","Baugrubensicherung Spundwand verankert"
"10374","IfcWall","Baugrubensicherung Spundwand verankert"
"10375","IfcWall","Tiefbaubeton"
"10375","IfcWall","Betonfertigteil normalfest"
"10375","IfcWall","Betonfertigteil hochfest"
"10376","IfcWall","Betonfertigteil normalfest"
"10376","IfcWall","Betonfertigteil hochfest"
"10377","IfcWall","Tiefbaubeton"
"10378","IfcWall","Tiefbaubeton"
"10379","IfcWall","Betonfertigteil normalfest"
"10379","IfcWall","Betonfertigteil hochfest"
"10380","IfcWall","Tiefbaubeton"
"10380","IfcWall","Betonfertigteil normalfest"
"10381","IfcWall","Betonfertigteil normalfest"
"10382","IfcWall","Tiefbaubeton"
"10383","IfcWall","Tiefbaubeton"
"10383","IfcWall","Betonfertigteil normalfest"
"10384","IfcWall","Betonfertigteil normalfest"
"10385","IfcWall","Tiefbaubeton"
"10386","IfcWall","Tiefbaubeton"
"10386","IfcWall","Betonfertigteil normalfest"
"10387","IfcWall","Betonfertigteil normalfest"
"10388","IfcWall","Tiefbaubeton"
"10389","IfcWall","Tiefbaubeton"
"10389","IfcWall","Betonfertigteil hochfest"
"10390","IfcWall","Tiefbaubeton"
"10391","IfcWall","Betonfertigteil hochfest"
"10392","IfcWall","Tiefbaubeton"
"10392","IfcWall","Betonfertigteil hochfest"
"10393","IfcWall","Betonfertigteil hochfest"
"10394","IfcWall","Tiefbaubeton"
"10395","IfcWall","Baugrubensicherung Bohrpfahlwand gespriesst"
"10396","IfcWall","Baugrubensicherung Bohrpfahlwand gespriesst"
"10397","IfcWall","Baugrubensicherung Bohrpfahlwand gespriesst"
"10398","IfcWall","Baugrubensicherung Bohrpfahlwand gespriesst"
"10399","IfcWall","Baugrubensicherung Bohrpfahlwand gespriesst"
"10400","IfcWall","Baugrubensicherung Bohrpfahlwand gespriesst"
"10401","IfcWall","Baugrubensicherung Bohrpfahlwand gespriesst"
"10402","IfcWall","Baugrubensicherung Bohrpfahlwand gespriesst"
"10403","IfcWall","Baugrubensicherung Bohrpfahlwand gespriesst"
"10404","IfcWall","Baugrubensicherung Bohrpfahlwand gespriesst"
"10405","IfcWall","Baugrubensicherung Bohrpfahlwand gespriesst"
"10406","IfcWall","Baugrubensicherung Bohrpfahlwand gespriesst"
"10407","IfcWall","Baugrubensicherung Bohrpfahlwand gespriesst"
"10408","IfcWall","Baugrubensicherung Bohrpfahlwand gespriesst"
"10409","IfcWall","Baugrubensicherung Bohrpfahlwand gespriesst"
"10410","IfcWall","Baugrubensicherung Bohrpfahlwand gespriesst"
"10411","IfcWall","Baugrubensicherung Bohrpfahlwand gespriesst"
"10412","IfcWall","Baugrubensicherung Bohrpfahlwand gespriesst"
"10413","IfcWall","Baugrubensicherung Bohrpfahlwand gespriesst"
"10414","IfcWall","Baugrubensicherung Bohrpfahlwand gespriesst"
"10415","IfcWall","Baugrubensicherung Bohrpfahlwand unverankert"
"10416","IfcWall","Baugrubensicherung Bohrpfahlwand unverankert"
"10417","IfcWall","Baugrubensicherung Bohrpfahlwand unverankert"
"10418","IfcWall","Baugrubensicherung Bohrpfahlwand unverankert"
"10419","IfcWall","Baugrubensicherung Bohrpfahlwand unverankert"
"10420","IfcWall","Baugrubensicherung Bohrpfahlwand unverankert"
"10421","IfcWall","Baugrubensicherung Bohrpfahlwand unverankert"
"10422","IfcWall","Baugrubensicherung Bohrpfahlwand unverankert"
"10423","IfcWall","Baugrubensicherung Bohrpfahlwand unverankert"
"10424","IfcWall","Baugrubensicherung Bohrpfahlwand unverankert"
"10425","IfcWall","Baugrubensicherung Bohrpfahlwand unverankert"
"10426","IfcWall","Baugrubensicherung Bohrpfahlwand unverankert"
"10427","IfcWall","Baugrubensicherung Bohrpfahlwand unverankert"
"10428","IfcWall","Baugrubensicherung Bohrpfahlwand unverankert"
"10429","IfcWall","Baugrubensicherung Bohrpfahlwand unverankert"
"10430","IfcWall","Baugrubensicherung Bohrpfahlwand unverankert"
"10431","IfcWall","Baugrubensicherung Bohrpfahlwand unverankert"
"10432","IfcWall","Baugrubensicherung Bohrpfahlwand unverankert"
"10433","IfcWall","Baugrubensicherung Bohrpfahlwand unverankert"
"10434","IfcWall","Baugrubensicherung Bohrpfahlwand unverankert"
"10435","IfcWall","Baugrubensicherung Bohrpfahlwand verankert"
"10436","IfcWall","Baugrubensicherung Bohrpfahlwand verankert"
"10437","IfcWall","Baugrubensicherung Bohrpfahlwand verankert"
"10438","IfcWall","Baugrubensicherung Bohrpfahlwand verankert"
"10439","IfcWall","Baugrubensicherung Bohrpfahlwand verankert"
"10440","IfcWall","Baugrubensicherung Bohrpfahlwand verankert"
"10441","IfcWall","Baugrubensicherung Bohrpfahlwand verankert"
"10442","IfcWall","Baugrubensicherung Bohrpfahlwand verankert"
"10443","IfcWall","Baugrubensicherung Bohrpfahlwand verankert"
"10444","IfcWall","Baugrubensicherung Bohrpfahlwand verankert"
"10445","IfcWall","Baugrubensicherung Bohrpfahlwand verankert"
"10446","IfcWall","Baugrubensicherung Bohrpfahlwand verankert"
"10447","IfcWall","Baugrubensicherung Bohrpfahlwand verankert"
"10448","IfcWall","Baugrubensicherung Bohrpfahlwand verankert"
"10449","IfcWall","Baugrubensicherung Bohrpfahlwand verankert"
"10450","IfcWall","Baugrubensicherung Bohrpfahlwand verankert"
"10451","IfcWall","Baugrubensicherung Bohrpfahlwand verankert"
"10452","IfcWall","Baugrubensicherung Bohrpfahlwand verankert"
"10453","IfcWall","Baugrubensicherung Bohrpfahlwand verankert"
"10454","IfcWall","Baugrubensicherung Bohrpfahlwand verankert"
"10455","IfcWall","Tiefbaubeton"
"10456","IfcWall","Tiefbaubeton"
"10457","IfcWall","Betonfertigteil hochfest"
"10458","IfcWall","Baugrubensicherung Bohrpfahlwand gespriesst"
"10459","IfcWall","Baugrubensicherung Bohrpfahlwand unverankert"
"10460","IfcWall","Baugrubensicherung Bohrpfahlwand verankert"
"10461","IfcWall","Baugrubensicherung Nagelwand"
"10462","IfcWall","Baugrubensicherung Rühlwand auskragend"
"10463","IfcWall","Baugrubensicherung Rühlwand gespriesst"
"10464","IfcWall","Baugrubensicherung Rühlwand verankert"
"10465","IfcWall","Baugrubensicherung Schlitzwand 400"
"10466","IfcWall","Baugrubensicherung Schlitzwand 800"
"10467","IfcWall","Tiefbaubeton"
"10468","IfcWall","Tiefbaubeton"
"10469","IfcWall","Tiefbaubeton"
"10470","IfcWall","Baugrubensicherung Bohrpfahlwand gespriesst"
"10471","IfcWall","Baugrubensicherung Bohrpfahlwand unverankert"
"10472","IfcWall","Baugrubensicherung Bohrpfahlwand verankert"
"10473","IfcWall","Baugrubensicherung Nagelwand"
"10474","IfcWall","Baugrubensicherung Rühlwand auskragend"
"10475","IfcWall","Baugrubensicherung Rühlwand gespriesst"
"10476","IfcWall","Baugrubensicherung Rühlwand verankert"
"10477","IfcWall","Baugrubensicherung Schlitzwand 400"
"10478","IfcWall","Baugrubensicherung Schlitzwand 800"
"10479","IfcWall","Tiefbaubeton"
"10480","IfcWall","Betonfertigteil normalfest"
"10481","IfcWall","Tiefbaubeton"
"10482","IfcWall","Baugrubensicherung Bohrpfahlwand gespriesst"
"10483","IfcWall","Baugrubensicherung Bohrpfahlwand unverankert"
"10484","IfcWall","Baugrubensicherung Bohrpfahlwand verankert"
"10485","IfcWall","Baugrubensicherung Nagelwand"
"10486","IfcWall","Baugrubensicherung Rühlwand auskragend"
"10487","IfcWall","Baugrubensicherung Rühlwand gespriesst"
"10488","IfcWall","Baugrubensicherung Rühlwand verankert"
"10489","IfcWall","Baugrubensicherung Schlitzwand 400"
"10490","IfcWall","Baugrubensicherung Schlitzwand 800"
"10491","IfcWall","Tiefbaubeton"
"10492","IfcWall","Betonfertigteil normalfest"
"10493","IfcWall","Tiefbaubeton"
"10494","IfcWall","Betonfertigteil normalfest"
"10495","IfcWall","Betonfertigteil hochfest"
"10496","IfcWall","Baugrubensicherung Bohrpfahlwand gespriesst"
"10497","IfcWall","Baugrubensicherung Bohrpfahlwand unverankert"
"10498","IfcWall","Baugrubensicherung Bohrpfahlwand verankert"
"10499","IfcWall","Baugrubensicherung Nagelwand"
"10500","IfcWall","Baugrubensicherung Rühlwand auskragend"
"10501","IfcWall","Baugrubensicherung Rühlwand gespriesst"
"10502","IfcWall","Baugrubensicherung Rühlwand verankert"
"10503","IfcWall","Baugrubensicherung Schlitzwand 400"
"10504","IfcWall","Baugrubensicherung Schlitzwand 800"
"10505","IfcWall","Baugrubensicherung Nagelwand"
"10506","IfcWall","Baugrubensicherung Nagelwand"
"10507","IfcWall","Baugrubensicherung Nagelwand"
"10508","IfcWall","Baugrubensicherung Nagelwand"
"10509","IfcWall","Baugrubensicherung Nagelwand"
"10510","IfcWall","Baugrubensicherung Nagelwand"
"10511","IfcWall","Baugrubensicherung Nagelwand"
"10512","IfcWall","Baugrubensicherung Nagelwand"
"10513","IfcWall","Baugrubensicherung Nagelwand"
"10514","IfcWall","Baugrubensicherung Nagelwand"
"10515","IfcWall","Baugrubensicherung Nagelwand"
"10516","IfcWall","Baugrubensicherung Nagelwand"
"10517","IfcWall","Baugrubensicherung Nagelwand"
"10518","IfcWall","Baugrubensicherung Nagelwand"
"10519","IfcWall","Baugrubensicherung Nagelwand"
"10520","IfcWall","Baugrubensicherung Nagelwand"
"10521","IfcWall","Baugrubensicherung Nagelwand"
"10522","IfcWall","Baugrubensicherung Nagelwand"
"10523","IfcWall","Baugrubensicherung Nagelwand"
"10524","IfcWall","Baugrubensicherung Nagelwand"
"10525","IfcWall","Baugrubensicherung Rühlwand auskragend"
"10526","IfcWall","Baugrubensicherung Rühlwand auskragend"
"10527","IfcWall","Baugrubensicherung Rühlwand auskragend"
"10528","IfcWall","Baugrubensicherung Rühlwand auskragend"
"10529","IfcWall","Baugrubensicherung Rühlwand auskragend"
"10530","IfcWall","Baugrubensicherung Rühlwand auskragend"
"10531","IfcWall","Baugrubensicherung Rühlwand auskragend"
"10532","IfcWall","Baugrubensicherung Rühlwand auskragend"
"10533","IfcWall","Baugrubensicherung Rühlwand auskragend"
"10534","IfcWall","Baugrubensicherung Rühlwand auskragend"
"10535","IfcWall","Baugrubensicherung Rühlwand auskragend"
"10536","IfcWall","Baugrubensicherung Rühlwand auskragend"
"10537","IfcWall","Baugrubensicherung Rühlwand auskragend"
"10538","IfcWall","Baugrubensicherung Rühlwand auskragend"
"10539","IfcWall","Baugrubensicherung Rühlwand auskragend"
"10540","IfcWall","Baugrubensicherung Rühlwand auskragend"
"10541","IfcWall","Baugrubensicherung Rühlwand auskragend"
"10542","IfcWall","Baugrubensicherung Rühlwand auskragend"
"10543","IfcWall","Baugrubensicherung Rühlwand auskragend"
"10544","IfcWall","Baugrubensicherung Rühlwand auskragend"
"10545","IfcWall","Baugrubensicherung Rühlwand gespriesst"
"10546","IfcWall","Baugrubensicherung Rühlwand gespriesst"
"10547","IfcWall","Baugrubensicherung Rühlwand gespriesst"
"10548","IfcWall","Baugrubensicherung Rühlwand gespriesst"
"10549","IfcWall","Baugrubensicherung Rühlwand gespriesst"
"10550","IfcWall","Baugrubensicherung Rühlwand gespriesst"
"10551","IfcWall","Baugrubensicherung Rühlwand gespriesst"
"10552","IfcWall","Baugrubensicherung Rühlwand gespriesst"
"10553","IfcWall","Baugrubensicherung Rühlwand gespriesst"
"10554","IfcWall","Baugrubensicherung Rühlwand gespriesst"
"10555","IfcWall","Baugrubensicherung Rühlwand gespriesst"
"10556","IfcWall","Baugrubensicherung Rühlwand gespriesst"
"10557","IfcWall","Baugrubensicherung Rühlwand gespriesst"
"10558","IfcWall","Baugrubensicherung Rühlwand gespriesst"
"10559","IfcWall","Baugrubensicherung Rühlwand gespriesst"
"10560","IfcWall","Baugrubensicherung Rühlwand gespriesst"
"10561","IfcWall","Baugrubensicherung Rühlwand gespriesst"
"10562","IfcWall","Baugrubensicherung Rühlwand gespriesst"
"10563","IfcWall","Baugrubensicherung Rühlwand gespriesst"
"10564","IfcWall","Baugrubensicherung Rühlwand gespriesst"
"10565","IfcWall","Baugrubensicherung Rühlwand verankert"
"10566","IfcWall","Baugrubensicherung Rühlwand verankert"
"10567","IfcWall","Baugrubensicherung Rühlwand verankert"
"10568","IfcWall","Baugrubensicherung Rühlwand verankert"
"10569","IfcWall","Baugrubensicherung Rühlwand verankert"
"10570","IfcWall","Baugrubensicherung Rühlwand verankert"
"10571","IfcWall","Baugrubensicherung Rühlwand verankert"
"10572","IfcWall","Baugrubensicherung Rühlwand verankert"
"10573","IfcWall","Baugrubensicherung Rühlwand verankert"
"10574","IfcWall","Baugrubensicherung Rühlwand verankert"
"10575","IfcWall","Baugrubensicherung Rühlwand verankert"
"10576","IfcWall","Baugrubensicherung Rühlwand verankert"
"10577","IfcWall","Baugrubensicherung Rühlwand verankert"
"10578","IfcWall","Baugrubensicherung Rühlwand verankert"
"10579","IfcWall","Baugrubensicherung Rühlwand verankert"
"10580","IfcWall","Baugrubensicherung Rühlwand verankert"
"10581","IfcWall","Baugrubensicherung Rühlwand verankert"
"10582","IfcWall","Baugrubensicherung Rühlwand verankert"
"10583","IfcWall","Baugrubensicherung Rühlwand verankert"
"10584","IfcWall","Baugrubensicherung Rühlwand verankert"
"10585","IfcWall","Baugrubensicherung Schlitzwand 400"
"10586","IfcWall","Baugrubensicherung Schlitzwand 400"
"10587","IfcWall","Baugrubensicherung Schlitzwand 400"
"10588","IfcWall","Baugrubensicherung Schlitzwand 400"
"10589","IfcWall","Baugrubensicherung Schlitzwand 400"
"10590","IfcWall","Baugrubensicherung Schlitzwand 400"
"10591","IfcWall","Baugrubensicherung Schlitzwand 400"
"10592","IfcWall","Baugrubensicherung Schlitzwand 400"
"10593","IfcWall","Baugrubensicherung Schlitzwand 400"
"10594","IfcWall","Baugrubensicherung Schlitzwand 400"
"10595","IfcWall","Baugrubensicherung Schlitzwand 400"
"10596","IfcWall","Baugrubensicherung Schlitzwand 400"
"10597","IfcWall","Baugrubensicherung Schlitzwand 400"
"10598","IfcWall","Baugrubensicherung Schlitzwand 400"
"10599","IfcWall","Baugrubensicherung Schlitzwand 400"
"10600","IfcWall","Baugrubensicherung Schlitzwand 400"
"10601","IfcWall","Baugrubensicherung Schlitzwand 400"
"10602","IfcWall","Baugrubensicherung Schlitzwand 400"
"10603","IfcWall","Baugrubensicherung Schlitzwand 400"
"10604","IfcWall","Baugrubensicherung Schlitzwand 400"
"10605","IfcWall","Baugrubensicherung Schlitzwand 800"
"10606","IfcWall","Baugrubensicherung Schlitzwand 800"
"10607","IfcWall","Baugrubensicherung Schlitzwand 800"
"10608","IfcWall","Baugrubensicherung Schlitzwand 800"
"10609","IfcWall","Baugrubensicherung Schlitzwand 800"
"10610","IfcWall","Baugrubensicherung Schlitzwand 800"
"10611","IfcWall","Baugrubensicherung Schlitzwand 800"
"10612","IfcWall","Baugrubensicherung Schlitzwand 800"
"10613","IfcWall","Baugrubensicherung Schlitzwand 800"
"10614","IfcWall","Baugrubensicherung Schlitzwand 800"
"10615","IfcWall","Baugrubensicherung Schlitzwand 800"
"10616","IfcWall","Baugrubensicherung Schlitzwand 800"
"10617","IfcWall","Baugrubensicherung Schlitzwand 800"
"10618","IfcWall","Baugrubensicherung Schlitzwand 800"
"10619","IfcWall","Baugrubensicherung Schlitzwand 800"
"10620","IfcWall","Baugrubensicherung Schlitzwand 800"
"10621","IfcWall","Baugrubensicherung Schlitzwand 800"
"10622","IfcWall","Baugrubensicherung Schlitzwand 800"
"10623","IfcWall","Baugrubensicherung Schlitzwand 800"
"10624","IfcWall","Baugrubensicherung Schlitzwand 800"
"10625","IfcWall","Tiefbaubeton"
"10625","IfcWall","Betonfertigteil normalfest"
"10625","IfcWall","Betonfertigteil hochfest"
"10626","IfcWall","Betonfertigteil normalfest"
"10626","IfcWall","Betonfertigteil hochfest"
"10627","IfcWall","Tiefbaubeton"
"10628","IfcWall","Tiefbaubeton"
"10629","IfcWall","Betonfertigteil normalfest"
"10629","IfcWall","Betonfertigteil hochfest"
"10630","IfcWall","Magerbeton"
"10631","IfcWall","Magerbeton"
"10632","IfcWall","Magerbeton"
"10633","IfcWall","Magerbeton"
"10634","IfcWall","Tiefbaubeton"
"10634","IfcWall","Betonfertigteil normalfest"
"10635","IfcWall","Tiefbaubeton"
"10636","IfcWall","Betonfertigteil normalfest"
"10637","IfcWall","Tiefbaubeton"
"10637","IfcWall","Betonfertigteil normalfest"
"10638","IfcWall","Betonfertigteil normalfest"
"10639","IfcWall","Tiefbaubeton"
"10640","IfcWall","Tiefbaubeton"
"10640","IfcWall","Betonfertigteil normalfest"
"10641","IfcWall","Betonfertigteil normalfest"
"10642","IfcWall","Tiefbaubeton"
"10643","IfcWall","Tiefbaubeton"
"10643","IfcWall","Betonfertigteil hochfest"
"10644","IfcWall","Tiefbaubeton"
"10645","IfcWall","Betonfertigteil hochfest"
"10646","IfcWall","Tiefbaubeton"
"10646","IfcWall","Betonfertigteil hochfest"
"10647","IfcWall","Betonfertigteil hochfest"
"10648","IfcWall","Tiefbaubeton"
"10649","IfcWall","Tiefbaubeton"
"10650","IfcWall","Betonfertigteil normalfest"
"10651","IfcWall","Tiefbaubeton"
"10652","IfcWall","Tiefbaubeton"
"10653","IfcWall","Betonfertigteil normalfest"
"10654","IfcWall","Tiefbaubeton"
"10655","IfcWall","Tiefbaubeton"
"10656","IfcWall","Tiefbaubeton"
"10657","IfcWall","Tiefbaubeton"
"10658","IfcWall","Betonfertigteil hochfest"
"10659","IfcWall","Tiefbaubeton"
"10660","IfcWall","Tiefbaubeton"
"10661","IfcWall","Betonfertigteil normalfest"
"10662","IfcWall","Betonfertigteil hochfest"
"10663","IfcWall","Tiefbaubeton"
"10663","IfcWall","Betonfertigteil normalfest"
"10663","IfcWall","Betonfertigteil hochfest"
"10664","IfcWall","Betonfertigteil normalfest"
"10664","IfcWall","Betonfertigteil hochfest"
"10665","IfcWall","Tiefbaubeton"
"10666","IfcWall","Tiefbaubeton"
"10667","IfcWall","Betonfertigteil normalfest"
"10667","IfcWall","Betonfertigteil hochfest"
"10668","IfcWall","Tiefbaubeton"
"10668","IfcWall","Betonfertigteil normalfest"
"10669","IfcWall","Betonfertigteil normalfest"
"10670","IfcWall","Tiefbaubeton"
"10671","IfcWall","Tiefbaubeton"
"10671","IfcWall","Betonfertigteil normalfest"
"10672","IfcWall","Betonfertigteil normalfest"
"10673","IfcWall","Tiefbaubeton"
"10674","IfcWall","Tiefbaubeton"
"10674","IfcWall","Betonfertigteil normalfest"
"10675","IfcWall","Betonfertigteil normalfest"
"10676","IfcWall","Tiefbaubeton"
"10677","IfcWall","Tiefbaubeton"
"10677","IfcWall","Betonfertigteil hochfest"
"10678","IfcWall","Tiefbaubeton"
"10679","IfcWall","Betonfertigteil hochfest"
"10680","IfcWall","Tiefbaubeton"
"10680","IfcWall","Betonfertigteil hochfest"
"10681","IfcWall","Betonfertigteil hochfest"
"10682","IfcWall","Tiefbaubeton"
"10683","IfcWall","Tiefbaubeton"
"10684","IfcWall","Tiefbaubeton"
"10685","IfcWall","Betonfertigteil hochfest"
"10686","IfcWall","Tiefbaubeton"
"10687","IfcWall","Tiefbaubeton"
"10688","IfcWall","Tiefbaubeton"
"10689","IfcWall","Betonfertigteil normalfest"
"10690","IfcWall","Tiefbaubeton"
"10691","IfcWall","Betonfertigteil normalfest"
"10692","IfcWall","Tiefbaubeton"
"10693","IfcWall","Tiefbaubeton"
"10694","IfcWall","Betonfertigteil normalfest"
"10695","IfcWall","Tiefbaubeton"
"10696","IfcWall","Betonfertigteil hochfest"
"10697","IfcWall","Tiefbaubeton"
"10697","IfcWall","Betonfertigteil normalfest"
"10697","IfcWall","Betonfertigteil hochfest"
"10698","IfcWall","Betonfertigteil normalfest"
"10698","IfcWall","Betonfertigteil hochfest"
"10699","IfcWall","Tiefbaubeton"
"10700","IfcWall","Tiefbaubeton"
"10701","IfcWall","Betonfertigteil normalfest"
"10701","IfcWall","Betonfertigteil hochfest"
"10702","IfcWall","Magerbeton"
"10703","IfcWall","Magerbeton"
"10704","IfcWall","Magerbeton"
"10705","IfcWall","Magerbeton"
"10706","IfcWall","Tiefbaubeton"
"10706","IfcWall","Betonfertigteil normalfest"
"10707","IfcWall","Betonfertigteil normalfest"
"10708","IfcWall","Tiefbaubeton"
"10709","IfcWall","Tiefbaubeton"
"10709","IfcWall","Betonfertigteil normalfest"
"10710","IfcWall","Tiefbaubeton"
"10711","IfcWall","Betonfertigteil normalfest"
"10712","IfcWall","Tiefbaubeton"
"10712","IfcWall","Betonfertigteil normalfest"
"10713","IfcWall","Betonfertigteil normalfest"
"10714","IfcWall","Tiefbaubeton"
"10715","IfcWall","Tiefbaubeton"
"10715","IfcWall","Betonfertigteil hochfest"
"10716","IfcWall","Tiefbaubeton"
"10717","IfcWall","Betonfertigteil hochfest"
"10718","IfcWall","Tiefbaubeton"
"10718","IfcWall","Betonfertigteil hochfest"
"10719","IfcWall","Betonfertigteil hochfest"
"10720","IfcWall","Tiefbaubeton"
"10721","IfcWall","Tiefbaubeton"
"10722","IfcWall","Tiefbaubeton"
"10723","IfcWall","Betonfertigteil normalfest"
"10724","IfcWall","Tiefbaubeton"
"10725","IfcWall","Tiefbaubeton"
"10726","IfcWall","Tiefbaubeton"
"10727","IfcWall","Tiefbaubeton"
"10728","IfcWall","Tiefbaubeton"
"10729","IfcWall","Tiefbaubeton"
"10730","IfcWall","Betonfertigteil normalfest"
"10731","IfcWall","Betonfertigteil normalfest"
"10732","IfcWall","Betonfertigteil hochfest"
"10733","IfcWall","Betonfertigteil hochfest"
"10734","IfcWall","Backstein"
"10734","IfcWall","Kalksandstein"
"10734","IfcWall","Betonziegel"
"10735","IfcWall","Natursteinplatte geschnitten"
"10735","IfcWall","Natursteinplatte geschliffen"
"10735","IfcWall","Hartsandsteinplatte"
"10735","IfcWall","Kalksteinplatte"
"10735","IfcWall","Kalksandstein"
"10735","IfcWall","Kunststeinplatte zementgebunden"
"10736","IfcWall","Tiefbaubeton"
"10736","IfcWall","Betonfertigteil normalfest"
"10736","IfcWall","Betonfertigteil hochfest"
"10737","IfcWall","Betonfertigteil normalfest"
"10737","IfcWall","Betonfertigteil hochfest"
"10738","IfcWall","Tiefbaubeton"
"10739","IfcWall","Tiefbaubeton"
"10740","IfcWall","Betonfertigteil normalfest"
"10740","IfcWall","Betonfertigteil hochfest"
"10741","IfcWall","Tiefbaubeton"
"10741","IfcWall","Betonfertigteil normalfest"
"10742","IfcWall","Betonfertigteil normalfest"
"10743","IfcWall","Tiefbaubeton"
"10744","IfcWall","Tiefbaubeton"
"10744","IfcWall","Betonfertigteil normalfest"
"10745","IfcWall","Betonfertigteil normalfest"
"10746","IfcWall","Tiefbaubeton"
"10747","IfcWall","Tiefbaubeton"
"10747","IfcWall","Betonfertigteil normalfest"
"10748","IfcWall","Tiefbaubeton"
"10749","IfcWall","Betonfertigteil normalfest"
"10750","IfcWall","Tiefbaubeton"
"10750","IfcWall","Betonfertigteil hochfest"
"10751","IfcWall","Betonfertigteil hochfest"
"10752","IfcWall","Tiefbaubeton"
"10753","IfcWall","Tiefbaubeton"
"10753","IfcWall","Betonfertigteil hochfest"
"10754","IfcWall","Tiefbaubeton"
"10755","IfcWall","Betonfertigteil hochfest"
"10756","IfcWall","Tiefbaubeton"
"10757","IfcWall","Tiefbaubeton"
"10758","IfcWall","Tiefbaubeton"
"10759","IfcWall","Betonfertigteil normalfest"
"10760","IfcWall","Betonfertigteil normalfest"
"10761","IfcWall","Betonfertigteil hochfest"
"10762","IfcWall","Tiefbaubeton"
"10763","IfcWall","Tiefbaubeton"
"10764","IfcWall","Tiefbaubeton"
"10765","IfcWall","Tiefbaubeton"
"10766","IfcWall","Tiefbaubeton"
"10767","IfcWall","Betonfertigteil normalfest"
"10768","IfcWall","Tiefbaubeton"
"10769","IfcWall","Betonfertigteil hochfest"
"10770","IfcWall","Tiefbaubeton"
"10770","IfcWall","Betonfertigteil normalfest"
"10770","IfcWall","Betonfertigteil hochfest"
"10771","IfcWall","Betonfertigteil normalfest"
"10771","IfcWall","Betonfertigteil hochfest"
"10772","IfcWall","Tiefbaubeton"
"10773","IfcWall","Tiefbaubeton"
"10774","IfcWall","Betonfertigteil normalfest"
"10774","IfcWall","Betonfertigteil hochfest"
"10775","IfcWall","Magerbeton"
"10776","IfcWall","Magerbeton"
"10777","IfcWall","Magerbeton"
"10778","IfcWall","Magerbeton"
"10779","IfcWall","Tiefbaubeton"
"10779","IfcWall","Betonfertigteil normalfest"
"10780","IfcWall","Betonfertigteil normalfest"
"10781","IfcWall","Tiefbaubeton"
"10782","IfcWall","Tiefbaubeton"
"10782","IfcWall","Betonfertigteil normalfest"
"10783","IfcWall","Betonfertigteil normalfest"
"10784","IfcWall","Tiefbaubeton"
"10785","IfcWall","Tiefbaubeton"
"10785","IfcWall","Betonfertigteil normalfest"
"10786","IfcWall","Tiefbaubeton"
"10787","IfcWall","Betonfertigteil normalfest"
"10788","IfcWall","Tiefbaubeton"
"10788","IfcWall","Betonfertigteil hochfest"
"10789","IfcWall","Betonfertigteil hochfest"
"10790","IfcWall","Tiefbaubeton"
"10791","IfcWall","Tiefbaubeton"
"10791","IfcWall","Betonfertigteil hochfest"
"10792","IfcWall","Tiefbaubeton"
"10793","IfcWall","Betonfertigteil hochfest"
"10794","IfcWall","Tiefbaubeton"
"10795","IfcWall","Betonfertigteil normalfest"
"10796","IfcWall","Tiefbaubeton"
"10797","IfcWall","Tiefbaubeton"
"10798","IfcWall","Betonfertigteil hochfest"
"10799","IfcWall","Tiefbaubeton"
"10800","IfcWall","Tiefbaubeton"
"10801","IfcWall","Tiefbaubeton"
"10802","IfcWall","Betonfertigteil hochfest"
"10803","IfcWall","Tiefbaubeton"
"10804","IfcWall","Betonfertigteil normalfest"
"10805","IfcWall","Tiefbaubeton"
"10806","IfcWall","Tiefbaubeton"
"10807","IfcWall","Betonfertigteil normalfest"
"10808","IfcWall","Backstein"
"10808","IfcWall","Kalksandstein"
"10808","IfcWall","Betonziegel"
"10809","IfcWall","Natursteinplatte geschnitten"
"10809","IfcWall","Natursteinplatte geschliffen"
"10809","IfcWall","Hartsandsteinplatte"
"10809","IfcWall","Kalksteinplatte"
"10809","IfcWall","Kalksandstein"
"10809","IfcWall","Kunststeinplatte zementgebunden"
"10810","IfcWall","Tiefbaubeton"
"10810","IfcWall","Betonfertigteil normalfest"
"10810","IfcWall","Betonfertigteil hochfest"
"10811","IfcWall","Betonfertigteil normalfest"
"10811","IfcWall","Betonfertigteil hochfest"
"10812","IfcWall","Tiefbaubeton"
"10813","IfcWall","Tiefbaubeton"
"10814","IfcWall","Betonfertigteil normalfest"
"10814","IfcWall","Betonfertigteil hochfest"
"10815","IfcWall","Tiefbaubeton"
"10815","IfcWall","Betonfertigteil normalfest"
"10816","IfcWall","Tiefbaubeton"
"10817","IfcWall","Betonfertigteil normalfest"
"10818","IfcWall","Tiefbaubeton"
"10818","IfcWall","Betonfertigteil normalfest"
"10819","IfcWall","Tiefbaubeton"
"10820","IfcWall","Betonfertigteil normalfest"
"10821","IfcWall","Tiefbaubeton"
"10821","IfcWall","Betonfertigteil normalfest"
"10822","IfcWall","Tiefbaubeton"
"10823","IfcWall","Betonfertigteil normalfest"
"10824","IfcWall","Tiefbaubeton"
"10824","IfcWall","Betonfertigteil hochfest"
"10825","IfcWall","Tiefbaubeton"
"10826","IfcWall","Betonfertigteil hochfest"
"10827","IfcWall","Tiefbaubeton"
"10827","IfcWall","Betonfertigteil hochfest"
"10828","IfcWall","Betonfertigteil hochfest"
"10829","IfcWall","Tiefbaubeton"
"10830","IfcWall","Tiefbaubeton"
"10831","IfcWall","Tiefbaubeton"
"10832","IfcWall","Betonfertigteil normalfest"
"10833","IfcWall","Betonfertigteil hochfest"
"10834","IfcWall","Tiefbaubeton"
"10835","IfcWall","Tiefbaubeton"
"10836","IfcWall","Tiefbaubeton"
"10837","IfcWall","Tiefbaubeton"
"10838","IfcWall","Betonfertigteil normalfest"
"10839","IfcWall","Betonfertigteil normalfest"
"10840","IfcWall","Tiefbaubeton"
"10841","IfcWall","Betonfertigteil hochfest"
"10842","IfcWall","Tiefbaubeton"
"10843","IfcWall","Stahlblech blank"
"10843","IfcWall","Stahlprofil blank"
"10844","IfcWall","Stahlblech blank"
"10844","IfcWall","Stahlprofil blank"
"10845","IfcWall","Stahlblech blank"
"10845","IfcWall","Stahlprofil blank"
"10846","IfcWall","Tiefbaubeton"
"10846","IfcWall","Betonfertigteil normalfest"
"10846","IfcWall","Betonfertigteil hochfest"
"10847","IfcWall","Betonfertigteil normalfest"
"10847","IfcWall","Betonfertigteil hochfest"
"10848","IfcWall","Tiefbaubeton"
"10849","IfcWall","Tiefbaubeton"
"10850","IfcWall","Betonfertigteil normalfest"
"10850","IfcWall","Betonfertigteil hochfest"
"10851","IfcWall","Magerbeton"
"10852","IfcWall","Magerbeton"
"10853","IfcWall","Magerbeton"
"10854","IfcWall","Magerbeton"
"10855","IfcWall","Tiefbaubeton"
"10855","IfcWall","Betonfertigteil normalfest"
"10856","IfcWall","Betonfertigteil normalfest"
"10857","IfcWall","Tiefbaubeton"
"10858","IfcWall","Tiefbaubeton"
"10858","IfcWall","Betonfertigteil normalfest"
"10859","IfcWall","Betonfertigteil normalfest"
"10860","IfcWall","Tiefbaubeton"
"10861","IfcWall","Tiefbaubeton"
"10861","IfcWall","Betonfertigteil normalfest"
"10862","IfcWall","Betonfertigteil normalfest"
"10863","IfcWall","Tiefbaubeton"
"10864","IfcWall","Tiefbaubeton"
"10864","IfcWall","Betonfertigteil hochfest"
"10865","IfcWall","Betonfertigteil hochfest"
"10866","IfcWall","Tiefbaubeton"
"10867","IfcWall","Tiefbaubeton"
"10867","IfcWall","Betonfertigteil hochfest"
"10868","IfcWall","Tiefbaubeton"
"10869","IfcWall","Betonfertigteil hochfest"
"10870","IfcWall","Baugrubensicherung Bohrpfahlwand gespriesst"
"10871","IfcWall","Baugrubensicherung Bohrpfahlwand gespriesst"
"10872","IfcWall","Baugrubensicherung Bohrpfahlwand gespriesst"
"10873","IfcWall","Baugrubensicherung Bohrpfahlwand gespriesst"
"10874","IfcWall","Baugrubensicherung Bohrpfahlwand gespriesst"
"10875","IfcWall","Baugrubensicherung Bohrpfahlwand gespriesst"
"10876","IfcWall","Baugrubensicherung Bohrpfahlwand gespriesst"
"10877","IfcWall","Baugrubensicherung Bohrpfahlwand gespriesst"
"10878","IfcWall","Baugrubensicherung Bohrpfahlwand gespriesst"
"10879","IfcWall","Baugrubensicherung Bohrpfahlwand gespriesst"
"10880","IfcWall","Baugrubensicherung Bohrpfahlwand gespriesst"
"10881","IfcWall","Baugrubensicherung Bohrpfahlwand gespriesst"
"10882","IfcWall","Baugrubensicherung Bohrpfahlwand gespriesst"
"10883","IfcWall","Baugrubensicherung Bohrpfahlwand gespriesst"
"10884","IfcWall","Baugrubensicherung Bohrpfahlwand gespriesst"
"10885","IfcWall","Baugrubensicherung Bohrpfahlwand gespriesst"
"10886","IfcWall","Baugrubensicherung Bohrpfahlwand gespriesst"
"10887","IfcWall","Baugrubensicherung Bohrpfahlwand gespriesst"
"10888","IfcWall","Baugrubensicherung Bohrpfahlwand gespriesst"
"10889","IfcWall","Baugrubensicherung Bohrpfahlwand gespriesst"
"10890","IfcWall","Baugrubensicherung Bohrpfahlwand unverankert"
"10891","IfcWall","Baugrubensicherung Bohrpfahlwand unverankert"
"10892","IfcWall","Baugrubensicherung Bohrpfahlwand unverankert"
"10893","IfcWall","Baugrubensicherung Bohrpfahlwand unverankert"
"10894","IfcWall","Baugrubensicherung Bohrpfahlwand unverankert"
"10895","IfcWall","Baugrubensicherung Bohrpfahlwand unverankert"
"10896","IfcWall","Baugrubensicherung Bohrpfahlwand unverankert"
"10897","IfcWall","Baugrubensicherung Bohrpfahlwand unverankert"
"10898","IfcWall","Baugrubensicherung Bohrpfahlwand unverankert"
"10899","IfcWall","Baugrubensicherung Bohrpfahlwand unverankert"
"10900","IfcWall","Baugrubensicherung Bohrpfahlwand unverankert"
"10901","IfcWall","Baugrubensicherung Bohrpfahlwand unverankert"
"10902","IfcWall","Baugrubensicherung Bohrpfahlwand unverankert"
"10903","IfcWall","Baugrubensicherung Bohrpfahlwand unverankert"
"10904","IfcWall","Baugrubensicherung Bohrpfahlwand unverankert"
"10905","IfcWall","Baugrubensicherung Bohrpfahlwand unverankert"
"10906","IfcWall","Baugrubensicherung Bohrpfahlwand unverankert"
"10907","IfcWall","Baugrubensicherung Bohrpfahlwand unverankert"
"10908","IfcWall","Baugrubensicherung Bohrpfahlwand unverankert"
"10909","IfcWall","Baugrubensicherung Bohrpfahlwand unverankert"
"10910","IfcWall","Baugrubensicherung Bohrpfahlwand verankert"
"10911","IfcWall","Baugrubensicherung Bohrpfahlwand verankert"
"10912","IfcWall","Baugrubensicherung Bohrpfahlwand verankert"
"10913","IfcWall","Baugrubensicherung Bohrpfahlwand verankert"
"10914","IfcWall","Baugrubensicherung Bohrpfahlwand verankert"
"10915","IfcWall","Baugrubensicherung Bohrpfahlwand verankert"
"10916","IfcWall","Baugrubensicherung Bohrpfahlwand verankert"
"10917","IfcWall","Baugrubensicherung Bohrpfahlwand verankert"
"10918","IfcWall","Baugrubensicherung Bohrpfahlwand verankert"
"10919","IfcWall","Baugrubensicherung Bohrpfahlwand verankert"
"10920","IfcWall","Baugrubensicherung Bohrpfahlwand verankert"
"10921","IfcWall","Baugrubensicherung Bohrpfahlwand verankert"
"10922","IfcWall","Baugrubensicherung Bohrpfahlwand verankert"
"10923","IfcWall","Baugrubensicherung Bohrpfahlwand verankert"
"10924","IfcWall","Baugrubensicherung Bohrpfahlwand verankert"
"10925","IfcWall","Baugrubensicherung Bohrpfahlwand verankert"
"10926","IfcWall","Baugrubensicherung Bohrpfahlwand verankert"
"10927","IfcWall","Baugrubensicherung Bohrpfahlwand verankert"
"10928","IfcWall","Baugrubensicherung Bohrpfahlwand verankert"
"10929","IfcWall","Baugrubensicherung Bohrpfahlwand verankert"
"10930","IfcWall","Tiefbaubeton"
"10931","IfcWall","Betonfertigteil normalfest"
"10932","IfcWall","Betonfertigteil hochfest"
"10933","IfcWall","Tiefbaubeton"
"10934","IfcWall","Tiefbaubeton"
"10935","IfcWall","Betonfertigteil hochfest"
"10936","IfcWall","Baugrubensicherung Bohrpfahlwand gespriesst"
"10937","IfcWall","Baugrubensicherung Bohrpfahlwand unverankert"
"10938","IfcWall","Baugrubensicherung Bohrpfahlwand verankert"
"10939","IfcWall","Baugrubensicherung Nagelwand"
"10940","IfcWall","Baugrubensicherung Rühlwand auskragend"
"10941","IfcWall","Baugrubensicherung Rühlwand gespriesst"
"10942","IfcWall","Baugrubensicherung Rühlwand verankert"
"10943","IfcWall","Baugrubensicherung Schlitzwand 400"
"10944","IfcWall","Baugrubensicherung Schlitzwand 800"
"10945","IfcWall","Tiefbaubeton"
"10946","IfcWall","Betonfertigteil normalfest"
"10947","IfcWall","Baugrubensicherung Bohrpfahlwand gespriesst"
"10948","IfcWall","Baugrubensicherung Bohrpfahlwand unverankert"
"10949","IfcWall","Baugrubensicherung Bohrpfahlwand verankert"
"10950","IfcWall","Baugrubensicherung Nagelwand"
"10951","IfcWall","Baugrubensicherung Rühlwand auskragend"
"10952","IfcWall","Baugrubensicherung Rühlwand gespriesst"
"10953","IfcWall","Baugrubensicherung Rühlwand verankert"
"10954","IfcWall","Baugrubensicherung Schlitzwand 400"
"10955","IfcWall","Baugrubensicherung Schlitzwand 800"
"10956","IfcWall","Tiefbaubeton"
"10957","IfcWall","Tiefbaubeton"
"10958","IfcWall","Betonfertigteil normalfest"
"10959","IfcWall","Tiefbaubeton"
"10960","IfcWall","Tiefbaubeton"
"10961","IfcWall","Baugrubensicherung Bohrpfahlwand gespriesst"
"10962","IfcWall","Baugrubensicherung Bohrpfahlwand unverankert"
"10963","IfcWall","Baugrubensicherung Bohrpfahlwand verankert"
"10964","IfcWall","Baugrubensicherung Nagelwand"
"10965","IfcWall","Baugrubensicherung Rühlwand auskragend"
"10966","IfcWall","Baugrubensicherung Rühlwand gespriesst"
"10967","IfcWall","Baugrubensicherung Rühlwand verankert"
"10968","IfcWall","Baugrubensicherung Schlitzwand 400"
"10969","IfcWall","Baugrubensicherung Schlitzwand 800"
"10970","IfcWall","Baugrubensicherung Nagelwand"
"10971","IfcWall","Baugrubensicherung Nagelwand"
"10972","IfcWall","Baugrubensicherung Nagelwand"
"10973","IfcWall","Baugrubensicherung Nagelwand"
"10974","IfcWall","Baugrubensicherung Nagelwand"
"10975","IfcWall","Baugrubensicherung Nagelwand"
"10976","IfcWall","Baugrubensicherung Nagelwand"
"10977","IfcWall","Baugrubensicherung Nagelwand"
"10978","IfcWall","Baugrubensicherung Nagelwand"
"10979","IfcWall","Baugrubensicherung Nagelwand"
"10980","IfcWall","Baugrubensicherung Nagelwand"
"10981","IfcWall","Baugrubensicherung Nagelwand"
"10982","IfcWall","Baugrubensicherung Nagelwand"
"10983","IfcWall","Baugrubensicherung Nagelwand"
"10984","IfcWall","Baugrubensicherung Nagelwand"
"10985","IfcWall","Baugrubensicherung Nagelwand"
"10986","IfcWall","Baugrubensicherung Nagelwand"
"10987","IfcWall","Baugrubensicherung Nagelwand"
"10988","IfcWall","Baugrubensicherung Nagelwand"
"10989","IfcWall","Baugrubensicherung Nagelwand"
"10990","IfcWall","Baugrubensicherung Rühlwand auskragend"
"10991","IfcWall","Baugrubensicherung Rühlwand auskragend"
"10992","IfcWall","Baugrubensicherung Rühlwand auskragend"
"10993","IfcWall","Baugrubensicherung Rühlwand auskragend"
"10994","IfcWall","Baugrubensicherung Rühlwand auskragend"
"10995","IfcWall","Baugrubensicherung Rühlwand auskragend"
"10996","IfcWall","Baugrubensicherung Rühlwand auskragend"
"10997","IfcWall","Baugrubensicherung Rühlwand auskragend"
"10998","IfcWall","Baugrubensicherung Rühlwand auskragend"
"10999","IfcWall","Baugrubensicherung Rühlwand auskragend"
"11000","IfcWall","Baugrubensicherung Rühlwand auskragend"
"11001","IfcWall","Baugrubensicherung Rühlwand auskragend"
"11002","IfcWall","Baugrubensicherung Rühlwand auskragend"
"11003","IfcWall","Baugrubensicherung Rühlwand auskragend"
"11004","IfcWall","Baugrubensicherung Rühlwand auskragend"
"11005","IfcWall","Baugrubensicherung Rühlwand auskragend"
"11006","IfcWall","Baugrubensicherung Rühlwand auskragend"
"11007","IfcWall","Baugrubensicherung Rühlwand auskragend"
"11008","IfcWall","Baugrubensicherung Rühlwand auskragend"
"11009","IfcWall","Baugrubensicherung Rühlwand auskragend"
"11010","IfcWall","Baugrubensicherung Rühlwand gespriesst"
"11011","IfcWall","Baugrubensicherung Rühlwand gespriesst"
"11012","IfcWall","Baugrubensicherung Rühlwand gespriesst"
"11013","IfcWall","Baugrubensicherung Rühlwand gespriesst"
"11014","IfcWall","Baugrubensicherung Rühlwand gespriesst"
"11015","IfcWall","Baugrubensicherung Rühlwand gespriesst"
"11016","IfcWall","Baugrubensicherung Rühlwand gespriesst"
"11017","IfcWall","Baugrubensicherung Rühlwand gespriesst"
"11018","IfcWall","Baugrubensicherung Rühlwand gespriesst"
"11019","IfcWall","Baugrubensicherung Rühlwand gespriesst"
"11020","IfcWall","Baugrubensicherung Rühlwand gespriesst"
"11021","IfcWall","Baugrubensicherung Rühlwand gespriesst"
"11022","IfcWall","Baugrubensicherung Rühlwand gespriesst"
"11023","IfcWall","Baugrubensicherung Rühlwand gespriesst"
"11024","IfcWall","Baugrubensicherung Rühlwand gespriesst"
"11025","IfcWall","Baugrubensicherung Rühlwand gespriesst"
"11026","IfcWall","Baugrubensicherung Rühlwand gespriesst"
"11027","IfcWall","Baugrubensicherung Rühlwand gespriesst"
"11028","IfcWall","Baugrubensicherung Rühlwand gespriesst"
"11029","IfcWall","Baugrubensicherung Rühlwand gespriesst"
"11030","IfcWall","Baugrubensicherung Rühlwand verankert"
"11031","IfcWall","Baugrubensicherung Rühlwand verankert"
"11032","IfcWall","Baugrubensicherung Rühlwand verankert"
"11033","IfcWall","Baugrubensicherung Rühlwand verankert"
"11034","IfcWall","Baugrubensicherung Rühlwand verankert"
"11035","IfcWall","Baugrubensicherung Rühlwand verankert"
"11036","IfcWall","Baugrubensicherung Rühlwand verankert"
"11037","IfcWall","Baugrubensicherung Rühlwand verankert"
"11038","IfcWall","Baugrubensicherung Rühlwand verankert"
"11039","IfcWall","Baugrubensicherung Rühlwand verankert"
"11040","IfcWall","Baugrubensicherung Rühlwand verankert"
"11041","IfcWall","Baugrubensicherung Rühlwand verankert"
"11042","IfcWall","Baugrubensicherung Rühlwand verankert"
"11043","IfcWall","Baugrubensicherung Rühlwand verankert"
"11044","IfcWall","Baugrubensicherung Rühlwand verankert"
"11045","IfcWall","Baugrubensicherung Rühlwand verankert"
"11046","IfcWall","Baugrubensicherung Rühlwand verankert"
"11047","IfcWall","Baugrubensicherung Rühlwand verankert"
"11048","IfcWall","Baugrubensicherung Rühlwand verankert"
"11049","IfcWall","Baugrubensicherung Rühlwand verankert"
"11050","IfcWall","Baugrubensicherung Schlitzwand 400"
"11051","IfcWall","Baugrubensicherung Schlitzwand 400"
"11052","IfcWall","Baugrubensicherung Schlitzwand 400"
"11053","IfcWall","Baugrubensicherung Schlitzwand 400"
"11054","IfcWall","Baugrubensicherung Schlitzwand 400"
"11055","IfcWall","Baugrubensicherung Schlitzwand 400"
"11056","IfcWall","Baugrubensicherung Schlitzwand 400"
"11057","IfcWall","Baugrubensicherung Schlitzwand 400"
"11058","IfcWall","Baugrubensicherung Schlitzwand 400"
"11059","IfcWall","Baugrubensicherung Schlitzwand 400"
"11060","IfcWall","Baugrubensicherung Schlitzwand 400"
"11061","IfcWall","Baugrubensicherung Schlitzwand 400"
"11062","IfcWall","Baugrubensicherung Schlitzwand 400"
"11063","IfcWall","Baugrubensicherung Schlitzwand 400"
"11064","IfcWall","Baugrubensicherung Schlitzwand 400"
"11065","IfcWall","Baugrubensicherung Schlitzwand 400"
"11066","IfcWall","Baugrubensicherung Schlitzwand 400"
"11067","IfcWall","Baugrubensicherung Schlitzwand 400"
"11068","IfcWall","Baugrubensicherung Schlitzwand 400"
"11069","IfcWall","Baugrubensicherung Schlitzwand 400"
"11070","IfcWall","Baugrubensicherung Schlitzwand 800"
"11071","IfcWall","Baugrubensicherung Schlitzwand 800"
"11072","IfcWall","Baugrubensicherung Schlitzwand 800"
"11073","IfcWall","Baugrubensicherung Schlitzwand 800"
"11074","IfcWall","Baugrubensicherung Schlitzwand 800"
"11075","IfcWall","Baugrubensicherung Schlitzwand 800"
"11076","IfcWall","Baugrubensicherung Schlitzwand 800"
"11077","IfcWall","Baugrubensicherung Schlitzwand 800"
"11078","IfcWall","Baugrubensicherung Schlitzwand 800"
"11079","IfcWall","Baugrubensicherung Schlitzwand 800"
"11080","IfcWall","Baugrubensicherung Schlitzwand 800"
"11081","IfcWall","Baugrubensicherung Schlitzwand 800"
"11082","IfcWall","Baugrubensicherung Schlitzwand 800"
"11083","IfcWall","Baugrubensicherung Schlitzwand 800"
"11084","IfcWall","Baugrubensicherung Schlitzwand 800"
"11085","IfcWall","Baugrubensicherung Schlitzwand 800"
"11086","IfcWall","Baugrubensicherung Schlitzwand 800"
"11087","IfcWall","Baugrubensicherung Schlitzwand 800"
"11088","IfcWall","Baugrubensicherung Schlitzwand 800"
"11089","IfcWall","Baugrubensicherung Schlitzwand 800"
"11090","IfcWall","Baugrubensicherung Bohrpfahlwand gespriesst"
"11091","IfcWall","Baugrubensicherung Bohrpfahlwand unverankert"
"11092","IfcWall","Baugrubensicherung Bohrpfahlwand verankert"
"11093","IfcWall","Baugrubensicherung Nagelwand"
"11094","IfcWall","Baugrubensicherung Rühlwand auskragend"
"11095","IfcWall","Baugrubensicherung Rühlwand gespriesst"
"11096","IfcWall","Baugrubensicherung Rühlwand verankert"
"11097","IfcWall","Baugrubensicherung Schlitzwand 400"
"11098","IfcWall","Baugrubensicherung Schlitzwand 800"
"11099","IfcWall","Baugrubensicherung Spundwand auskragend"
"11100","IfcWall","Baugrubensicherung Spundwand gespriesst"
"11101","IfcWall","Baugrubensicherung Spundwand verankert"
"11102","IfcWall","Stahlblech blank"
"11102","IfcWall","Stahlprofil blank"
"11103","IfcWall","Stahlblech blank"
"11103","IfcWall","Stahlprofil blank"
"11104","IfcWall","Stahlblech blank"
"11104","IfcWall","Stahlprofil blank"
"11105","IfcWall","Stahlblech blank"
"11105","IfcWall","Stahlprofil blank"
"11106","IfcWall","Stahlblech blank"
"11106","IfcWall","Stahlprofil blank"
"11107","IfcWall","Stahlblech blank"
"11107","IfcWall","Stahlprofil blank"
"11108","IfcWall","Stahlblech blank"
"11108","IfcWall","Stahlprofil blank"
"11109","IfcWall","Stahlblech blank"
"11109","IfcWall","Stahlprofil blank"
"11110","IfcWall","Baugrubensicherung Spundwand auskragend"
"11111","IfcWall","Baugrubensicherung Spundwand auskragend"
"11112","IfcWall","Baugrubensicherung Spundwand auskragend"
"11113","IfcWall","Baugrubensicherung Spundwand auskragend"
"11114","IfcWall","Baugrubensicherung Spundwand auskragend"
"11115","IfcWall","Baugrubensicherung Spundwand auskragend"
"11116","IfcWall","Baugrubensicherung Spundwand auskragend"
"11117","IfcWall","Baugrubensicherung Spundwand auskragend"
"11118","IfcWall","Baugrubensicherung Spundwand gespriesst"
"11119","IfcWall","Baugrubensicherung Spundwand gespriesst"
"11120","IfcWall","Baugrubensicherung Spundwand gespriesst"
"11121","IfcWall","Baugrubensicherung Spundwand gespriesst"
"11122","IfcWall","Baugrubensicherung Spundwand gespriesst"
"11123","IfcWall","Baugrubensicherung Spundwand gespriesst"
"11124","IfcWall","Baugrubensicherung Spundwand gespriesst"
"11125","IfcWall","Baugrubensicherung Spundwand gespriesst"
"11126","IfcWall","Baugrubensicherung Spundwand verankert"
"11127","IfcWall","Baugrubensicherung Spundwand verankert"
"11128","IfcWall","Baugrubensicherung Spundwand verankert"
"11129","IfcWall","Baugrubensicherung Spundwand verankert"
"11130","IfcWall","Baugrubensicherung Spundwand verankert"
"11131","IfcWall","Baugrubensicherung Spundwand verankert"
"11132","IfcWall","Baugrubensicherung Spundwand verankert"
"11133","IfcWall","Baugrubensicherung Spundwand verankert"
"11134","IfcWall","Tiefbaubeton"
"11134","IfcWall","Betonfertigteil normalfest"
"11134","IfcWall","Betonfertigteil hochfest"
"11135","IfcWall","Betonfertigteil normalfest"
"11135","IfcWall","Betonfertigteil hochfest"
"11136","IfcWall","Tiefbaubeton"
"11137","IfcWall","Tiefbaubeton"
"11138","IfcWall","Betonfertigteil normalfest"
"11138","IfcWall","Betonfertigteil hochfest"
"11139","IfcWall","Tiefbaubeton"
"11139","IfcWall","Betonfertigteil normalfest"
"11140","IfcWall","Tiefbaubeton"
"11141","IfcWall","Betonfertigteil normalfest"
"11142","IfcWall","Tiefbaubeton"
"11142","IfcWall","Betonfertigteil normalfest"
"11143","IfcWall","Betonfertigteil normalfest"
"11144","IfcWall","Tiefbaubeton"
"11145","IfcWall","Tiefbaubeton"
"11145","IfcWall","Betonfertigteil normalfest"
"11146","IfcWall","Betonfertigteil normalfest"
"11147","IfcWall","Tiefbaubeton"
"11148","IfcWall","Tiefbaubeton"
"11148","IfcWall","Betonfertigteil hochfest"
"11149","IfcWall","Betonfertigteil hochfest"
"11150","IfcWall","Tiefbaubeton"
"11151","IfcWall","Tiefbaubeton"
"11151","IfcWall","Betonfertigteil hochfest"
"11152","IfcWall","Betonfertigteil hochfest"
"11153","IfcWall","Tiefbaubeton"
"11154","IfcWall","Baugrubensicherung Bohrpfahlwand gespriesst"
"11155","IfcWall","Baugrubensicherung Bohrpfahlwand gespriesst"
"11156","IfcWall","Baugrubensicherung Bohrpfahlwand gespriesst"
"11157","IfcWall","Baugrubensicherung Bohrpfahlwand gespriesst"
"11158","IfcWall","Baugrubensicherung Bohrpfahlwand gespriesst"
"11159","IfcWall","Baugrubensicherung Bohrpfahlwand gespriesst"
"11160","IfcWall","Baugrubensicherung Bohrpfahlwand gespriesst"
"11161","IfcWall","Baugrubensicherung Bohrpfahlwand gespriesst"
"11162","IfcWall","Baugrubensicherung Bohrpfahlwand gespriesst"
"11163","IfcWall","Baugrubensicherung Bohrpfahlwand gespriesst"
"11164","IfcWall","Baugrubensicherung Bohrpfahlwand gespriesst"
"11165","IfcWall","Baugrubensicherung Bohrpfahlwand gespriesst"
"11166","IfcWall","Baugrubensicherung Bohrpfahlwand gespriesst"
"11167","IfcWall","Baugrubensicherung Bohrpfahlwand gespriesst"
"11168","IfcWall","Baugrubensicherung Bohrpfahlwand gespriesst"
"11169","IfcWall","Baugrubensicherung Bohrpfahlwand gespriesst"
"11170","IfcWall","Baugrubensicherung Bohrpfahlwand gespriesst"
"11171","IfcWall","Baugrubensicherung Bohrpfahlwand gespriesst"
"11172","IfcWall","Baugrubensicherung Bohrpfahlwand gespriesst"
"11173","IfcWall","Baugrubensicherung Bohrpfahlwand gespriesst"
"11174","IfcWall","Baugrubensicherung Bohrpfahlwand unverankert"
"11175","IfcWall","Baugrubensicherung Bohrpfahlwand unverankert"
"11176","IfcWall","Baugrubensicherung Bohrpfahlwand unverankert"
"11177","IfcWall","Baugrubensicherung Bohrpfahlwand unverankert"
"11178","IfcWall","Baugrubensicherung Bohrpfahlwand unverankert"
"11179","IfcWall","Baugrubensicherung Bohrpfahlwand unverankert"
"11180","IfcWall","Baugrubensicherung Bohrpfahlwand unverankert"
"11181","IfcWall","Baugrubensicherung Bohrpfahlwand unverankert"
"11182","IfcWall","Baugrubensicherung Bohrpfahlwand unverankert"
"11183","IfcWall","Baugrubensicherung Bohrpfahlwand unverankert"
"11184","IfcWall","Baugrubensicherung Bohrpfahlwand unverankert"
"11185","IfcWall","Baugrubensicherung Bohrpfahlwand unverankert"
"11186","IfcWall","Baugrubensicherung Bohrpfahlwand unverankert"
"11187","IfcWall","Baugrubensicherung Bohrpfahlwand unverankert"
"11188","IfcWall","Baugrubensicherung Bohrpfahlwand unverankert"
"11189","IfcWall","Baugrubensicherung Bohrpfahlwand unverankert"
"11190","IfcWall","Baugrubensicherung Bohrpfahlwand unverankert"
"11191","IfcWall","Baugrubensicherung Bohrpfahlwand unverankert"
"11192","IfcWall","Baugrubensicherung Bohrpfahlwand unverankert"
"11193","IfcWall","Baugrubensicherung Bohrpfahlwand unverankert"
"11194","IfcWall","Baugrubensicherung Bohrpfahlwand verankert"
"11195","IfcWall","Baugrubensicherung Bohrpfahlwand verankert"
"11196","IfcWall","Baugrubensicherung Bohrpfahlwand verankert"
"11197","IfcWall","Baugrubensicherung Bohrpfahlwand verankert"
"11198","IfcWall","Baugrubensicherung Bohrpfahlwand verankert"
"11199","IfcWall","Baugrubensicherung Bohrpfahlwand verankert"
"11200","IfcWall","Baugrubensicherung Bohrpfahlwand verankert"
"11201","IfcWall","Baugrubensicherung Bohrpfahlwand verankert"
"11202","IfcWall","Baugrubensicherung Bohrpfahlwand verankert"
"11203","IfcWall","Baugrubensicherung Bohrpfahlwand verankert"
"11204","IfcWall","Baugrubensicherung Bohrpfahlwand verankert"
"11205","IfcWall","Baugrubensicherung Bohrpfahlwand verankert"
"11206","IfcWall","Baugrubensicherung Bohrpfahlwand verankert"
"11207","IfcWall","Baugrubensicherung Bohrpfahlwand verankert"
"11208","IfcWall","Baugrubensicherung Bohrpfahlwand verankert"
"11209","IfcWall","Baugrubensicherung Bohrpfahlwand verankert"
"11210","IfcWall","Baugrubensicherung Bohrpfahlwand verankert"
"11211","IfcWall","Baugrubensicherung Bohrpfahlwand verankert"
"11212","IfcWall","Baugrubensicherung Bohrpfahlwand verankert"
"11213","IfcWall","Baugrubensicherung Bohrpfahlwand verankert"
"11214","IfcWall","Tiefbaubeton"
"11215","IfcWall","Betonfertigteil hochfest"
"11216","IfcWall","Tiefbaubeton"
"11217","IfcWall","Betonfertigteil hochfest"
"11218","IfcWall","Tiefbaubeton"
"11219","IfcWall","Baugrubensicherung Bohrpfahlwand gespriesst"
"11220","IfcWall","Baugrubensicherung Bohrpfahlwand unverankert"
"11221","IfcWall","Baugrubensicherung Bohrpfahlwand verankert"
"11222","IfcWall","Baugrubensicherung Nagelwand"
"11223","IfcWall","Baugrubensicherung Rühlwand auskragend"
"11224","IfcWall","Baugrubensicherung Rühlwand gespriesst"
"11225","IfcWall","Baugrubensicherung Rühlwand verankert"
"11226","IfcWall","Baugrubensicherung Schlitzwand 400"
"11227","IfcWall","Baugrubensicherung Schlitzwand 800"
"11228","IfcWall","Tiefbaubeton"
"11229","IfcWall","Tiefbaubeton"
"11230","IfcWall","Tiefbaubeton"
"11231","IfcWall","Tiefbaubeton"
"11232","IfcWall","Baugrubensicherung Bohrpfahlwand gespriesst"
"11233","IfcWall","Baugrubensicherung Bohrpfahlwand unverankert"
"11234","IfcWall","Baugrubensicherung Bohrpfahlwand verankert"
"11235","IfcWall","Baugrubensicherung Nagelwand"
"11236","IfcWall","Baugrubensicherung Rühlwand auskragend"
"11237","IfcWall","Baugrubensicherung Rühlwand gespriesst"
"11238","IfcWall","Baugrubensicherung Rühlwand verankert"
"11239","IfcWall","Baugrubensicherung Schlitzwand 400"
"11240","IfcWall","Baugrubensicherung Schlitzwand 800"
"11241","IfcWall","Tiefbaubeton"
"11242","IfcWall","Betonfertigteil normalfest"
"11243","IfcWall","Betonfertigteil normalfest"
"11244","IfcWall","Baugrubensicherung Bohrpfahlwand gespriesst"
"11245","IfcWall","Baugrubensicherung Bohrpfahlwand unverankert"
"11246","IfcWall","Baugrubensicherung Bohrpfahlwand verankert"
"11247","IfcWall","Baugrubensicherung Nagelwand"
"11248","IfcWall","Baugrubensicherung Rühlwand auskragend"
"11249","IfcWall","Baugrubensicherung Rühlwand gespriesst"
"11250","IfcWall","Baugrubensicherung Rühlwand verankert"
"11251","IfcWall","Baugrubensicherung Schlitzwand 400"
"11252","IfcWall","Baugrubensicherung Schlitzwand 800"
"11253","IfcWall","Tiefbaubeton"
"11254","IfcWall","Betonfertigteil normalfest"
"11255","IfcWall","Baugrubensicherung Bohrpfahlwand gespriesst"
"11256","IfcWall","Baugrubensicherung Bohrpfahlwand unverankert"
"11257","IfcWall","Baugrubensicherung Bohrpfahlwand verankert"
"11258","IfcWall","Baugrubensicherung Nagelwand"
"11259","IfcWall","Baugrubensicherung Rühlwand auskragend"
"11260","IfcWall","Baugrubensicherung Rühlwand gespriesst"
"11261","IfcWall","Baugrubensicherung Rühlwand verankert"
"11262","IfcWall","Baugrubensicherung Schlitzwand 400"
"11263","IfcWall","Baugrubensicherung Schlitzwand 800"
"11264","IfcWall","Baugrubensicherung Nagelwand"
"11265","IfcWall","Baugrubensicherung Nagelwand"
"11266","IfcWall","Baugrubensicherung Nagelwand"
"11267","IfcWall","Baugrubensicherung Nagelwand"
"11268","IfcWall","Baugrubensicherung Nagelwand"
"11269","IfcWall","Baugrubensicherung Nagelwand"
"11270","IfcWall","Baugrubensicherung Nagelwand"
"11271","IfcWall","Baugrubensicherung Nagelwand"
"11272","IfcWall","Baugrubensicherung Nagelwand"
"11273","IfcWall","Baugrubensicherung Nagelwand"
"11274","IfcWall","Baugrubensicherung Nagelwand"
"11275","IfcWall","Baugrubensicherung Nagelwand"
"11276","IfcWall","Baugrubensicherung Nagelwand"
"11277","IfcWall","Baugrubensicherung Nagelwand"
"11278","IfcWall","Baugrubensicherung Nagelwand"
"11279","IfcWall","Baugrubensicherung Nagelwand"
"11280","IfcWall","Baugrubensicherung Nagelwand"
"11281","IfcWall","Baugrubensicherung Nagelwand"
"11282","IfcWall","Baugrubensicherung Nagelwand"
"11283","IfcWall","Baugrubensicherung Nagelwand"
"11284","IfcWall","Baugrubensicherung Rühlwand auskragend"
"11285","IfcWall","Baugrubensicherung Rühlwand auskragend"
"11286","IfcWall","Baugrubensicherung Rühlwand auskragend"
"11287","IfcWall","Baugrubensicherung Rühlwand auskragend"
"11288","IfcWall","Baugrubensicherung Rühlwand auskragend"
"11289","IfcWall","Baugrubensicherung Rühlwand auskragend"
"11290","IfcWall","Baugrubensicherung Rühlwand auskragend"
"11291","IfcWall","Baugrubensicherung Rühlwand auskragend"
"11292","IfcWall","Baugrubensicherung Rühlwand auskragend"
"11293","IfcWall","Baugrubensicherung Rühlwand auskragend"
"11294","IfcWall","Baugrubensicherung Rühlwand auskragend"
"11295","IfcWall","Baugrubensicherung Rühlwand auskragend"
"11296","IfcWall","Baugrubensicherung Rühlwand auskragend"
"11297","IfcWall","Baugrubensicherung Rühlwand auskragend"
"11298","IfcWall","Baugrubensicherung Rühlwand auskragend"
"11299","IfcWall","Baugrubensicherung Rühlwand auskragend"
"11300","IfcWall","Baugrubensicherung Rühlwand auskragend"
"11301","IfcWall","Baugrubensicherung Rühlwand auskragend"
"11302","IfcWall","Baugrubensicherung Rühlwand auskragend"
"11303","IfcWall","Baugrubensicherung Rühlwand auskragend"
"11304","IfcWall","Baugrubensicherung Rühlwand gespriesst"
"11305","IfcWall","Baugrubensicherung Rühlwand gespriesst"
"11306","IfcWall","Baugrubensicherung Rühlwand gespriesst"
"11307","IfcWall","Baugrubensicherung Rühlwand gespriesst"
"11308","IfcWall","Baugrubensicherung Rühlwand gespriesst"
"11309","IfcWall","Baugrubensicherung Rühlwand gespriesst"
"11310","IfcWall","Baugrubensicherung Rühlwand gespriesst"
"11311","IfcWall","Baugrubensicherung Rühlwand gespriesst"
"11312","IfcWall","Baugrubensicherung Rühlwand gespriesst"
"11313","IfcWall","Baugrubensicherung Rühlwand gespriesst"
"11314","IfcWall","Baugrubensicherung Rühlwand gespriesst"
"11315","IfcWall","Baugrubensicherung Rühlwand gespriesst"
"11316","IfcWall","Baugrubensicherung Rühlwand gespriesst"
"11317","IfcWall","Baugrubensicherung Rühlwand gespriesst"
"11318","IfcWall","Baugrubensicherung Rühlwand gespriesst"
"11319","IfcWall","Baugrubensicherung Rühlwand gespriesst"
"11320","IfcWall","Baugrubensicherung Rühlwand gespriesst"
"11321","IfcWall","Baugrubensicherung Rühlwand gespriesst"
"11322","IfcWall","Baugrubensicherung Rühlwand gespriesst"
"11323","IfcWall","Baugrubensicherung Rühlwand gespriesst"
"11324","IfcWall","Baugrubensicherung Rühlwand verankert"
"11325","IfcWall","Baugrubensicherung Rühlwand verankert"
"11326","IfcWall","Baugrubensicherung Rühlwand verankert"
"11327","IfcWall","Baugrubensicherung Rühlwand verankert"
"11328","IfcWall","Baugrubensicherung Rühlwand verankert"
"11329","IfcWall","Baugrubensicherung Rühlwand verankert"
"11330","IfcWall","Baugrubensicherung Rühlwand verankert"
"11331","IfcWall","Baugrubensicherung Rühlwand verankert"
"11332","IfcWall","Baugrubensicherung Rühlwand verankert"
"11333","IfcWall","Baugrubensicherung Rühlwand verankert"
"11334","IfcWall","Baugrubensicherung Rühlwand verankert"
"11335","IfcWall","Baugrubensicherung Rühlwand verankert"
"11336","IfcWall","Baugrubensicherung Rühlwand verankert"
"11337","IfcWall","Baugrubensicherung Rühlwand verankert"
"11338","IfcWall","Baugrubensicherung Rühlwand verankert"
"11339","IfcWall","Baugrubensicherung Rühlwand verankert"
"11340","IfcWall","Baugrubensicherung Rühlwand verankert"
"11341","IfcWall","Baugrubensicherung Rühlwand verankert"
"11342","IfcWall","Baugrubensicherung Rühlwand verankert"
"11343","IfcWall","Baugrubensicherung Rühlwand verankert"
"11344","IfcWall","Baugrubensicherung Schlitzwand 400"
"11345","IfcWall","Baugrubensicherung Schlitzwand 400"
"11346","IfcWall","Baugrubensicherung Schlitzwand 400"
"11347","IfcWall","Baugrubensicherung Schlitzwand 400"
"11348","IfcWall","Baugrubensicherung Schlitzwand 400"
"11349","IfcWall","Baugrubensicherung Schlitzwand 400"
"11350","IfcWall","Baugrubensicherung Schlitzwand 400"
"11351","IfcWall","Baugrubensicherung Schlitzwand 400"
"11352","IfcWall","Baugrubensicherung Schlitzwand 400"
"11353","IfcWall","Baugrubensicherung Schlitzwand 400"
"11354","IfcWall","Baugrubensicherung Schlitzwand 400"
"11355","IfcWall","Baugrubensicherung Schlitzwand 400"
"11356","IfcWall","Baugrubensicherung Schlitzwand 400"
"11357","IfcWall","Baugrubensicherung Schlitzwand 400"
"11358","IfcWall","Baugrubensicherung Schlitzwand 400"
"11359","IfcWall","Baugrubensicherung Schlitzwand 400"
"11360","IfcWall","Baugrubensicherung Schlitzwand 400"
"11361","IfcWall","Baugrubensicherung Schlitzwand 400"
"11362","IfcWall","Baugrubensicherung Schlitzwand 400"
"11363","IfcWall","Baugrubensicherung Schlitzwand 400"
"11364","IfcWall","Baugrubensicherung Schlitzwand 800"
"11365","IfcWall","Baugrubensicherung Schlitzwand 800"
"11366","IfcWall","Baugrubensicherung Schlitzwand 800"
"11367","IfcWall","Baugrubensicherung Schlitzwand 800"
"11368","IfcWall","Baugrubensicherung Schlitzwand 800"
"11369","IfcWall","Baugrubensicherung Schlitzwand 800"
"11370","IfcWall","Baugrubensicherung Schlitzwand 800"
"11371","IfcWall","Baugrubensicherung Schlitzwand 800"
"11372","IfcWall","Baugrubensicherung Schlitzwand 800"
"11373","IfcWall","Baugrubensicherung Schlitzwand 800"
"11374","IfcWall","Baugrubensicherung Schlitzwand 800"
"11375","IfcWall","Baugrubensicherung Schlitzwand 800"
"11376","IfcWall","Baugrubensicherung Schlitzwand 800"
"11377","IfcWall","Baugrubensicherung Schlitzwand 800"
"11378","IfcWall","Baugrubensicherung Schlitzwand 800"
"11379","IfcWall","Baugrubensicherung Schlitzwand 800"
"11380","IfcWall","Baugrubensicherung Schlitzwand 800"
"11381","IfcWall","Baugrubensicherung Schlitzwand 800"
"11382","IfcWall","Baugrubensicherung Schlitzwand 800"
"11383","IfcWall","Baugrubensicherung Schlitzwand 800"
